SIGNAL,REF,ATTACK,CLASS,SCORE,REF_NUM_POINTS,TEST_NUM_POINTS,TIME_TAKEN_SECONDS,PEAK_RAM_USAGE_GiB,FV_Cubemap_0,FV_Cubemap_1,FV_Cubemap_2,FV_Cubemap_3,FV_Cubemap_4,FV_Cubemap_5
tmc13_amphoriskos_vox10_dec_geom01_text01_octree-predlift.ply,amphoriskos_vox10.ply,OCTREE_PRED_LIFT,1,1.0,814474,34293,203.0547218322754,5.116847991943359,0.2163267880678177,0.33231911063194275,0.1907942146062851,0.2633868157863617,0.14017216861248016,0.13013526797294617
tmc13_amphoriskos_vox10_dec_geom02_text02_octree-predlift.ply,amphoriskos_vox10.ply,OCTREE_PRED_LIFT,1,1.5,814474,128106,176.9172968864441,5.194801330566406,0.22658179700374603,0.3325701951980591,0.19354812800884247,0.27175065875053406,0.17518697679042816,0.168669193983078
tmc13_amphoriskos_vox10_dec_geom03_text03_octree-predlift.ply,amphoriskos_vox10.ply,OCTREE_PRED_LIFT,1,2.9,814474,421899,201.98868608474731,4.275005340576172,0.24667970836162567,0.3178863525390625,0.19901669025421143,0.26374945044517517,0.21677368879318237,0.1721135526895523
tmc13_amphoriskos_vox10_dec_geom04_text04_octree-predlift.ply,amphoriskos_vox10.ply,OCTREE_PRED_LIFT,1,4.375,814474,644895,203.25321555137634,3.4989547729492188,0.2593540549278259,0.28793659806251526,0.19583666324615479,0.27031436562538147,0.2180023342370987,0.19175030291080475
tmc13_amphoriskos_vox10_dec_geom05_text05_octree-predlift.ply,amphoriskos_vox10.ply,OCTREE_PRED_LIFT,1,4.6,814474,737106,223.73994874954224,3.8440208435058594,0.30382201075553894,0.2972646653652191,0.22908411920070648,0.28805285692214966,0.2522467076778412,0.14909212291240692
tmc13_amphoriskos_vox10_dec_geom06_text06_octree-predlift.ply,amphoriskos_vox10.ply,OCTREE_PRED_LIFT,1,4.75,814474,777461,204.42865419387817,4.2344207763671875,0.29965686798095703,0.30540499091148376,0.32107245922088623,0.36287498474121094,0.26993799209594727,0.15611663460731506
tmc13_amphoriskos_vox10_dec_geom01_text01_octree-raht.ply,amphoriskos_vox10.ply,OCTREE_RAHT,2,1.0,814474,34293,247.97265243530273,3.6709671020507812,0.22430585324764252,0.33248841762542725,0.19107742607593536,0.2638252377510071,0.13547055423259735,0.1281813383102417
tmc13_amphoriskos_vox10_dec_geom02_text02_octree-raht.ply,amphoriskos_vox10.ply,OCTREE_RAHT,2,1.075,814474,128106,168.44900512695312,2.84844970703125,0.22678637504577637,0.3263753354549408,0.19262276589870453,0.27052614092826843,0.1933387964963913,0.15700019896030426
tmc13_amphoriskos_vox10_dec_geom03_text03_octree-raht.ply,amphoriskos_vox10.ply,OCTREE_RAHT,2,2.025,814474,421899,203.2934651374817,2.9587936401367188,0.22387070953845978,0.32085999846458435,0.19501608610153198,0.2700064182281494,0.16600249707698822,0.14991562068462372
tmc13_amphoriskos_vox10_dec_geom04_text04_octree-raht.ply,amphoriskos_vox10.ply,OCTREE_RAHT,2,3.7,814474,644895,207.66691851615906,2.5084609985351562,0.23383814096450806,0.33332204818725586,0.19733493030071259,0.26949989795684814,0.2332802563905716,0.18339702486991882
tmc13_amphoriskos_vox10_dec_geom05_text05_octree-raht.ply,amphoriskos_vox10.ply,OCTREE_RAHT,2,4.475,814474,737106,206.8060405254364,2.3625717163085938,0.27332785725593567,0.3004985451698303,0.2321556657552719,0.28118953108787537,0.17376601696014404,0.19368474185466766
tmc13_amphoriskos_vox10_dec_geom06_text06_octree-raht.ply,amphoriskos_vox10.ply,OCTREE_RAHT,2,4.85,814474,777461,185.03511691093445,2.4829978942871094,0.2598112225532532,0.4160275161266327,0.31391504406929016,0.2855033278465271,0.27501198649406433,0.24415163695812225
tmc13_amphoriskos_vox10_dec_geom01_text01_trisoup-predlift.ply,amphoriskos_vox10.ply,TRISOUP_PREDLIFT,3,1.25,814474,1234577,140.74994945526123,1.3268394470214844,0.1731293648481369,0.1589764505624771,0.21140626072883606,0.19359923899173737,0.178206205368042,0.1873687505722046
tmc13_amphoriskos_vox10_dec_geom02_text02_trisoup-predlift.ply,amphoriskos_vox10.ply,TRISOUP_PREDLIFT,3,2.3,814474,1299596,153.6992630958557,1.5462608337402344,0.16745267808437347,0.1525527834892273,0.20585113763809204,0.1891024112701416,0.1751907467842102,0.1781226247549057
tmc13_amphoriskos_vox10_dec_geom03_text03_trisoup-predlift.ply,amphoriskos_vox10.ply,TRISOUP_PREDLIFT,3,2.675,814474,1299596,151.72706174850464,1.4855232238769531,0.15993066132068634,0.14651186764240265,0.202666237950325,0.18540719151496887,0.1756022870540619,0.18224689364433289
tmc13_amphoriskos_vox10_dec_geom04_text04_trisoup-predlift.ply,amphoriskos_vox10.ply,TRISOUP_PREDLIFT,3,2.725,814474,1299596,152.30133318901062,1.6483612060546875,0.15978647768497467,0.1450345516204834,0.19913743436336517,0.18075232207775116,0.17828193306922913,0.1809781789779663
tmc13_amphoriskos_vox10_dec_geom05_text05_trisoup-predlift.ply,amphoriskos_vox10.ply,TRISOUP_PREDLIFT,3,3.1,814474,1451194,153.9790985584259,1.3408050537109375,0.1576601266860962,0.1414002627134323,0.1928141713142395,0.17840804159641266,0.17921745777130127,0.18026456236839294
tmc13_amphoriskos_vox10_dec_geom06_text06_trisoup-predlift.ply,amphoriskos_vox10.ply,TRISOUP_PREDLIFT,3,4.9,814474,814474,195.86066818237305,2.4278335571289062,0.328052282333374,0.375853955745697,0.4174405634403229,0.4488711953163147,0.22312742471694946,0.295372873544693
tmc13_amphoriskos_vox10_dec_geom01_text01_trisoup-raht.ply,amphoriskos_vox10.ply,TRISOUP_RAHT,4,1.025,814474,1234577,163.13037276268005,1.3919792175292969,0.17538894712924957,0.1597939282655716,0.21568416059017181,0.19652588665485382,0.16477203369140625,0.17090585827827454
tmc13_amphoriskos_vox10_dec_geom02_text02_trisoup-raht.ply,amphoriskos_vox10.ply,TRISOUP_RAHT,4,1.625,814474,1299596,190.49763298034668,1.7178192138671875,0.16372531652450562,0.15171530842781067,0.2025051712989807,0.18742386996746063,0.17309598624706268,0.17639926075935364
tmc13_amphoriskos_vox10_dec_geom03_text03_trisoup-raht.ply,amphoriskos_vox10.ply,TRISOUP_RAHT,4,2.05,814474,1299596,160.87661170959473,1.5026168823242188,0.15905071794986725,0.1470305472612381,0.20329056680202484,0.18130894005298615,0.17787019908428192,0.18060238659381866
tmc13_amphoriskos_vox10_dec_geom04_text04_trisoup-raht.ply,amphoriskos_vox10.ply,TRISOUP_RAHT,4,2.45,814474,1299596,155.24573373794556,1.2443695068359375,0.16214092075824738,0.14428982138633728,0.20161154866218567,0.182803675532341,0.17361143231391907,0.1775551438331604
tmc13_amphoriskos_vox10_dec_geom05_text05_trisoup-raht.ply,amphoriskos_vox10.ply,TRISOUP_RAHT,4,3.1,814474,1451194,152.4242227077484,1.3487815856933594,0.1583690643310547,0.13900819420814514,0.19112291932106018,0.18058541417121887,0.1762920320034027,0.18219827115535736
tmc13_amphoriskos_vox10_dec_geom06_text06_trisoup-raht.ply,amphoriskos_vox10.ply,TRISOUP_RAHT,4,4.725,814474,814474,183.51423287391663,1.3749275207519531,0.32974427938461304,0.6913279294967651,0.43754327297210693,0.5459350943565369,0.26398831605911255,0.2732563614845276
tmc2_amphoriskos_vox10_dec_geom01_text01.ply,amphoriskos_vox10.ply,TEXT,5,2.5,814474,1328117,174.3998761177063,1.5949058532714844,0.15669243037700653,0.1424921452999115,0.2011154145002365,0.1848994940519333,0.17452016472816467,0.17760436236858368
tmc2_amphoriskos_vox10_dec_geom02_text02.ply,amphoriskos_vox10.ply,TEXT,5,3.475,814474,1318165,139.31345343589783,1.1971893310546875,0.15730246901512146,0.14138497412204742,0.20013487339019775,0.18159759044647217,0.17658072710037231,0.1787700206041336
tmc2_amphoriskos_vox10_dec_geom03_text03.ply,amphoriskos_vox10.ply,TEXT,5,3.6,814474,1315489,154.3147497177124,1.4125785827636719,0.15716537833213806,0.1425582766532898,0.19894658029079437,0.1783236563205719,0.17908896505832672,0.1794920265674591
tmc2_amphoriskos_vox10_dec_geom04_text04.ply,amphoriskos_vox10.ply,TEXT,5,4.5,814474,1398123,159.5107705593109,1.2901382446289062,0.15843911468982697,0.1440424919128418,0.19752056896686554,0.18104538321495056,0.17726702988147736,0.17772656679153442
tmc2_amphoriskos_vox10_dec_geom05_text05.ply,amphoriskos_vox10.ply,TEXT,5,4.475,814474,1365634,155.53723740577698,1.5966987609863281,0.15845194458961487,0.14336898922920227,0.19814017415046692,0.1796322464942932,0.17724649608135223,0.17971312999725342
tmc13_biplane_vox10_dec_geom01_text01_octree-predlift.ply,biplane_vox10.ply,OCTREE_PRED_LIFT,1,1.0,1181016,14468,77.73969197273254,0.9983177185058594,0.1869579255580902,0.11926058679819107,0.1624487042427063,0.17537431418895721,0.10275179892778397,0.1588975340127945
tmc13_biplane_vox10_dec_geom02_text02_octree-predlift.ply,biplane_vox10.ply,OCTREE_PRED_LIFT,1,1.1,1181016,64888,74.0072546005249,1.1089744567871094,0.1869579255580902,0.11926058679819107,0.1624487042427063,0.17537431418895721,0.1019379273056984,0.15868842601776123
tmc13_biplane_vox10_dec_geom03_text03_octree-predlift.ply,biplane_vox10.ply,OCTREE_PRED_LIFT,1,1.975,1181016,282456,79.18320393562317,1.3063468933105469,0.1869579255580902,0.11926058679819107,0.1624487042427063,0.17537431418895721,0.10593151301145554,0.15929484367370605
tmc13_biplane_vox10_dec_geom04_text04_octree-predlift.ply,biplane_vox10.ply,OCTREE_PRED_LIFT,1,3.8,1181016,648397,72.18964791297913,1.2695121765136719,0.19295914471149445,0.1250840574502945,0.16888470947742462,0.1819012314081192,0.11258921027183533,0.17383500933647156
tmc13_biplane_vox10_dec_geom05_text05_octree-predlift.ply,biplane_vox10.ply,OCTREE_PRED_LIFT,1,4.575,1181016,892401,120.22483897209167,1.1662979125976562,0.2675022482872009,0.19047772884368896,0.2164819836616516,0.2273307889699936,0.19522778689861298,0.2929503321647644
tmc13_biplane_vox10_dec_geom06_text06_octree-predlift.ply,biplane_vox10.ply,OCTREE_PRED_LIFT,1,4.775,1181016,1031351,88.15447211265564,1.2429046630859375,0.32629328966140747,0.24950933456420898,0.3228302299976349,0.3218899071216583,0.3556358218193054,0.40218180418014526
tmc13_biplane_vox10_dec_geom01_text01_octree-raht.ply,biplane_vox10.ply,OCTREE_RAHT,2,1.0,1181016,14468,80.06442999839783,1.041259765625,0.1869579255580902,0.11926058679819107,0.1624487042427063,0.17537431418895721,0.10197606682777405,0.15868842601776123
tmc13_biplane_vox10_dec_geom02_text02_octree-raht.ply,biplane_vox10.ply,OCTREE_RAHT,2,1.05,1181016,64888,78.61975049972534,1.0686874389648438,0.1869579255580902,0.11926058679819107,0.1624487042427063,0.17537431418895721,0.10204753279685974,0.1589205265045166
tmc13_biplane_vox10_dec_geom03_text03_octree-raht.ply,biplane_vox10.ply,OCTREE_RAHT,2,2.05,1181016,282456,82.86135721206665,1.1994438171386719,0.1869579255580902,0.11926058679819107,0.1624487042427063,0.17537431418895721,0.10193517059087753,0.15868842601776123
tmc13_biplane_vox10_dec_geom04_text04_octree-raht.ply,biplane_vox10.ply,OCTREE_RAHT,2,3.925,1181016,648397,80.85394096374512,1.551605224609375,0.1930863857269287,0.12368075549602509,0.1688372641801834,0.18185506761074066,0.11245636641979218,0.1733437478542328
tmc13_biplane_vox10_dec_geom05_text05_octree-raht.ply,biplane_vox10.ply,OCTREE_RAHT,2,4.55,1181016,892401,82.43131470680237,1.2009658813476562,0.2676236629486084,0.19069890677928925,0.21928207576274872,0.22730907797813416,0.19818459451198578,0.30051103234291077
tmc13_biplane_vox10_dec_geom06_text06_octree-raht.ply,biplane_vox10.ply,OCTREE_RAHT,2,4.75,1181016,1031351,86.74158525466919,1.1963233947753906,0.3260709345340729,0.26499131321907043,0.33743804693222046,0.31063321232795715,0.3483855724334717,0.40492528676986694
tmc13_biplane_vox10_dec_geom01_text01_trisoup-predlift.ply,biplane_vox10.ply,TRISOUP_PREDLIFT,3,1.1,1181016,539974,81.85417246818542,1.2077560424804688,0.3417443037033081,0.2956945300102234,0.38551655411720276,0.3547421395778656,0.3149677515029907,0.37000396847724915
tmc13_biplane_vox10_dec_geom02_text02_trisoup-predlift.ply,biplane_vox10.ply,TRISOUP_PREDLIFT,3,1.9,1181016,745357,85.22289967536926,1.6842079162597656,0.43443402647972107,0.38545647263526917,0.4502575695514679,0.43795427680015564,0.40760335326194763,0.4141666889190674
tmc13_biplane_vox10_dec_geom03_text03_trisoup-predlift.ply,biplane_vox10.ply,TRISOUP_PREDLIFT,3,2.35,1181016,745357,82.80129289627075,1.6720695495605469,0.4251917004585266,0.36621782183647156,0.453084796667099,0.4140184223651886,0.41579365730285645,0.42818060517311096
tmc13_biplane_vox10_dec_geom04_text04_trisoup-predlift.ply,biplane_vox10.ply,TRISOUP_PREDLIFT,3,2.225,1181016,745357,90.94038891792297,1.1657485961914062,0.4496411383152008,0.3815521001815796,0.4507591724395752,0.43277081847190857,0.4004964828491211,0.43886828422546387
tmc13_biplane_vox10_dec_geom05_text05_trisoup-predlift.ply,biplane_vox10.ply,TRISOUP_PREDLIFT,3,3.125,1181016,962077,93.28119730949402,1.4110908508300781,0.5158021450042725,0.4483739137649536,0.5146158337593079,0.539368212223053,0.48975083231925964,0.51297527551651
tmc13_biplane_vox10_dec_geom06_text06_trisoup-predlift.ply,biplane_vox10.ply,TRISOUP_PREDLIFT,3,4.925,1181016,1181016,73.44693613052368,1.1569175720214844,0.4786674976348877,0.491741806268692,0.6010109186172485,0.5506060123443604,0.4942958354949951,0.6489077806472778
tmc13_biplane_vox10_dec_geom01_text01_trisoup-raht.ply,biplane_vox10.ply,TRISOUP_RAHT,4,1.025,1181016,539974,82.50380825996399,1.2564010620117188,0.34083834290504456,0.2914009392261505,0.3940456509590149,0.3413999080657959,0.29957830905914307,0.342855840921402
tmc13_biplane_vox10_dec_geom02_text02_trisoup-raht.ply,biplane_vox10.ply,TRISOUP_RAHT,4,1.55,1181016,745357,74.68507385253906,1.7583045959472656,0.43075865507125854,0.3730573058128357,0.42471936345100403,0.3943787217140198,0.39066100120544434,0.4139830470085144
tmc13_biplane_vox10_dec_geom03_text03_trisoup-raht.ply,biplane_vox10.ply,TRISOUP_RAHT,4,2.15,1181016,745357,76.2582004070282,1.3853912353515625,0.4323728382587433,0.394882470369339,0.4419943690299988,0.392280250787735,0.3798114061355591,0.43317681550979614
tmc13_biplane_vox10_dec_geom04_text04_trisoup-raht.ply,biplane_vox10.ply,TRISOUP_RAHT,4,2.1,1181016,745357,78.05772757530212,1.4610977172851562,0.4366380274295807,0.3648190498352051,0.4298919439315796,0.4580135643482208,0.3970870077610016,0.43220055103302
tmc13_biplane_vox10_dec_geom05_text05_trisoup-raht.ply,biplane_vox10.ply,TRISOUP_RAHT,4,4.15,1181016,962077,81.33548474311829,0.96868896484375,0.47125935554504395,0.439638614654541,0.5012503266334534,0.4888860285282135,0.4523276090621948,0.5109145641326904
tmc13_biplane_vox10_dec_geom06_text06_trisoup-raht.ply,biplane_vox10.ply,TRISOUP_RAHT,4,4.975,1181016,1181016,83.62571406364441,1.2327346801757812,0.5276456475257874,0.5329195857048035,0.599082887172699,0.4893835186958313,0.6199666857719421,0.6441529989242554
tmc2_biplane_vox10_dec_geom01_text01.ply,biplane_vox10.ply,TEXT,5,2.0,1181016,1001175,86.03200364112854,1.7705307006835938,0.4510871171951294,0.38669824600219727,0.4811089038848877,0.47335273027420044,0.4409290552139282,0.4543423354625702
tmc2_biplane_vox10_dec_geom02_text02.ply,biplane_vox10.ply,TEXT,5,3.5,1181016,1022893,73.87635064125061,1.2456817626953125,0.4440043866634369,0.40978196263313293,0.4790782928466797,0.4585197865962982,0.509061336517334,0.5070022344589233
tmc2_biplane_vox10_dec_geom03_text03.ply,biplane_vox10.ply,TEXT,5,3.0,1181016,1048188,69.6494972705841,1.2534751892089844,0.4520854353904724,0.38788503408432007,0.5120819211006165,0.5220366716384888,0.4502202868461609,0.5316077470779419
tmc2_biplane_vox10_dec_geom04_text04.ply,biplane_vox10.ply,TEXT,5,3.5,1181016,1053197,73.66100716590881,1.203887939453125,0.47544941306114197,0.40461137890815735,0.5362197756767273,0.4722084701061249,0.44129887223243713,0.5370216965675354
tmc2_biplane_vox10_dec_geom05_text05.ply,biplane_vox10.ply,TEXT,5,4.725,1181016,965628,75.96763896942139,1.7592430114746094,0.5019679069519043,0.3647763729095459,0.5263349413871765,0.536364734172821,0.5045281648635864,0.5635486245155334
tmc13_head_00039_vox9_dec_geom01_text01_octree-predlift.ply,head_00039_vox9.ply,OCTREE_PRED_LIFT,1,1.0,938112,60906,77.2270073890686,1.5433921813964844,0.20925748348236084,0.21612262725830078,0.23912681639194489,0.22367385029792786,0.25874218344688416,0.25730395317077637
tmc13_head_00039_vox9_dec_geom02_text02_octree-predlift.ply,head_00039_vox9.ply,OCTREE_PRED_LIFT,1,1.125,938112,240309,82.59802746772766,1.1320915222167969,0.2093895971775055,0.22337420284748077,0.23912681639194489,0.22367385029792786,0.26276475191116333,0.25730395317077637
tmc13_head_00039_vox9_dec_geom03_text03_octree-predlift.ply,head_00039_vox9.ply,OCTREE_PRED_LIFT,1,1.8,938112,531727,83.31952404975891,1.1668014526367188,0.22289863228797913,0.227722629904747,0.24482078850269318,0.230591282248497,0.25851938128471375,0.2678719460964203
tmc13_head_00039_vox9_dec_geom04_text04_octree-predlift.ply,head_00039_vox9.ply,OCTREE_PRED_LIFT,1,3.6,938112,720289,84.98140501976013,1.1700477600097656,0.2953808009624481,0.30017954111099243,0.28150245547294617,0.2690993547439575,0.2392665445804596,0.3247533142566681
tmc13_head_00039_vox9_dec_geom05_text05_octree-predlift.ply,head_00039_vox9.ply,OCTREE_PRED_LIFT,1,4.45,938112,825465,95.1747374534607,1.5833511352539062,0.3993602991104126,0.34795093536376953,0.2899148762226105,0.2717345058917999,0.31368693709373474,0.3624730408191681
tmc13_head_00039_vox9_dec_geom06_text06_octree-predlift.ply,head_00039_vox9.ply,OCTREE_PRED_LIFT,1,4.6,938112,880451,95.56620240211487,1.2610397338867188,0.4751714766025543,0.5001909136772156,0.3461425304412842,0.3330463171005249,0.41661161184310913,0.5594777464866638
tmc13_head_00039_vox9_dec_geom01_text01_octree-raht.ply,head_00039_vox9.ply,OCTREE_RAHT,2,1.0,938112,60906,86.58294653892517,1.885650634765625,0.20925748348236084,0.21612262725830078,0.23912681639194489,0.22367385029792786,0.25874218344688416,0.25730395317077637
tmc13_head_00039_vox9_dec_geom02_text02_octree-raht.ply,head_00039_vox9.ply,OCTREE_RAHT,2,1.0,938112,240309,81.54003596305847,1.5308456420898438,0.22749368846416473,0.22749823331832886,0.23912681639194489,0.22367385029792786,0.2665371000766754,0.25730395317077637
tmc13_head_00039_vox9_dec_geom03_text03_octree-raht.ply,head_00039_vox9.ply,OCTREE_RAHT,2,1.575,938112,531727,83.25775003433228,1.2918281555175781,0.22292621433734894,0.22795370221138,0.2454267293214798,0.23130182921886444,0.25853973627090454,0.26969432830810547
tmc13_head_00039_vox9_dec_geom04_text04_octree-raht.ply,head_00039_vox9.ply,OCTREE_RAHT,2,3.15,938112,720289,89.61304187774658,1.2044334411621094,0.2850745618343353,0.2933494746685028,0.28317973017692566,0.26851075887680054,0.23922094702720642,0.32365167140960693
tmc13_head_00039_vox9_dec_geom05_text05_octree-raht.ply,head_00039_vox9.ply,OCTREE_RAHT,2,4.875,938112,825465,91.59883284568787,1.2945556640625,0.39019128680229187,0.3787771165370941,0.28748658299446106,0.27318164706230164,0.3145824372768402,0.3489782214164734
tmc13_head_00039_vox9_dec_geom06_text06_octree-raht.ply,head_00039_vox9.ply,OCTREE_RAHT,2,4.85,938112,880451,91.26331543922424,1.2800216674804688,0.500203549861908,0.4951271712779999,0.33342280983924866,0.32322272658348083,0.4162016808986664,0.5086197853088379
tmc13_head_00039_vox9_dec_geom01_text01_trisoup-predlift.ply,head_00039_vox9.ply,TRISOUP_PREDLIFT,3,1.025,938112,482811,91.88515424728394,1.3668365478515625,0.4750974178314209,0.45400017499923706,0.40536925196647644,0.38299381732940674,0.4230406880378723,0.4677191972732544
tmc13_head_00039_vox9_dec_geom02_text02_trisoup-predlift.ply,head_00039_vox9.ply,TRISOUP_PREDLIFT,3,1.175,938112,544797,94.56326794624329,2.2239036560058594,0.5015984773635864,0.49352866411209106,0.45338743925094604,0.41486260294914246,0.4567689895629883,0.5279009342193604
tmc13_head_00039_vox9_dec_geom03_text03_trisoup-predlift.ply,head_00039_vox9.ply,TRISOUP_PREDLIFT,3,1.75,938112,544797,86.74151825904846,1.1642875671386719,0.496355801820755,0.516751766204834,0.44628921151161194,0.4017047584056854,0.44639432430267334,0.5191295146942139
tmc13_head_00039_vox9_dec_geom04_text04_trisoup-predlift.ply,head_00039_vox9.ply,TRISOUP_PREDLIFT,3,2.425,938112,544797,93.38664770126343,1.2161865234375,0.515866756439209,0.5153628587722778,0.4474603235721588,0.41572776436805725,0.46480369567871094,0.5417237877845764
tmc13_head_00039_vox9_dec_geom05_text05_trisoup-predlift.ply,head_00039_vox9.ply,TRISOUP_PREDLIFT,3,4.05,938112,686386,86.98007202148438,2.792491912841797,0.5699030160903931,0.5460090637207031,0.49144014716148376,0.4459106922149658,0.49824780225753784,0.5781521201133728
tmc13_head_00039_vox9_dec_geom06_text06_trisoup-predlift.ply,head_00039_vox9.ply,TRISOUP_PREDLIFT,3,4.9,938112,938112,88.85407328605652,1.2222061157226562,0.6865536570549011,0.5901352167129517,0.5790496468544006,0.5498610734939575,0.5667653679847717,0.6451392769813538
tmc13_head_00039_vox9_dec_geom01_text01_trisoup-raht.ply,head_00039_vox9.ply,TRISOUP_RAHT,4,1.0,938112,482811,91.5064947605133,1.1563034057617188,0.3975129723548889,0.4109484553337097,0.3818047046661377,0.3583001494407654,0.39403995871543884,0.4242686629295349
tmc13_head_00039_vox9_dec_geom02_text02_trisoup-raht.ply,head_00039_vox9.ply,TRISOUP_RAHT,4,1.1,938112,544797,96.50601148605347,1.2513008117675781,0.48432719707489014,0.48105084896087646,0.42932555079460144,0.3834907114505768,0.4344113767147064,0.5032121539115906
tmc13_head_00039_vox9_dec_geom03_text03_trisoup-raht.ply,head_00039_vox9.ply,TRISOUP_RAHT,4,1.375,938112,544797,89.39157795906067,1.5783805847167969,0.49925604462623596,0.4992935061454773,0.44205746054649353,0.42203718423843384,0.4671998620033264,0.5273719429969788
tmc13_head_00039_vox9_dec_geom04_text04_trisoup-raht.ply,head_00039_vox9.ply,TRISOUP_RAHT,4,3.1,938112,544797,96.18456268310547,1.1847305297851562,0.5290067195892334,0.5130156874656677,0.4389283061027527,0.4120470881462097,0.47484734654426575,0.5370740294456482
tmc13_head_00039_vox9_dec_geom05_text05_trisoup-raht.ply,head_00039_vox9.ply,TRISOUP_RAHT,4,3.9,938112,686386,104.87439441680908,1.1930351257324219,0.5809399485588074,0.5297645926475525,0.5037152767181396,0.4743632972240448,0.4743046760559082,0.5718721747398376
tmc13_head_00039_vox9_dec_geom06_text06_trisoup-raht.ply,head_00039_vox9.ply,TRISOUP_RAHT,4,4.95,938112,938112,90.68867683410645,3.5048789978027344,0.6364545822143555,0.6412309408187866,0.5569906830787659,0.543094277381897,0.637062668800354,0.6382721066474915
tmc2_head_00039_vox9_dec_geom01_text01.ply,head_00039_vox9.ply,TEXT,5,1.2,938112,866569,88.14365434646606,2.3807334899902344,0.5417289137840271,0.4925827085971832,0.4005602300167084,0.3819602131843567,0.5027803778648376,0.5579500794410706
tmc2_head_00039_vox9_dec_geom02_text02.ply,head_00039_vox9.ply,TEXT,5,1.875,938112,915244,79.52510142326355,1.4644203186035156,0.5653073787689209,0.5177221894264221,0.43810930848121643,0.40274178981781006,0.5219897627830505,0.5854278206825256
tmc2_head_00039_vox9_dec_geom03_text03.ply,head_00039_vox9.ply,TEXT,5,2.9,938112,920963,94.31781530380249,3.3654861450195312,0.5840787887573242,0.5149780511856079,0.4576842188835144,0.4041033387184143,0.5229998826980591,0.5793243050575256
tmc2_head_00039_vox9_dec_geom04_text04.ply,head_00039_vox9.ply,TEXT,5,3.775,938112,911572,89.06314420700073,1.0882987976074219,0.5903799533843994,0.5337047576904297,0.4558354616165161,0.3967897593975067,0.5463505387306213,0.5900955200195312
tmc2_head_00039_vox9_dec_geom05_text05.ply,head_00039_vox9.ply,TEXT,5,4.55,938112,854088,86.88893103599548,1.5891304016113281,0.6146460771560669,0.5464895367622375,0.4524872601032257,0.449771910905838,0.5921894311904907,0.6535627245903015
tmc13_longdress_vox10_1300_dec_geom01_text01_octree-predlift.ply,longdress_vox10_1300.ply,OCTREE_PRED_LIFT,1,1.0,857966,15685,91.00064301490784,1.2051277160644531,0.1957649439573288,0.18504618108272552,0.32963401079177856,0.2509095072746277,0.1590050905942917,0.15975087881088257
tmc13_longdress_vox10_1300_dec_geom02_text02_octree-predlift.ply,longdress_vox10_1300.ply,OCTREE_PRED_LIFT,1,1.0,857966,62123,107.32137036323547,3.1761436462402344,0.1957649439573288,0.18504618108272552,0.32963401079177856,0.2509095072746277,0.1585627645254135,0.16024667024612427
tmc13_longdress_vox10_1300_dec_geom03_text03_octree-predlift.ply,longdress_vox10_1300.ply,OCTREE_PRED_LIFT,1,1.425,857966,238492,71.76187252998352,2.1102561950683594,0.1957649439573288,0.18504618108272552,0.32963401079177856,0.2509095072746277,0.15839925408363342,0.1597958207130432
tmc13_longdress_vox10_1300_dec_geom04_text04_octree-predlift.ply,longdress_vox10_1300.ply,OCTREE_PRED_LIFT,1,2.25,857966,509139,88.86442375183105,1.4915122985839844,0.2022649347782135,0.19405807554721832,0.33531513810157776,0.258094847202301,0.1648653745651245,0.17566430568695068
tmc13_longdress_vox10_1300_dec_geom05_text05_octree-predlift.ply,longdress_vox10_1300.ply,OCTREE_PRED_LIFT,1,2.975,857966,674930,84.1825168132782,3.1431617736816406,0.22521185874938965,0.24158580601215363,0.3159507215023041,0.3295362889766693,0.2448050081729889,0.22068072855472565
tmc13_longdress_vox10_1300_dec_geom06_text06_octree-predlift.ply,longdress_vox10_1300.ply,OCTREE_PRED_LIFT,1,4.25,857966,764041,73.1625382900238,1.1355667114257812,0.36083415150642395,0.42434078454971313,0.419208288192749,0.43513816595077515,0.3792547285556793,0.36330446600914
tmc13_longdress_vox10_1300_dec_geom01_text01_octree-raht.ply,longdress_vox10_1300.ply,OCTREE_RAHT,2,1.0,857966,15685,85.83180236816406,1.7237091064453125,0.1957649439573288,0.18504618108272552,0.32963401079177856,0.2509095072746277,0.15937162935733795,0.1599452942609787
tmc13_longdress_vox10_1300_dec_geom02_text02_octree-raht.ply,longdress_vox10_1300.ply,OCTREE_RAHT,2,1.0,857966,62123,95.83449840545654,1.1582679748535156,0.1957649439573288,0.18504618108272552,0.32963401079177856,0.2509095072746277,0.158577561378479,0.16004955768585205
tmc13_longdress_vox10_1300_dec_geom03_text03_octree-raht.ply,longdress_vox10_1300.ply,OCTREE_RAHT,2,1.225,857966,238492,76.3153350353241,3.2114601135253906,0.1957649439573288,0.18504618108272552,0.32963401079177856,0.2509095072746277,0.15839925408363342,0.15975087881088257
tmc13_longdress_vox10_1300_dec_geom04_text04_octree-raht.ply,longdress_vox10_1300.ply,OCTREE_RAHT,2,2.125,857966,509139,95.96416926383972,2.062664031982422,0.20203085243701935,0.1946866661310196,0.3355884850025177,0.2557738423347473,0.17037154734134674,0.17318375408649445
tmc13_longdress_vox10_1300_dec_geom05_text05_octree-raht.ply,longdress_vox10_1300.ply,OCTREE_RAHT,2,2.85,857966,674930,74.47323155403137,1.4503021240234375,0.22624634206295013,0.24185557663440704,0.318356454372406,0.331961452960968,0.23446504771709442,0.24817247688770294
tmc13_longdress_vox10_1300_dec_geom06_text06_octree-raht.ply,longdress_vox10_1300.ply,OCTREE_RAHT,2,3.325,857966,764041,88.99637246131897,1.4047050476074219,0.3201829493045807,0.42611488699913025,0.46211105585098267,0.42339834570884705,0.33005937933921814,0.3702242374420166
tmc13_longdress_vox10_1300_dec_geom01_text01_trisoup-predlift.ply,longdress_vox10_1300.ply,TRISOUP_PREDLIFT,3,1.05,857966,607613,70.05945467948914,1.596466064453125,0.41765734553337097,0.43234115839004517,0.5601799488067627,0.5566559433937073,0.46032828092575073,0.44475215673446655
tmc13_longdress_vox10_1300_dec_geom02_text02_trisoup-predlift.ply,longdress_vox10_1300.ply,TRISOUP_PREDLIFT,3,1.4,857966,642798,73.88894152641296,1.5498847961425781,0.5342106819152832,0.528739333152771,0.5956610441207886,0.6152639985084534,0.43646836280822754,0.5407968759536743
tmc13_longdress_vox10_1300_dec_geom03_text03_trisoup-predlift.ply,longdress_vox10_1300.ply,TRISOUP_PREDLIFT,3,1.575,857966,642798,75.70851397514343,1.1974830627441406,0.4011959731578827,0.5041759014129639,0.6356827020645142,0.6141206622123718,0.5236586928367615,0.5207585096359253
tmc13_longdress_vox10_1300_dec_geom04_text04_trisoup-predlift.ply,longdress_vox10_1300.ply,TRISOUP_PREDLIFT,3,1.8,857966,642798,81.90345478057861,1.2551116943359375,0.5407182574272156,0.5205669403076172,0.5861608982086182,0.6496173739433289,0.5464414954185486,0.5280933380126953
tmc13_longdress_vox10_1300_dec_geom05_text05_trisoup-predlift.ply,longdress_vox10_1300.ply,TRISOUP_PREDLIFT,3,2.925,857966,719478,79.96377182006836,1.2367324829101562,0.4224880337715149,0.5731465220451355,0.581922709941864,0.7243456840515137,0.4989659786224365,0.5948660969734192
tmc13_longdress_vox10_1300_dec_geom06_text06_trisoup-predlift.ply,longdress_vox10_1300.ply,TRISOUP_PREDLIFT,3,4.65,857966,857966,75.95261335372925,1.144866943359375,0.45448946952819824,0.5741008520126343,0.7777723670005798,0.7131282091140747,0.6888960003852844,0.7018356919288635
tmc13_longdress_vox10_1300_dec_geom01_text01_trisoup-raht.ply,longdress_vox10_1300.ply,TRISOUP_RAHT,4,1.0,857966,607613,69.88691878318787,1.1873855590820312,0.3798009157180786,0.40352585911750793,0.5175608992576599,0.5005802512168884,0.39069363474845886,0.3986920714378357
tmc13_longdress_vox10_1300_dec_geom02_text02_trisoup-raht.ply,longdress_vox10_1300.ply,TRISOUP_RAHT,4,1.025,857966,642798,77.96121120452881,2.2341270446777344,0.37990906834602356,0.466467946767807,0.5436035990715027,0.6044045090675354,0.4677939713001251,0.5081485509872437
tmc13_longdress_vox10_1300_dec_geom03_text03_trisoup-raht.ply,longdress_vox10_1300.ply,TRISOUP_RAHT,4,1.2,857966,642798,81.2574360370636,1.9194374084472656,0.5218845009803772,0.5062164664268494,0.6181473731994629,0.6429362297058105,0.4974941313266754,0.5343555808067322
tmc13_longdress_vox10_1300_dec_geom04_text04_trisoup-raht.ply,longdress_vox10_1300.ply,TRISOUP_RAHT,4,1.65,857966,642798,100.30093479156494,1.6415863037109375,0.41539478302001953,0.5223994255065918,0.6339585185050964,0.6318913102149963,0.49973583221435547,0.5488319993019104
tmc13_longdress_vox10_1300_dec_geom05_text05_trisoup-raht.ply,longdress_vox10_1300.ply,TRISOUP_RAHT,4,2.9,857966,719478,84.5277726650238,1.2126045227050781,0.5964817404747009,0.531071662902832,0.5681878328323364,0.7110475301742554,0.5818737149238586,0.6059517860412598
tmc13_longdress_vox10_1300_dec_geom06_text06_trisoup-raht.ply,longdress_vox10_1300.ply,TRISOUP_RAHT,4,3.925,857966,857966,69.30347061157227,2.2903175354003906,0.75011146068573,0.5515416264533997,0.7663408517837524,0.76714688539505,0.6523325443267822,0.7210403680801392
tmc2_longdress_vox10_1300_dec_geom01_text01.ply,longdress_vox10_1300.ply,TEXT,5,1.2,857966,790643,71.13487577438354,1.1788749694824219,0.40628838539123535,0.5970293879508972,0.6370736956596375,0.6125342845916748,0.5323484539985657,0.5297805070877075
tmc2_longdress_vox10_1300_dec_geom02_text02.ply,longdress_vox10_1300.ply,TEXT,5,1.575,857966,849360,68.39786100387573,1.2056694030761719,0.408036470413208,0.6658889651298523,0.6743814945220947,0.6464927792549133,0.6046768426895142,0.5768479108810425
tmc2_longdress_vox10_1300_dec_geom03_text03.ply,longdress_vox10_1300.ply,TEXT,5,3.025,857966,854014,63.970651149749756,1.2578620910644531,0.5236771702766418,0.5551336407661438,0.6512211561203003,0.7151708006858826,0.5849964022636414,0.6099116206169128
tmc2_longdress_vox10_1300_dec_geom04_text04.ply,longdress_vox10_1300.ply,TEXT,5,3.975,857966,883318,64.03604865074158,1.2380714416503906,0.5741974711418152,0.557076632976532,0.7104880809783936,0.7257862687110901,0.6904308795928955,0.614179253578186
tmc2_longdress_vox10_1300_dec_geom05_text05.ply,longdress_vox10_1300.ply,TEXT,5,3.775,857966,849247,65.49374747276306,1.2852783203125,0.4318099021911621,0.559585690498352,0.5742334723472595,0.6439864635467529,0.6056976914405823,0.6036375761032104
tmc13_loot_vox10_1200_dec_geom01_text01_octree-predlift.ply,loot_vox10_1200.ply,OCTREE_PRED_LIFT,1,1.0,805285,14828,66.123370885849,1.5524368286132812,0.25480586290359497,0.25886934995651245,0.33339670300483704,0.3042639195919037,0.2572809159755707,0.2198890596628189
tmc13_loot_vox10_1200_dec_geom02_text02_octree-predlift.ply,loot_vox10_1200.ply,OCTREE_PRED_LIFT,1,1.0,805285,58133,71.58673477172852,1.1649284362792969,0.25480586290359497,0.25886934995651245,0.33339670300483704,0.3042639195919037,0.2572809159755707,0.2198890596628189
tmc13_loot_vox10_1200_dec_geom03_text03_octree-predlift.ply,loot_vox10_1200.ply,OCTREE_PRED_LIFT,1,1.475,805285,222706,78.82934975624084,1.2102813720703125,0.25480586290359497,0.25886934995651245,0.33339670300483704,0.3042639195919037,0.2572809159755707,0.2198890596628189
tmc13_loot_vox10_1200_dec_geom04_text04_octree-predlift.ply,loot_vox10_1200.ply,OCTREE_PRED_LIFT,1,2.725,805285,476836,78.86968898773193,3.0320892333984375,0.25613394379615784,0.26108619570732117,0.3324320316314697,0.30730611085891724,0.25603562593460083,0.22333872318267822
tmc13_loot_vox10_1200_dec_geom05_text05_octree-predlift.ply,loot_vox10_1200.ply,OCTREE_PRED_LIFT,1,3.475,805285,632549,91.56856417655945,2.476055145263672,0.20431837439537048,0.2034512460231781,0.23731540143489838,0.29992449283599854,0.19724230468273163,0.20273931324481964
tmc13_loot_vox10_1200_dec_geom06_text06_octree-predlift.ply,loot_vox10_1200.ply,OCTREE_PRED_LIFT,1,4.3,805285,717396,95.93463206291199,1.1208915710449219,0.35673999786376953,0.3393762409687042,0.40489956736564636,0.37124717235565186,0.3053818643093109,0.3426555395126343
tmc13_loot_vox10_1200_dec_geom01_text01_octree-raht.ply,loot_vox10_1200.ply,OCTREE_RAHT,2,1.0,805285,14828,91.99894642829895,2.5674362182617188,0.25480586290359497,0.25886934995651245,0.33339670300483704,0.3042639195919037,0.2573103606700897,0.21997864544391632
tmc13_loot_vox10_1200_dec_geom02_text02_octree-raht.ply,loot_vox10_1200.ply,OCTREE_RAHT,2,1.0,805285,58133,80.83378171920776,2.2592544555664062,0.25480586290359497,0.25886934995651245,0.33339670300483704,0.3042639195919037,0.2574143409729004,0.21996478736400604
tmc13_loot_vox10_1200_dec_geom03_text03_octree-raht.ply,loot_vox10_1200.ply,OCTREE_RAHT,2,1.175,805285,222706,67.26133561134338,1.2497520446777344,0.25480586290359497,0.25886934995651245,0.33339670300483704,0.3042639195919037,0.2572809159755707,0.2198890596628189
tmc13_loot_vox10_1200_dec_geom04_text04_octree-raht.ply,loot_vox10_1200.ply,OCTREE_RAHT,2,2.25,805285,476836,66.97989439964294,1.2298774719238281,0.256991446018219,0.2599835693836212,0.332469642162323,0.30760931968688965,0.25740960240364075,0.22362086176872253
tmc13_loot_vox10_1200_dec_geom05_text05_octree-raht.ply,loot_vox10_1200.ply,OCTREE_RAHT,2,2.75,805285,632549,75.11867666244507,1.3234710693359375,0.20879505574703217,0.20784704387187958,0.23844832181930542,0.30030834674835205,0.19500376284122467,0.2125852108001709
tmc13_loot_vox10_1200_dec_geom06_text06_octree-raht.ply,loot_vox10_1200.ply,OCTREE_RAHT,2,4.175,805285,717396,68.88378548622131,2.811725616455078,0.30350977182388306,0.32426145672798157,0.36881622672080994,0.3763693869113922,0.29253095388412476,0.30932924151420593
tmc13_loot_vox10_1200_dec_geom01_text01_trisoup-predlift.ply,loot_vox10_1200.ply,TRISOUP_PREDLIFT,3,1.025,805285,565258,61.8336455821991,1.2279014587402344,0.4773467183113098,0.4586533010005951,0.399011492729187,0.511134684085846,0.45145711302757263,0.4222625195980072
tmc13_loot_vox10_1200_dec_geom02_text02_trisoup-predlift.ply,loot_vox10_1200.ply,TRISOUP_PREDLIFT,3,1.25,805285,599131,68.74672269821167,1.197845458984375,0.4646022617816925,0.4811958968639374,0.5952723026275635,0.5354748368263245,0.44731903076171875,0.466139554977417
tmc13_loot_vox10_1200_dec_geom03_text03_trisoup-predlift.ply,loot_vox10_1200.ply,TRISOUP_PREDLIFT,3,1.4,805285,599131,70.23819589614868,1.4605331420898438,0.4803093373775482,0.45589879155158997,0.43071249127388,0.5139179825782776,0.4615679681301117,0.4488961100578308
tmc13_loot_vox10_1200_dec_geom04_text04_trisoup-predlift.ply,loot_vox10_1200.ply,TRISOUP_PREDLIFT,3,1.725,805285,599131,71.02731490135193,3.112323760986328,0.43951737880706787,0.4758114218711853,0.5360828638076782,0.5413443446159363,0.4255663752555847,0.502769410610199
tmc13_loot_vox10_1200_dec_geom05_text05_trisoup-predlift.ply,loot_vox10_1200.ply,TRISOUP_PREDLIFT,3,2.675,805285,673881,59.34095287322998,1.4228706359863281,0.552320659160614,0.524712860584259,0.6978915333747864,0.5931013822555542,0.549502968788147,0.5549794435501099
tmc13_loot_vox10_1200_dec_geom06_text06_trisoup-predlift.ply,loot_vox10_1200.ply,TRISOUP_PREDLIFT,3,4.7,805285,805285,61.04092717170715,1.2893791198730469,0.6215819716453552,0.4422604739665985,0.6163946390151978,0.6263030171394348,0.5109186768531799,0.5221565961837769
tmc13_loot_vox10_1200_dec_geom01_text01_trisoup-raht.ply,loot_vox10_1200.ply,TRISOUP_RAHT,4,1.0,805285,565258,61.26771426200867,1.427642822265625,0.411962628364563,0.367106556892395,0.5012208819389343,0.4749949872493744,0.41194286942481995,0.43069761991500854
tmc13_loot_vox10_1200_dec_geom02_text02_trisoup-raht.ply,loot_vox10_1200.ply,TRISOUP_RAHT,4,1.075,805285,599131,68.29733204841614,1.2663459777832031,0.44455763697624207,0.4697883725166321,0.5699595808982849,0.4936409890651703,0.47040456533432007,0.433413028717041
tmc13_loot_vox10_1200_dec_geom03_text03_trisoup-raht.ply,loot_vox10_1200.ply,TRISOUP_RAHT,4,1.075,805285,599131,68.68951272964478,3.948028564453125,0.4803411364555359,0.4409576952457428,0.5384464263916016,0.5194737315177917,0.38132989406585693,0.5243167281150818
tmc13_loot_vox10_1200_dec_geom04_text04_trisoup-raht.ply,loot_vox10_1200.ply,TRISOUP_RAHT,4,1.55,805285,599131,68.06369352340698,2.6514816284179688,0.47133079171180725,0.5217735171318054,0.5582378506660461,0.5301342010498047,0.47862154245376587,0.48758184909820557
tmc13_loot_vox10_1200_dec_geom05_text05_trisoup-raht.ply,loot_vox10_1200.ply,TRISOUP_RAHT,4,2.65,805285,673881,59.63717031478882,1.2144660949707031,0.4555138945579529,0.41527003049850464,0.7270694375038147,0.6075076460838318,0.6388543844223022,0.47426503896713257
tmc13_loot_vox10_1200_dec_geom06_text06_trisoup-raht.ply,loot_vox10_1200.ply,TRISOUP_RAHT,4,4.4,805285,805285,59.90512418746948,1.2754974365234375,0.6729579567909241,0.4459419548511505,0.5219584703445435,0.6080543994903564,0.6345844268798828,0.5312536954879761
tmc2_loot_vox10_1200_dec_geom01_text01.ply,loot_vox10_1200.ply,TEXT,5,1.3,805285,700344,66.57782983779907,1.6279563903808594,0.5019857883453369,0.5331217646598816,0.5583401322364807,0.5445535182952881,0.4621947109699249,0.5800871849060059
tmc2_loot_vox10_1200_dec_geom02_text02.ply,loot_vox10_1200.ply,TEXT,5,1.775,805285,782954,65.14641118049622,1.6868629455566406,0.4330381155014038,0.4349340498447418,0.6481732726097107,0.5364198684692383,0.5373960137367249,0.5197997093200684
tmc2_loot_vox10_1200_dec_geom03_text03.ply,loot_vox10_1200.ply,TEXT,5,2.4,805285,800329,65.27862787246704,1.2119178771972656,0.6170348525047302,0.43209218978881836,0.47509151697158813,0.5154986381530762,0.5260134935379028,0.6677096486091614
tmc2_loot_vox10_1200_dec_geom04_text04.ply,loot_vox10_1200.ply,TEXT,5,3.075,805285,831408,48.915353775024414,1.2808494567871094,0.45234566926956177,0.44007810950279236,0.5055379867553711,0.5976869463920593,0.5457510948181152,0.6430760622024536
tmc2_loot_vox10_1200_dec_geom05_text05.ply,loot_vox10_1200.ply,TEXT,5,3.1,805285,803024,55.415229082107544,1.4767723083496094,0.5740635991096497,0.4301082491874695,0.6625967025756836,0.5729935765266418,0.5668465495109558,0.5145090222358704
tmc13_romanoillamp_vox10_dec_geom01_text01_octree-predlift.ply,romanoillamp_vox10.ply,OCTREE_PRED_LIFT,1,1.0,636127,20356,92.01119351387024,1.3317298889160156,0.3422427475452423,0.3425440192222595,0.3548614978790283,0.3139330744743347,0.25006306171417236,0.3378172814846039
tmc13_romanoillamp_vox10_dec_geom02_text02_octree-predlift.ply,romanoillamp_vox10.ply,OCTREE_PRED_LIFT,1,1.05,636127,76992,104.75365352630615,1.1820144653320312,0.3422427475452423,0.3425440192222595,0.3548614978790283,0.31393808126449585,0.250961035490036,0.33703160285949707
tmc13_romanoillamp_vox10_dec_geom03_text03_octree-predlift.ply,romanoillamp_vox10.ply,OCTREE_PRED_LIFT,1,1.775,636127,270024,99.80169081687927,1.2954673767089844,0.3422427475452423,0.3425440192222595,0.3548614978790283,0.3139330744743347,0.25175222754478455,0.3368404805660248
tmc13_romanoillamp_vox10_dec_geom04_text04_octree-predlift.ply,romanoillamp_vox10.ply,OCTREE_PRED_LIFT,1,2.75,636127,455777,77.72150421142578,2.5689125061035156,0.3444104790687561,0.34571364521980286,0.35785526037216187,0.3165377676486969,0.25572752952575684,0.33965781331062317
tmc13_romanoillamp_vox10_dec_geom05_text05_octree-predlift.ply,romanoillamp_vox10.ply,OCTREE_PRED_LIFT,1,4.45,636127,547676,90.77471923828125,2.1613082885742188,0.3991532325744629,0.40151044726371765,0.3961328864097595,0.3577514886856079,0.2989811897277832,0.2700585424900055
tmc13_romanoillamp_vox10_dec_geom06_text06_octree-predlift.ply,romanoillamp_vox10.ply,OCTREE_PRED_LIFT,1,4.925,636127,593048,88.68500900268555,1.3788223266601562,0.4007604718208313,0.3854198157787323,0.40739768743515015,0.3870309591293335,0.3151039183139801,0.32054898142814636
tmc13_romanoillamp_vox10_dec_geom01_text01_octree-raht.ply,romanoillamp_vox10.ply,OCTREE_RAHT,2,1.0,636127,20356,93.57079744338989,1.4419937133789062,0.3422427475452423,0.3425440192222595,0.3548614978790283,0.3139330744743347,0.2504517138004303,0.3376467227935791
tmc13_romanoillamp_vox10_dec_geom02_text02_octree-raht.ply,romanoillamp_vox10.ply,OCTREE_RAHT,2,1.0,636127,76992,97.21472334861755,3.3390655517578125,0.3422427475452423,0.3425440192222595,0.3548614978790283,0.3139330744743347,0.24958232045173645,0.336872935295105
tmc13_romanoillamp_vox10_dec_geom03_text03_octree-raht.ply,romanoillamp_vox10.ply,OCTREE_RAHT,2,1.475,636127,270024,107.90687656402588,1.8057594299316406,0.3422427475452423,0.3425440192222595,0.3548614978790283,0.3140045404434204,0.2509976923465729,0.33712664246559143
tmc13_romanoillamp_vox10_dec_geom04_text04_octree-raht.ply,romanoillamp_vox10.ply,OCTREE_RAHT,2,2.925,636127,455777,101.62430715560913,1.8217086791992188,0.34461191296577454,0.34597787261009216,0.3585782051086426,0.31642094254493713,0.2625231146812439,0.33970770239830017
tmc13_romanoillamp_vox10_dec_geom05_text05_octree-raht.ply,romanoillamp_vox10.ply,OCTREE_RAHT,2,4.6,636127,547676,110.41385912895203,3.345184326171875,0.3999021351337433,0.40168261528015137,0.40140673518180847,0.35696497559547424,0.2982218563556671,0.3118737041950226
tmc13_romanoillamp_vox10_dec_geom06_text06_octree-raht.ply,romanoillamp_vox10.ply,OCTREE_RAHT,2,4.65,636127,593048,91.11795425415039,2.035869598388672,0.39958587288856506,0.38356757164001465,0.40113329887390137,0.38843753933906555,0.2908906042575836,0.3224625587463379
tmc13_romanoillamp_vox10_dec_geom01_text01_trisoup-predlift.ply,romanoillamp_vox10.ply,TRISOUP_PREDLIFT,3,1.075,636127,807367,92.42988419532776,1.6245994567871094,0.23711416125297546,0.22256219387054443,0.2626778185367584,0.2757231295108795,0.21580937504768372,0.20491138100624084
tmc13_romanoillamp_vox10_dec_geom02_text02_trisoup-predlift.ply,romanoillamp_vox10.ply,TRISOUP_PREDLIFT,3,1.825,636127,827271,96.07781553268433,3.263225555419922,0.2248227745294571,0.21096231043338776,0.2522633969783783,0.2670169174671173,0.2080727368593216,0.19049878418445587
tmc13_romanoillamp_vox10_dec_geom03_text03_trisoup-predlift.ply,romanoillamp_vox10.ply,TRISOUP_PREDLIFT,3,2.475,636127,827271,90.7403883934021,1.86041259765625,0.2189909964799881,0.20541569590568542,0.25515732169151306,0.2635500729084015,0.20341600477695465,0.1861126720905304
tmc13_romanoillamp_vox10_dec_geom04_text04_trisoup-predlift.ply,romanoillamp_vox10.ply,TRISOUP_PREDLIFT,3,3.625,636127,827271,84.45015406608582,1.6579933166503906,0.21499823033809662,0.2033102661371231,0.24986310303211212,0.2627590596675873,0.19803236424922943,0.1816282719373703
tmc13_romanoillamp_vox10_dec_geom05_text05_trisoup-predlift.ply,romanoillamp_vox10.ply,TRISOUP_PREDLIFT,3,4.625,636127,904922,87.6034882068634,2.9110755920410156,0.21470405161380768,0.19896532595157623,0.24211721122264862,0.2621036767959595,0.19731277227401733,0.1785343736410141
tmc13_romanoillamp_vox10_dec_geom06_text06_trisoup-predlift.ply,romanoillamp_vox10.ply,TRISOUP_PREDLIFT,3,4.9,636127,636127,86.64839792251587,1.9613571166992188,0.8834008574485779,0.9433010816574097,0.8833606839179993,0.79764723777771,0.6149987578392029,0.8658148050308228
tmc13_romanoillamp_vox10_dec_geom01_text01_trisoup-raht.ply,romanoillamp_vox10.ply,TRISOUP_RAHT,4,1.0,636127,807367,85.86448764801025,1.6025199890136719,0.23986060917377472,0.22438611090183258,0.26904746890068054,0.27058902382850647,0.21436955034732819,0.20461668074131012
tmc13_romanoillamp_vox10_dec_geom02_text02_trisoup-raht.ply,romanoillamp_vox10.ply,TRISOUP_RAHT,4,1.225,636127,827271,85.94341254234314,1.5375022888183594,0.23111195862293243,0.21014444530010223,0.25696858763694763,0.26660633087158203,0.20966200530529022,0.19418005645275116
tmc13_romanoillamp_vox10_dec_geom03_text03_trisoup-raht.ply,romanoillamp_vox10.ply,TRISOUP_RAHT,4,2.925,636127,827271,83.38822960853577,2.643035888671875,0.22255100309848785,0.2029748558998108,0.2492866814136505,0.26601558923721313,0.20089612901210785,0.1851138025522232
tmc13_romanoillamp_vox10_dec_geom04_text04_trisoup-raht.ply,romanoillamp_vox10.ply,TRISOUP_RAHT,4,4.5,636127,827271,77.57082533836365,1.8564376831054688,0.2156459540128708,0.19652092456817627,0.24334588646888733,0.25947004556655884,0.1961238831281662,0.1776009052991867
tmc13_romanoillamp_vox10_dec_geom05_text05_trisoup-raht.ply,romanoillamp_vox10.ply,TRISOUP_RAHT,4,4.6,636127,904922,77.53759241104126,1.5473785400390625,0.21127472817897797,0.19443383812904358,0.2442745715379715,0.2574769854545593,0.19335617125034332,0.17402620613574982
tmc13_romanoillamp_vox10_dec_geom06_text06_trisoup-raht.ply,romanoillamp_vox10.ply,TRISOUP_RAHT,4,4.7,636127,636127,100.9099588394165,1.5364952087402344,0.871635377407074,0.8720569014549255,0.8389679193496704,0.8573264479637146,0.49002060294151306,0.8172825574874878
tmc2_romanoillamp_vox10_dec_geom01_text01.ply,romanoillamp_vox10.ply,TEXT,5,1.525,636127,850975,76.11718368530273,1.7406005859375,0.22672680020332336,0.2056814432144165,0.25831782817840576,0.2684828042984009,0.20718573033809662,0.190776988863945
tmc2_romanoillamp_vox10_dec_geom02_text02.ply,romanoillamp_vox10.ply,TEXT,5,2.4,636127,844084,78.00003480911255,1.5019378662109375,0.21976500749588013,0.19932198524475098,0.25031784176826477,0.26174396276474,0.20122310519218445,0.1815692037343979
tmc2_romanoillamp_vox10_dec_geom03_text03.ply,romanoillamp_vox10.ply,TEXT,5,2.975,636127,851303,81.73908376693726,1.514984130859375,0.2195012867450714,0.19712713360786438,0.24568401277065277,0.26055842638015747,0.195847287774086,0.1802569180727005
tmc2_romanoillamp_vox10_dec_geom04_text04.ply,romanoillamp_vox10.ply,TEXT,5,4.2,636127,869702,75.9347755908966,1.8652000427246094,0.2122100293636322,0.19817259907722473,0.2400410771369934,0.2588091194629669,0.19331790506839752,0.1770961880683899
tmc2_romanoillamp_vox10_dec_geom05_text05.ply,romanoillamp_vox10.ply,TEXT,5,4.475,636127,877327,77.86365056037903,3.40081787109375,0.21475563943386078,0.19558072090148926,0.24368160963058472,0.258114755153656,0.19634535908699036,0.17476850748062134
tmc13_soldier_vox10_0690_dec_geom01_text01_octree-predlift.ply,soldier_vox10_0690.ply,OCTREE_PRED_LIFT,1,1.0,1089091,20065,85.46815276145935,1.8583869934082031,0.219601571559906,0.21244780719280243,0.2958728075027466,0.2521854043006897,0.21408219635486603,0.2091054767370224
tmc13_soldier_vox10_0690_dec_geom02_text02_octree-predlift.ply,soldier_vox10_0690.ply,OCTREE_PRED_LIFT,1,1.0,1089091,79099,80.99718928337097,1.6019821166992188,0.219601571559906,0.21244780719280243,0.2958728075027466,0.2521854043006897,0.21446405351161957,0.20897218585014343
tmc13_soldier_vox10_0690_dec_geom03_text03_octree-predlift.ply,soldier_vox10_0690.ply,OCTREE_PRED_LIFT,1,1.25,1089091,302674,85.9792160987854,2.7260589599609375,0.21962034702301025,0.21244780719280243,0.2958728075027466,0.2521854043006897,0.21409201622009277,0.20970313251018524
tmc13_soldier_vox10_0690_dec_geom04_text04_octree-predlift.ply,soldier_vox10_0690.ply,OCTREE_PRED_LIFT,1,2.5,1089091,647359,85.98253035545349,2.2807235717773438,0.22720272839069366,0.2200222909450531,0.28813236951828003,0.26165226101875305,0.22201092541217804,0.21919742226600647
tmc13_soldier_vox10_0690_dec_geom05_text05_octree-predlift.ply,soldier_vox10_0690.ply,OCTREE_PRED_LIFT,1,3.45,1089091,856781,74.68957924842834,1.7916336059570312,0.23130223155021667,0.23226860165596008,0.27242445945739746,0.3062506914138794,0.228186696767807,0.23797373473644257
tmc13_soldier_vox10_0690_dec_geom06_text06_octree-predlift.ply,soldier_vox10_0690.ply,OCTREE_PRED_LIFT,1,4.475,1089091,970797,86.41837167739868,0.010517120361328125,0.34763649106025696,0.33516478538513184,0.37531378865242004,0.3595416247844696,0.34992003440856934,0.3640320599079132
tmc13_soldier_vox10_0690_dec_geom01_text01_octree-raht.ply,soldier_vox10_0690.ply,OCTREE_RAHT,2,1.0,1089091,20065,109.48787522315979,1.6329116821289062,0.219601571559906,0.21244780719280243,0.2958728075027466,0.2521854043006897,0.21429598331451416,0.20931656658649445
tmc13_soldier_vox10_0690_dec_geom02_text02_octree-raht.ply,soldier_vox10_0690.ply,OCTREE_RAHT,2,1.0,1089091,79099,79.68913292884827,1.7699394226074219,0.219601571559906,0.21244780719280243,0.2958728075027466,0.2521854043006897,0.21408219635486603,0.20899277925491333
tmc13_soldier_vox10_0690_dec_geom03_text03_octree-raht.ply,soldier_vox10_0690.ply,OCTREE_RAHT,2,1.125,1089091,302674,81.05502223968506,1.6292533874511719,0.219601571559906,0.21246084570884705,0.2958728075027466,0.2521854043006897,0.21408219635486603,0.20888309180736542
tmc13_soldier_vox10_0690_dec_geom04_text04_octree-raht.ply,soldier_vox10_0690.ply,OCTREE_RAHT,2,2.4,1089091,647359,60.96797561645508,1.8540420532226562,0.2277594357728958,0.21918419003486633,0.2882528305053711,0.2617975175380707,0.2220369577407837,0.21859683096408844
tmc13_soldier_vox10_0690_dec_geom05_text05_octree-raht.ply,soldier_vox10_0690.ply,OCTREE_RAHT,2,3.4,1089091,856781,73.26966977119446,1.8111038208007812,0.23124456405639648,0.23127345740795135,0.2825753688812256,0.30801376700401306,0.2222464680671692,0.24005094170570374
tmc13_soldier_vox10_0690_dec_geom06_text06_octree-raht.ply,soldier_vox10_0690.ply,OCTREE_RAHT,2,4.325,1089091,970797,83.31024694442749,1.7141799926757812,0.3305337727069855,0.37368929386138916,0.37628090381622314,0.38642993569374084,0.3084496557712555,0.3015533983707428
tmc13_soldier_vox10_0690_dec_geom01_text01_trisoup-predlift.ply,soldier_vox10_0690.ply,TRISOUP_PREDLIFT,3,1.025,1089091,754051,71.31019830703735,1.6977348327636719,0.46697360277175903,0.44213831424713135,0.4334871172904968,0.5056972503662109,0.41206133365631104,0.4856471121311188
tmc13_soldier_vox10_0690_dec_geom02_text02_trisoup-predlift.ply,soldier_vox10_0690.ply,TRISOUP_PREDLIFT,3,1.575,1089091,800026,76.43284058570862,1.7854080200195312,0.4835984706878662,0.4725719094276428,0.5677352547645569,0.5437154173851013,0.47907787561416626,0.4996010959148407
tmc13_soldier_vox10_0690_dec_geom03_text03_trisoup-predlift.ply,soldier_vox10_0690.ply,TRISOUP_PREDLIFT,3,1.925,1089091,800026,78.94734835624695,1.6043472290039062,0.4977983832359314,0.4754278063774109,0.6310961246490479,0.5700194239616394,0.44887685775756836,0.5000733137130737
tmc13_soldier_vox10_0690_dec_geom04_text04_trisoup-predlift.ply,soldier_vox10_0690.ply,TRISOUP_PREDLIFT,3,2.475,1089091,800026,72.30781769752502,1.5365180969238281,0.5701159238815308,0.4645712077617645,0.6071687340736389,0.6100193858146667,0.4994603991508484,0.5126785635948181
tmc13_soldier_vox10_0690_dec_geom05_text05_trisoup-predlift.ply,soldier_vox10_0690.ply,TRISOUP_PREDLIFT,3,3.45,1089091,907062,69.40473103523254,1.5527420043945312,0.5388509631156921,0.5778974890708923,0.5965368747711182,0.6097968220710754,0.46339404582977295,0.5897804498672485
tmc13_soldier_vox10_0690_dec_geom06_text06_trisoup-predlift.ply,soldier_vox10_0690.ply,TRISOUP_PREDLIFT,3,4.875,1089091,1089091,59.84251856803894,1.7302207946777344,0.6838934421539307,0.6766825318336487,0.6736692786216736,0.6065521240234375,0.6798450946807861,0.8854801654815674
tmc13_soldier_vox10_0690_dec_geom01_text01_trisoup-raht.ply,soldier_vox10_0690.ply,TRISOUP_RAHT,4,1.0,1089091,754051,62.30371975898743,1.5723114013671875,0.4011440873146057,0.3697666823863983,0.41628122329711914,0.4576237201690674,0.4034590721130371,0.4153233468532562
tmc13_soldier_vox10_0690_dec_geom02_text02_trisoup-raht.ply,soldier_vox10_0690.ply,TRISOUP_RAHT,4,1.125,1089091,800026,70.8028974533081,1.6111793518066406,0.46365562081336975,0.4415695071220398,0.4509929120540619,0.5138975977897644,0.4578058421611786,0.45251035690307617
tmc13_soldier_vox10_0690_dec_geom03_text03_trisoup-raht.ply,soldier_vox10_0690.ply,TRISOUP_RAHT,4,1.225,1089091,800026,63.848434925079346,2.221088409423828,0.5307568907737732,0.5065155625343323,0.60932856798172,0.5457256436347961,0.4376510679721832,0.4969843924045563
tmc13_soldier_vox10_0690_dec_geom04_text04_trisoup-raht.ply,soldier_vox10_0690.ply,TRISOUP_RAHT,4,1.775,1089091,800026,59.619614124298096,1.4326133728027344,0.49617382884025574,0.5232863426208496,0.5648898482322693,0.5477296113967896,0.5058084726333618,0.46488702297210693
tmc13_soldier_vox10_0690_dec_geom05_text05_trisoup-raht.ply,soldier_vox10_0690.ply,TRISOUP_RAHT,4,3.55,1089091,907062,72.18425703048706,1.5883979797363281,0.5324689745903015,0.5460912585258484,0.6831316947937012,0.5828220844268799,0.48789870738983154,0.5751513242721558
tmc13_soldier_vox10_0690_dec_geom06_text06_trisoup-raht.ply,soldier_vox10_0690.ply,TRISOUP_RAHT,4,4.225,1089091,1089091,57.42228150367737,1.4958076477050781,0.6894716620445251,0.6876474022865295,0.6569764018058777,0.627949595451355,0.674958348274231,0.7463182806968689
tmc2_soldier_vox10_0690_dec_geom01_text01.ply,soldier_vox10_0690.ply,TEXT,5,1.275,1089091,968262,67.21800327301025,1.5946197509765625,0.5443049669265747,0.5326937437057495,0.5484294891357422,0.5377236604690552,0.6040453910827637,0.5383287072181702
tmc2_soldier_vox10_0690_dec_geom02_text02.ply,soldier_vox10_0690.ply,TEXT,5,2.15,1089091,1073246,65.77502083778381,1.6188735961914062,0.6329526305198669,0.5817126631736755,0.6168939471244812,0.5743685960769653,0.47862672805786133,0.6310750246047974
tmc2_soldier_vox10_0690_dec_geom03_text03.ply,soldier_vox10_0690.ply,TEXT,5,2.425,1089091,1089834,47.83705472946167,1.544708251953125,0.6442120671272278,0.6285182237625122,0.5979219675064087,0.5883611440658569,0.6836609840393066,0.7360730171203613
tmc2_soldier_vox10_0690_dec_geom04_text04.ply,soldier_vox10_0690.ply,TEXT,5,4.025,1089091,1142036,72.7965099811554,1.6262550354003906,0.6763247847557068,0.7018951773643494,0.6095901727676392,0.5970335006713867,0.70847088098526,0.6336223483085632
tmc2_soldier_vox10_0690_dec_geom05_text05.ply,soldier_vox10_0690.ply,TEXT,5,3.625,1089091,1085730,62.711936473846436,1.6093635559082031,0.5989660024642944,0.6131504774093628,0.6230276226997375,0.6333907842636108,0.5790908336639404,0.6876018643379211
tmc13_the20smaria_00600_vox10_dec_geom01_text01_octree-predlift.ply,the20smaria_00600_vox10.ply,OCTREE_PRED_LIFT,1,1.0,1553937,21738,81.7193021774292,1.5626564025878906,0.18414203822612762,0.2027038037776947,0.16355258226394653,0.2000744789838791,0.22661034762859344,0.21204498410224915
tmc13_the20smaria_00600_vox10_dec_geom02_text02_octree-predlift.ply,the20smaria_00600_vox10.ply,OCTREE_PRED_LIFT,1,1.05,1553937,90634,73.6706051826477,1.6356544494628906,0.2044510394334793,0.2095237672328949,0.16355258226394653,0.2000744789838791,0.22661034762859344,0.21204498410224915
tmc13_the20smaria_00600_vox10_dec_geom03_text03_octree-predlift.ply,the20smaria_00600_vox10.ply,OCTREE_PRED_LIFT,1,1.5,1553937,380644,61.79224610328674,1.6768951416015625,0.18414203822612762,0.2103874534368515,0.16371791064739227,0.2000744789838791,0.22661034762859344,0.21204498410224915
tmc13_the20smaria_00600_vox10_dec_geom04_text04_octree-predlift.ply,the20smaria_00600_vox10.ply,OCTREE_PRED_LIFT,1,2.75,1553937,866326,89.1874361038208,1.744384765625,0.1894637644290924,0.20370525121688843,0.17054131627082825,0.2013990730047226,0.2302548736333847,0.21856731176376343
tmc13_the20smaria_00600_vox10_dec_geom05_text05_octree-predlift.ply,the20smaria_00600_vox10.ply,OCTREE_PRED_LIFT,1,3.95,1553937,1185268,75.25564622879028,1.7657279968261719,0.21905532479286194,0.24207280576229095,0.22101683914661407,0.19947145879268646,0.259622722864151,0.2370454967021942
tmc13_the20smaria_00600_vox10_dec_geom06_text06_octree-predlift.ply,the20smaria_00600_vox10.ply,OCTREE_PRED_LIFT,1,4.65,1553937,1364947,90.45638465881348,1.768402099609375,0.2749459147453308,0.3691152334213257,0.3175429701805115,0.3115614354610443,0.3651925027370453,0.34065887331962585
tmc13_the20smaria_00600_vox10_dec_geom01_text01_octree-raht.ply,the20smaria_00600_vox10.ply,OCTREE_RAHT,2,1.0,1553937,21738,85.3156189918518,1.700439453125,0.18414203822612762,0.19380508363246918,0.16355258226394653,0.2000744789838791,0.22661034762859344,0.21204498410224915
tmc13_the20smaria_00600_vox10_dec_geom02_text02_octree-raht.ply,the20smaria_00600_vox10.ply,OCTREE_RAHT,2,1.0,1553937,90634,81.67752361297607,1.6424179077148438,0.1959126591682434,0.2057533860206604,0.16355258226394653,0.2000744789838791,0.22661034762859344,0.21204498410224915
tmc13_the20smaria_00600_vox10_dec_geom03_text03_octree-raht.ply,the20smaria_00600_vox10.ply,OCTREE_RAHT,2,1.275,1553937,380644,85.55770683288574,1.6819381713867188,0.18414203822612762,0.21710757911205292,0.16356411576271057,0.20013058185577393,0.22661034762859344,0.21204498410224915
tmc13_the20smaria_00600_vox10_dec_geom04_text04_octree-raht.ply,the20smaria_00600_vox10.ply,OCTREE_RAHT,2,2.5,1553937,866326,75.88114094734192,1.7552490234375,0.18981067836284637,0.19852395355701447,0.17098824679851532,0.19993530213832855,0.23036228120326996,0.21705259382724762
tmc13_the20smaria_00600_vox10_dec_geom05_text05_octree-raht.ply,the20smaria_00600_vox10.ply,OCTREE_RAHT,2,3.725,1553937,1185268,87.77508068084717,1.754180908203125,0.21335498988628387,0.2389216125011444,0.22174911201000214,0.19915102422237396,0.2540120482444763,0.23458045721054077
tmc13_the20smaria_00600_vox10_dec_geom06_text06_octree-raht.ply,the20smaria_00600_vox10.ply,OCTREE_RAHT,2,4.25,1553937,1364947,94.8542959690094,1.7721824645996094,0.3386245369911194,0.25727808475494385,0.3397619128227234,0.3034957945346832,0.3375791013240814,0.34741315245628357
tmc13_the20smaria_00600_vox10_dec_geom01_text01_trisoup-predlift.ply,the20smaria_00600_vox10.ply,TRISOUP_PREDLIFT,3,1.0,1553937,762775,80.7851071357727,1.6812858581542969,0.43633031845092773,0.4526926577091217,0.4107411503791809,0.44126877188682556,0.49134722352027893,0.45174911618232727
tmc13_the20smaria_00600_vox10_dec_geom02_text02_trisoup-predlift.ply,the20smaria_00600_vox10.ply,TRISOUP_PREDLIFT,3,1.5,1553937,888099,74.32558560371399,1.7506370544433594,0.5036898851394653,0.5033880472183228,0.4883273243904114,0.4851798415184021,0.5480053424835205,0.49294546246528625
tmc13_the20smaria_00600_vox10_dec_geom03_text03_trisoup-predlift.ply,the20smaria_00600_vox10.ply,TRISOUP_PREDLIFT,3,1.5,1553937,888099,83.81063055992126,1.6226615905761719,0.5178620219230652,0.5260211229324341,0.48185303807258606,0.49711909890174866,0.5426260828971863,0.5254364013671875
tmc13_the20smaria_00600_vox10_dec_geom04_text04_trisoup-predlift.ply,the20smaria_00600_vox10.ply,TRISOUP_PREDLIFT,3,2.1,1553937,888099,72.39393329620361,1.7879295349121094,0.5223618745803833,0.5261827111244202,0.469402551651001,0.5155892372131348,0.5499489307403564,0.5259422659873962
tmc13_the20smaria_00600_vox10_dec_geom05_text05_trisoup-predlift.ply,the20smaria_00600_vox10.ply,TRISOUP_PREDLIFT,3,3.125,1553937,1166579,73.22907900810242,1.6983833312988281,0.5979099273681641,0.6058048009872437,0.5612780451774597,0.517783522605896,0.612686038017273,0.5483959913253784
tmc13_the20smaria_00600_vox10_dec_geom06_text06_trisoup-predlift.ply,the20smaria_00600_vox10.ply,TRISOUP_PREDLIFT,3,5.0,1553937,1553937,67.63042712211609,1.8020706176757812,0.6558859348297119,0.726692259311676,0.6430456638336182,0.6071051955223083,0.7371835708618164,0.5790805220603943
tmc13_the20smaria_00600_vox10_dec_geom01_text01_trisoup-raht.ply,the20smaria_00600_vox10.ply,TRISOUP_RAHT,4,1.0,1553937,762775,75.74481749534607,1.7457237243652344,0.4074396789073944,0.43631166219711304,0.39249613881111145,0.41050708293914795,0.4730640649795532,0.4191535711288452
tmc13_the20smaria_00600_vox10_dec_geom02_text02_trisoup-raht.ply,the20smaria_00600_vox10.ply,TRISOUP_RAHT,4,1.25,1553937,888099,93.75619602203369,1.7649040222167969,0.49290838837623596,0.48573192954063416,0.46150097250938416,0.4881249964237213,0.5462713241577148,0.50163334608078
tmc13_the20smaria_00600_vox10_dec_geom03_text03_trisoup-raht.ply,the20smaria_00600_vox10.ply,TRISOUP_RAHT,4,1.65,1553937,888099,80.66746711730957,1.7481803894042969,0.5297030210494995,0.49698910117149353,0.49264663457870483,0.5127741098403931,0.5576412677764893,0.5090327858924866
tmc13_the20smaria_00600_vox10_dec_geom04_text04_trisoup-raht.ply,the20smaria_00600_vox10.ply,TRISOUP_RAHT,4,1.65,1553937,888099,81.35872721672058,1.7499313354492188,0.5174838900566101,0.48440301418304443,0.5162811875343323,0.4800880253314972,0.5663769841194153,0.48598676919937134
tmc13_the20smaria_00600_vox10_dec_geom05_text05_trisoup-raht.ply,the20smaria_00600_vox10.ply,TRISOUP_RAHT,4,2.675,1553937,1166579,78.91146898269653,1.7287940979003906,0.5415329933166504,0.6443361639976501,0.5665813088417053,0.5322259664535522,0.60467928647995,0.5586330890655518
tmc13_the20smaria_00600_vox10_dec_geom06_text06_trisoup-raht.ply,the20smaria_00600_vox10.ply,TRISOUP_RAHT,4,4.625,1553937,1553937,77.88066601753235,1.7075729370117188,0.6713380217552185,0.7555999159812927,0.6617642045021057,0.598035454750061,0.6531084179878235,0.6238380670547485
tmc2_the20smaria_00600_vox10_dec_geom01_text01.ply,the20smaria_00600_vox10.ply,TEXT,5,1.525,1553937,1373208,55.08734369277954,1.7205085754394531,0.5103608965873718,0.6000370383262634,0.5246674418449402,0.5065643787384033,0.5663945078849792,0.5049945116043091
tmc2_the20smaria_00600_vox10_dec_geom02_text02.ply,the20smaria_00600_vox10.ply,TEXT,5,2.15,1553937,1409071,79.4518392086029,1.7156791687011719,0.49785834550857544,0.5796530842781067,0.5500136017799377,0.5449308753013611,0.5899511575698853,0.5080305337905884
tmc2_the20smaria_00600_vox10_dec_geom03_text03.ply,the20smaria_00600_vox10.ply,TEXT,5,3.4,1553937,1412419,73.06465172767639,1.6378250122070312,0.5512094497680664,0.6289628744125366,0.5649585127830505,0.5487634539604187,0.5829687118530273,0.5408990979194641
tmc2_the20smaria_00600_vox10_dec_geom04_text04.ply,the20smaria_00600_vox10.ply,TEXT,5,3.475,1553937,1411358,66.20954322814941,1.7978401184082031,0.6107677221298218,0.6367813348770142,0.5153514742851257,0.5522268414497375,0.5842015743255615,0.5497530698776245
tmc2_the20smaria_00600_vox10_dec_geom05_text05.ply,the20smaria_00600_vox10.ply,TEXT,5,3.45,1553937,1336318,61.804280281066895,1.6972999572753906,0.6421655416488647,0.5411224961280823,0.5886173844337463,0.5780739784240723,0.6183260083198547,0.5822405815124512
