outer_fold,feature_set,aggregate_rank,ls_srocc,mean_plcc,mean_rmse,APSIPA_rank,WPC_rank,LS-PCQA_rank,selected
0,fusion_46,1.0,0.8618419333432756,0.9119357739427504,3.557107981301291,1,1,1,True
0,pointpca3_only,2.0,0.8141957351430932,0.8803381811829838,3.7357858301558053,2,2,2,False
0,dists_only,3.0,0.6539531801126773,0.7758574400708603,5.740687617877517,3,3,3,False
1,fusion_46,1.3333333333333333,0.8763255359392326,0.9182335119559385,3.7850953610536826,2,1,1,True
1,pointpca3_only,1.6666666666666667,0.8280196553375662,0.8952002323475313,3.5929606704258052,1,2,2,False
1,dists_only,3.0,0.6411487359432537,0.7705150212429248,5.978704135131996,3,3,3,False
2,fusion_46,1.3333333333333333,0.869545854561301,0.9132226298449249,3.768033150873697,2,1,1,True
2,pointpca3_only,1.6666666666666667,0.8250918585396517,0.8913964082975355,4.091669057269807,1,2,2,False
2,dists_only,3.0,0.6249921129969808,0.7694977409959153,5.606949390612641,3,3,3,False
3,fusion_46,1.0,0.8621848749752816,0.9179512963554473,3.6671419110360066,1,1,1,True
3,pointpca3_only,2.3333333333333335,0.8105261208462937,0.8911400902928136,3.6131992158228066,3,2,2,False
3,dists_only,2.6666666666666665,0.6539264391096797,0.7737489788439736,5.8754107418747585,2,3,3,False
4,fusion_46,1.0,0.8583172072875346,0.9146530168121205,3.5789581101182706,1,1,1,True
4,pointpca3_only,2.0,0.7706846706454153,0.8869444253111659,3.569038136071006,2,2,2,False
4,dists_only,3.0,0.6596807313462466,0.7836684832593002,5.910745486712515,3,3,3,False
