dataset,outer_fold,inner_fold,feature_set,srocc,plcc,rmse
APSIPA,0,0,pointpca3_only,0.9281770902452694,0.9234201675925776,0.5374857476057486
APSIPA,0,0,dists_only,0.944689458427112,0.9358787648609111,0.4776086207472276
APSIPA,0,0,fusion_46,0.9641563794450136,0.9643423960306244,0.3544995577182205
APSIPA,0,1,pointpca3_only,0.9490572446675728,0.9355875258632376,0.5771485122326949
APSIPA,0,1,dists_only,0.9372156154125576,0.9768366626240772,0.4092268440776979
APSIPA,0,1,fusion_46,0.9616389757510262,0.9592884409854248,0.489730879209922
APSIPA,0,2,pointpca3_only,0.9835815259446696,0.9806473258639544,0.2437275895975559
APSIPA,0,2,dists_only,0.928874159158287,0.8974668658133544,0.5654532778954939
APSIPA,0,2,fusion_46,0.9749384545391804,0.9666488426954468,0.3094266667062902
APSIPA,0,3,pointpca3_only,0.9654271240802746,0.9034094671666067,0.9849884681190876
APSIPA,0,3,dists_only,0.9670280763802592,0.9320150335987296,0.7622234108299505
APSIPA,0,3,fusion_46,0.9760470694206306,0.9529439602487072,0.6781159132555032
APSIPA,0,4,pointpca3_only,0.9658741573824,0.9245377019254696,0.8952449650312437
APSIPA,0,4,dists_only,0.9770823362221894,0.9259718758877838,0.8113027983456287
APSIPA,0,4,fusion_46,0.9740052408501598,0.911164862674061,0.9235670716173578
APSIPA,1,0,pointpca3_only,0.9597049714966548,0.9317649602931762,0.6156937249404404
APSIPA,1,0,dists_only,0.9463846048950824,0.9473017231912916,0.437361534738671
APSIPA,1,0,fusion_46,0.9620454148875464,0.958907505363089,0.3965088026809094
APSIPA,1,1,pointpca3_only,0.9630005613670064,0.9468521183932598,0.5642329932657735
APSIPA,1,1,dists_only,0.9345019087082832,0.9801173257791846,0.3615000268278703
APSIPA,1,1,fusion_46,0.9546137736911666,0.9519785755807464,0.5235833884446408
APSIPA,1,2,pointpca3_only,0.9803712422797736,0.9415391106100348,0.5117652681212088
APSIPA,1,2,dists_only,0.9348015667147344,0.8967123440218154,0.6656327379346255
APSIPA,1,2,fusion_46,0.9692587219012876,0.9431928779697624,0.4464231094739762
APSIPA,1,3,pointpca3_only,0.962463418403896,0.9045210480875794,1.008225427635623
APSIPA,1,3,dists_only,0.9592314305502492,0.9424754842134916,0.5599782188652065
APSIPA,1,3,fusion_46,0.9722152001616092,0.9564762370126408,0.6585416506216208
APSIPA,1,4,pointpca3_only,0.9524051629836396,0.9327296289997102,0.543556406282131
APSIPA,1,4,dists_only,0.9903829970332204,0.9572336199039732,0.6379539340601
APSIPA,1,4,fusion_46,0.9607898795919886,0.9442846606314922,0.555656102946219
APSIPA,2,0,pointpca3_only,0.9745497497689778,0.9466540158383402,0.6061896743893007
APSIPA,2,0,dists_only,0.9468968955673172,0.9292962496026024,0.6015407140031737
APSIPA,2,0,fusion_46,0.9659594676062891,0.953844971477923,0.512314618490401
APSIPA,2,1,pointpca3_only,0.9828364536186596,0.98488366830436,0.244391860473128
APSIPA,2,1,dists_only,0.9654088611952149,0.9433827313692612,0.5611201831281722
APSIPA,2,1,fusion_46,0.9806134005695094,0.9853851708160436,0.218192200151372
APSIPA,2,2,pointpca3_only,0.9776548484094768,0.9827623313725572,0.2479205283191956
APSIPA,2,2,dists_only,0.929121134473139,0.8789101670814424,0.6639133898515216
APSIPA,2,2,fusion_46,0.9695056667985872,0.9720829183913116,0.3007075814956545
APSIPA,2,3,pointpca3_only,0.968884780702716,0.915263109939344,0.8279098878063884
APSIPA,2,3,dists_only,0.964173375066222,0.922822042858538,0.8408103054955903
APSIPA,2,3,fusion_46,0.9669089769184636,0.9383448498609568,0.6789106354020897
APSIPA,2,4,pointpca3_only,0.9538848188557012,0.9227859323387784,0.6282836499763355
APSIPA,2,4,dists_only,0.9884101225371382,0.9653420958279076,0.704322314294949
APSIPA,2,4,fusion_46,0.9553644747277628,0.9481276493785936,0.49534338490134
APSIPA,3,0,pointpca3_only,0.9612014200530244,0.9493572714460192,0.5666535119331799
APSIPA,3,0,dists_only,0.961236025180232,0.9426024561278876,0.552638028865437
APSIPA,3,0,fusion_46,0.963801706770554,0.9592402060460016,0.4529656003818722
APSIPA,3,1,pointpca3_only,0.946237709842366,0.9448208396428852,0.4435961437987301
APSIPA,3,1,dists_only,0.9387148942890564,0.9263561220962454,0.6087536536037075
APSIPA,3,1,fusion_46,0.9635120136243892,0.9607794987783927,0.3778888397604742
APSIPA,3,2,pointpca3_only,0.9437602837577272,0.9341551035760692,0.5779136263169076
APSIPA,3,2,dists_only,0.973233904396562,0.9845061199293874,0.2774730221431296
APSIPA,3,2,fusion_46,0.9673130897690544,0.9615248410499492,0.469830556855524
APSIPA,3,3,pointpca3_only,0.9585118108353916,0.8968320485013493,1.008690511214314
APSIPA,3,3,dists_only,0.9655460410141592,0.9400435996556896,0.7390462749731753
APSIPA,3,3,fusion_46,0.9691317561757476,0.94492545775392,0.6892679868952432
APSIPA,3,4,pointpca3_only,0.960296660967968,0.9418587326727031,0.5364499466479808
APSIPA,3,4,dists_only,0.9750932196885838,0.9579979436434732,0.6036855448567281
APSIPA,3,4,fusion_46,0.9709008613844096,0.975031779459322,0.3612636914241164
APSIPA,4,0,pointpca3_only,0.9642042973910022,0.9597645346052583,0.461602572939999
APSIPA,4,0,dists_only,0.9617040707264296,0.9533403278865784,0.4815313720667449
APSIPA,4,0,fusion_46,0.9711941857922332,0.9692913673672732,0.4092274510355263
APSIPA,4,1,pointpca3_only,0.9573536165541494,0.949115584917413,0.438008001865578
APSIPA,4,1,dists_only,0.9511714040920084,0.9318128819525268,0.5762751621404487
APSIPA,4,1,fusion_46,0.9676530226240784,0.9609776849038602,0.3976775072649736
APSIPA,4,2,pointpca3_only,0.9713873490428462,0.9584252455197076,0.4516938475301069
APSIPA,4,2,dists_only,0.9322816032229676,0.9836678310020688,0.2955116143642025
APSIPA,4,2,fusion_46,0.9631191794079031,0.9607162837268458,0.4430135657026222
APSIPA,4,3,pointpca3_only,0.9885204238906632,0.9813309792053906,0.2831798616634391
APSIPA,4,3,dists_only,0.9323318135662146,0.8987375094979398,0.6333616660329235
APSIPA,4,3,fusion_46,0.9767873702395709,0.9575737593140964,0.3542196650677237
APSIPA,4,4,pointpca3_only,0.9570907399118348,0.9600622345101728,0.4502689904858023
APSIPA,4,4,dists_only,0.985450810793015,0.9656509839407852,0.583488662611838
APSIPA,4,4,fusion_46,0.9819982804248713,0.9765961684518356,0.3425877310241507
WPC,0,0,pointpca3_only,0.8999433620718378,0.899843137992409,10.132008027218667
WPC,0,0,dists_only,0.757752547781311,0.7516383424461589,14.946041449382472
WPC,0,0,fusion_46,0.9092386455761338,0.9111904327535408,9.73792197765975
WPC,0,1,pointpca3_only,0.9346437346437346,0.9365760709322688,8.412023366426167
WPC,0,1,dists_only,0.7606440856440857,0.7620557619915489,15.346943296721356
WPC,0,1,fusion_46,0.935977535977536,0.9396200903952608,8.43701671051471
WPC,0,2,pointpca3_only,0.9036065286065286,0.905575001615095,10.107326817710025
WPC,0,2,dists_only,0.712065637065637,0.6905670939422862,17.13860300440318
WPC,0,2,fusion_46,0.9133818883818884,0.9093050884927922,10.085143296155255
WPC,0,3,pointpca3_only,0.8903299403299404,0.8888446282948336,10.772841079020182
WPC,0,3,dists_only,0.7688223938223938,0.74334047289096,17.01343309289326
WPC,0,3,fusion_46,0.9083099333099331,0.9068763987842112,10.939903333974042
WPC,0,4,pointpca3_only,0.8603808353808353,0.8508247297484182,12.237800638326084
WPC,0,4,dists_only,0.7172077922077922,0.7204118384223113,15.99454109539286
WPC,0,4,fusion_46,0.9207002457002456,0.9230019931653995,9.10397442989672
WPC,1,0,pointpca3_only,0.8545589830345345,0.8610304742238105,11.328674974416696
WPC,1,0,dists_only,0.7866452947948633,0.7775694146181705,14.382894292701076
WPC,1,0,fusion_46,0.8973557861381448,0.8974918015247522,10.748771976797684
WPC,1,1,pointpca3_only,0.9238504738504738,0.9246433050822832,9.038207704236408
WPC,1,1,dists_only,0.7658564408564409,0.775507986546397,15.323374713493283
WPC,1,1,fusion_46,0.9305458055458056,0.9348627406199504,8.639008816158924
WPC,1,2,pointpca3_only,0.9024482274482274,0.9126281209025816,9.442498890088435
WPC,1,2,dists_only,0.7052386802386802,0.6957647407018884,16.725253640173314
WPC,1,2,fusion_46,0.9288346788346789,0.932303440864126,8.47718149756835
WPC,1,3,pointpca3_only,0.9016672516672516,0.9092875475593356,9.75808837705433
WPC,1,3,dists_only,0.7395401895401895,0.7211258654490482,17.506855807120463
WPC,1,3,fusion_46,0.9121358371358372,0.9173781162195566,10.423553019482371
WPC,1,4,pointpca3_only,0.8387767637767637,0.8376496102844885,12.76658256025665
WPC,1,4,dists_only,0.6109174511190794,0.604093077209162,19.74710090265861
WPC,1,4,fusion_46,0.8458581958581958,0.8514699239650289,12.197455320888912
WPC,2,0,pointpca3_only,0.8662937694577197,0.874273825137099,11.228627566403729
WPC,2,0,dists_only,0.7761136016169574,0.7820118358168138,14.75678617477266
WPC,2,0,fusion_46,0.911470846274298,0.9117574831272424,10.613634727734205
WPC,2,1,pointpca3_only,0.90993330993331,0.9137374981557216,9.362789736974122
WPC,2,1,dists_only,0.7709459459459458,0.7726177514892695,14.669763452207429
WPC,2,1,fusion_46,0.929141804141804,0.9340340660863282,8.221867402380376
WPC,2,2,pointpca3_only,0.9146016146016146,0.9265514023282292,8.77579129632985
WPC,2,2,dists_only,0.7373815373815373,0.7434128923946701,15.501066941638587
WPC,2,2,fusion_46,0.937021762021762,0.9372338028212326,8.191294363805076
WPC,2,3,pointpca3_only,0.8775447525447525,0.8871625421654361,11.272876385982656
WPC,2,3,dists_only,0.6616005616005616,0.6696721931304164,17.377604170497662
WPC,2,3,fusion_46,0.9052562302562304,0.9089591410365838,10.418925999174428
WPC,2,4,pointpca3_only,0.8499648999648999,0.8644535262585147,11.779257940818328
WPC,2,4,dists_only,0.6294941854485694,0.6313559028637955,19.759096160244106
WPC,2,4,fusion_46,0.8502106002106001,0.8568158827471735,12.230791219096576
WPC,3,0,pointpca3_only,0.8838404217119462,0.8858453459819547,10.778382324196611
WPC,3,0,dists_only,0.7456920007255579,0.7508300690783288,15.698202954466868
WPC,3,0,fusion_46,0.9258598414878378,0.9204228939045808,10.140629887900428
WPC,3,1,pointpca3_only,0.8942786942786942,0.8978099141384921,9.78684618286872
WPC,3,1,dists_only,0.7886100386100386,0.7762099182725771,14.008372744646456
WPC,3,1,fusion_46,0.9333274833274832,0.9296239470544632,8.164909495686526
WPC,3,2,pointpca3_only,0.9265970515970516,0.935050397492045,8.131439071983355
WPC,3,2,dists_only,0.6842751842751843,0.6948033872162515,16.386243010854358
WPC,3,2,fusion_46,0.9162864162864164,0.9267059201008048,8.928345994201603
WPC,3,3,pointpca3_only,0.8723499473499474,0.8792687835875113,11.378516110907263
WPC,3,3,dists_only,0.6554580554580554,0.6346559884011697,17.96550762770857
WPC,3,3,fusion_46,0.8898999648999649,0.8928030239303578,10.351484639476023
WPC,3,4,pointpca3_only,0.913232713232713,0.9205030760067788,9.275787013922082
WPC,3,4,dists_only,0.7250103655035993,0.7066358662622493,19.48350238454725
WPC,3,4,fusion_46,0.8962355212355212,0.8873673471083564,12.39040700771766
WPC,4,0,pointpca3_only,0.8533669952653655,0.841469558469198,12.60046825524454
WPC,4,0,dists_only,0.7038576722181709,0.6961754415362628,16.52995029872428
WPC,4,0,fusion_46,0.9269555817973844,0.9243457301661284,9.704004380977617
WPC,4,1,pointpca3_only,0.8996840996840996,0.9044317776567558,9.75386575760857
WPC,4,1,dists_only,0.7686117936117937,0.7641711492331946,14.33155948528664
WPC,4,1,fusion_46,0.9013952263952264,0.9005995092516559,9.928012992814104
WPC,4,2,pointpca3_only,0.9271498771498772,0.9356341157858096,8.192555458337472
WPC,4,2,dists_only,0.7386363636363635,0.7445940829619623,15.733633588469706
WPC,4,2,fusion_46,0.9267462267462266,0.9276946311186216,9.361092819487622
WPC,4,3,pointpca3_only,0.8918831168831168,0.897682909892221,10.98653036700906
WPC,4,3,dists_only,0.6759126009126009,0.6500374246459318,18.598512500400943
WPC,4,3,fusion_46,0.9158213408213408,0.9154051302461328,10.724064904556435
WPC,4,4,pointpca3_only,0.918954018954019,0.92131354640948,9.189467338363963
WPC,4,4,dists_only,0.7479044136215205,0.7353018729801509,19.186344919758664
WPC,4,4,fusion_46,0.9073797823797825,0.8944283934549989,12.399717863381268
LS-PCQA,0,0,pointpca3_only,0.7601558239085215,0.8008206794984035,0.4860024366032029
LS-PCQA,0,0,dists_only,0.7304351089504596,0.7455419113844506,0.5624841983834421
LS-PCQA,0,0,fusion_46,0.8893047407022343,0.903269685576238,0.3512822129301911
LS-PCQA,0,1,pointpca3_only,0.8365449017178826,0.8479067122974046,0.5211023932842758
LS-PCQA,0,1,dists_only,0.6539531801126773,0.6522168137228913,0.7232043752711947
LS-PCQA,0,1,fusion_46,0.8618419333432756,0.869402962173781,0.4944208566494111
LS-PCQA,0,2,pointpca3_only,0.7025131997472772,0.7446316452017339,0.4982009510160547
LS-PCQA,0,2,dists_only,0.6453290913167292,0.6424374329333,0.5847413819779705
LS-PCQA,0,2,fusion_46,0.7647665502143133,0.8139261521869305,0.4451741529970855
LS-PCQA,0,3,pointpca3_only,0.8141957351430932,0.816633703631073,0.5015586402248928
LS-PCQA,0,3,dists_only,0.6597452976909045,0.6566399206091218,0.6620684803441979
LS-PCQA,0,3,fusion_46,0.8766927828133806,0.8621419227018658,0.4436710870341998
LS-PCQA,0,4,pointpca3_only,0.8184075537015841,0.8219708717616948,0.4721786880877566
LS-PCQA,0,4,dists_only,0.4776932606821556,0.4927981339077761,0.761832962929543
LS-PCQA,0,4,fusion_46,0.8477890117967619,0.8653284480892856,0.4227432810923102
LS-PCQA,1,0,pointpca3_only,0.8306619107720847,0.8435835204835479,0.5008414688157433
LS-PCQA,1,0,dists_only,0.7064084813072885,0.6964452767159178,0.6508805463574666
LS-PCQA,1,0,fusion_46,0.8951309018945169,0.8957155598923223,0.4250281806926606
LS-PCQA,1,1,pointpca3_only,0.8280196553375662,0.844822804063493,0.4565606409573109
LS-PCQA,1,1,dists_only,0.7000663247376792,0.6945540000128265,0.6118180303214951
LS-PCQA,1,1,fusion_46,0.8763255359392326,0.8853438440675125,0.4029726121143233
LS-PCQA,1,2,pointpca3_only,0.7636906439575216,0.7979969960927847,0.447280338345587
LS-PCQA,1,2,dists_only,0.6411487359432537,0.6431174750884346,0.5929476514048171
LS-PCQA,1,2,fusion_46,0.8337636135422682,0.8386635710246724,0.4081496752340353
LS-PCQA,1,3,pointpca3_only,0.8915497733734626,0.886886304026657,0.3937127169237718
LS-PCQA,1,3,dists_only,0.6370712032277996,0.6420305666269011,0.655296008479988
LS-PCQA,1,3,fusion_46,0.9073864531122062,0.9180376364902882,0.3387064073828524
LS-PCQA,1,4,pointpca3_only,0.7537416212129046,0.804842000144261,0.4938859261490604
LS-PCQA,1,4,dists_only,0.5541925732199507,0.5742282565968733,0.7025181945180929
LS-PCQA,1,4,fusion_46,0.8318562414421493,0.8415910885613554,0.4634413574116802
LS-PCQA,2,0,pointpca3_only,0.8516173524687093,0.8805533900440824,0.4310525295089889
LS-PCQA,2,0,dists_only,0.6249921129969808,0.6357840809904735,0.6558678403478126
LS-PCQA,2,0,fusion_46,0.8794027611305799,0.8996876620504594,0.3752827344310663
LS-PCQA,2,1,pointpca3_only,0.7156508743355003,0.7775745113863696,0.5134235413525661
LS-PCQA,2,1,dists_only,0.5362925336474662,0.5439690062078326,0.6897178744924913
LS-PCQA,2,1,fusion_46,0.8220578761246176,0.8451440424699062,0.4280380250293803
LS-PCQA,2,2,pointpca3_only,0.8250918585396517,0.8448607394104999,0.4275361512083067
LS-PCQA,2,2,dists_only,0.6811075898384615,0.6779100241279175,0.5892142533819473
LS-PCQA,2,2,fusion_46,0.8265818230643132,0.8431569616180369,0.4311140197922656
LS-PCQA,2,3,pointpca3_only,0.8526498000249628,0.8403726668888302,0.4401899310163909
LS-PCQA,2,3,dists_only,0.7716561276742997,0.7921174010428346,0.4924430781206891
LS-PCQA,2,3,fusion_46,0.869545854561301,0.8740654349296091,0.3898300685453242
LS-PCQA,2,4,pointpca3_only,0.781857656917859,0.7974047993069201,0.5047434672501764
LS-PCQA,2,4,dists_only,0.5548323105148253,0.5846358778948151,0.6842491378643147
LS-PCQA,2,4,fusion_46,0.8977362436478695,0.9024891363832857,0.3655097121970886
LS-PCQA,3,0,pointpca3_only,0.7781567895068032,0.7886348855856045,0.5610998769535822
LS-PCQA,3,0,dists_only,0.6539264391096797,0.6720086141417843,0.6744035568439096
LS-PCQA,3,0,fusion_46,0.8621848749752816,0.8728100692570495,0.4495137744501326
LS-PCQA,3,1,pointpca3_only,0.8105261208462937,0.8337516240672453,0.4860979526665188
LS-PCQA,3,1,dists_only,0.5445452761864196,0.5214704004918193,0.7850669071898181
LS-PCQA,3,1,fusion_46,0.8779058723809082,0.8812804695186492,0.4078302448257196
LS-PCQA,3,2,pointpca3_only,0.8402946528930128,0.855951811945092,0.4352080190309791
LS-PCQA,3,2,dists_only,0.8002220747822532,0.8068180290980376,0.5002710206642725
LS-PCQA,3,2,fusion_46,0.8620484905531931,0.872651496383368,0.4067806141978833
LS-PCQA,3,3,pointpca3_only,0.795232984006705,0.7952078329438605,0.5071199573685518
LS-PCQA,3,3,dists_only,0.7104504252755499,0.6891477872701601,0.5823405960488395
LS-PCQA,3,3,fusion_46,0.8621927852359493,0.8529067731828249,0.42232371181008
LS-PCQA,3,4,pointpca3_only,0.8189958452291112,0.8453430579219479,0.4215658660296755
LS-PCQA,3,4,dists_only,0.6031766061007627,0.6057375874859807,0.6363036699131913
LS-PCQA,3,4,fusion_46,0.8219681282144983,0.8663431481413145,0.3962192519176203
LS-PCQA,4,0,pointpca3_only,0.7497144070923855,0.7927954682622388,0.5029796601186448
LS-PCQA,4,0,dists_only,0.6523440274076195,0.6623632489111713,0.6319172880392676
LS-PCQA,4,0,fusion_46,0.8656758919025813,0.8843023225029832,0.3873340024936981
LS-PCQA,4,1,pointpca3_only,0.8229888936890815,0.827300656639751,0.5647869107202566
LS-PCQA,4,1,dists_only,0.6071891204786554,0.5918273016603425,0.7880918916104172
LS-PCQA,4,1,fusion_46,0.8560691835513207,0.8668720755112891,0.4984972514150873
LS-PCQA,4,2,pointpca3_only,0.7706846706454153,0.7966369636714833,0.500384379924858
LS-PCQA,4,2,dists_only,0.6596807313462466,0.6651867413056568,0.6260109992728193
LS-PCQA,4,2,fusion_46,0.8583172072875346,0.8675762352863686,0.4111838302757363
LS-PCQA,4,3,pointpca3_only,0.7343831284360589,0.7627716539410866,0.5195579163767852
LS-PCQA,4,3,dists_only,0.7435896320484188,0.7524109803776435,0.5161688988333268
LS-PCQA,4,3,fusion_46,0.7592378433833704,0.7805184449245826,0.5124691881023207
LS-PCQA,4,4,pointpca3_only,0.820458214937812,0.8287602961614563,0.4208740175397845
LS-PCQA,4,4,dists_only,0.6654724947983155,0.6545871630777967,0.5792333352448782
LS-PCQA,4,4,fusion_46,0.8658027974557638,0.8766146678844424,0.3653073408356146
