analysis,iqa,reference_srocc,variant_srocc,effect_srocc,effect_srocc_ci_low,effect_srocc_ci_high,fold_median_effect_srocc,fold_iqr_effect_srocc,reference_plcc,variant_plcc,effect_plcc,effect_plcc_ci_low,effect_plcc_ci_high,fold_median_effect_plcc,fold_iqr_effect_plcc,reference_rmse,variant_rmse,effect_rmse,effect_rmse_ci_low,effect_rmse_ci_high,fold_median_effect_rmse,fold_iqr_effect_rmse
add_one,AHIQMetric,0.9052478686517524,0.9070945542298775,0.0018466855781250624,-0.002353806540769776,0.004431281543600867,-0.000493950946063082,0.002433285013492714,0.8842307931309672,0.887827977060194,0.0035971839292268104,0.0002792574228878991,0.00618169846235086,0.0013624318369406252,0.002438938670953017,0.6373145944048193,0.6273416811115882,0.009972913293231134,0.0036713245266194973,0.016900542216887426,0.008348983042873792,0.0033366216864254006
add_one,CKDNMetric,0.9052478686517524,0.8888921219595044,-0.01635574669224804,-0.03791016526786428,0.003224946429862997,-0.001481852838189246,0.0033553957133355405,0.8842307931309672,0.8670684175401316,-0.017162375590835555,-0.04213604744835509,0.002868530609975281,-0.0017042218047533808,0.005915063501126805,0.6373145944048193,0.6798691143607263,-0.04255451995590698,-0.11924862180021367,0.007076664649569029,0.00013321358958107155,0.01511153018778466
add_one,CW_SSIMMetric,0.9052478686517524,0.9066427465806176,0.001394877928865168,-0.005149342520628477,0.006125481089613194,3.0820022351218945e-05,0.0010610439797658078,0.8842307931309672,0.8861304598615871,0.00189966673061992,-0.005246977122835403,0.008850901924805088,0.002462838390398181,0.008844926781770512,0.6373145944048193,0.6321231714889033,0.005191422915916011,-0.01675012420764133,0.020642368906439442,0.012640419292836658,0.04588256323944162
add_one,DISTSMetric,0.9052478686517524,0.9216543770433409,0.016406508391588415,-0.005037909071846203,0.03480624976511182,0.0008005422699590703,0.013928809834984013,0.8842307931309672,0.8967724999995321,0.012541706868564928,-0.005774233350944341,0.02978223958525695,0.0002956053156448757,0.00215279855274908,0.6373145944048193,0.6095091919001514,0.027805402504667898,-0.01673926005431695,0.07395817991992264,0.01070517906641455,0.028600858580810407
add_one,DSSMetric,0.9052478686517524,0.9065216568437248,0.0012737881919723248,-0.006834637631405868,0.008985607107388646,-0.0010322626062534423,0.007301757364105321,0.8842307931309672,0.881906575745501,-0.0023242173854661763,-0.008166687686368353,0.003661442736083425,-0.0004401634413050415,0.00880127964805233,0.6373145944048193,0.6441399507338956,-0.006825356329076326,-0.024483117926718315,0.006224552879596998,0.0011404362198882412,0.0390290992792105
add_one,FSIMMetric,0.9052478686517524,0.8757558411396344,-0.02949202751211799,-0.06320603999578489,0.004453137979052685,-0.002481699740913168,0.0036733900125839325,0.8842307931309672,0.839307674065947,-0.04492311906502022,-0.09797738432821554,-0.001258136549008629,-0.0020923875072784703,0.038410175464964724,0.6373145944048193,0.7687077350310403,-0.13139314062622098,-0.3083303173355013,-0.0029058557566805586,-0.01363275898034405,0.11191523453378538
add_one,GMSDMetric,0.9052478686517524,0.8999665776419914,-0.005281291009761047,-0.01638868052841469,0.004810404368227328,-0.001709508854671471,0.0032742320205355613,0.8842307931309672,0.8795651956159366,-0.004665597515030595,-0.013191503189236769,0.005168773018758653,-0.00209084494946965,0.01091175613838391,0.6373145944048193,0.6499798784601085,-0.012665284055289217,-0.044548543600985036,0.01170832662088317,-0.01820929388453263,0.06098130387311396
add_one,HaarPSIMetric,0.9052478686517524,0.8988917674305351,-0.006356101221217325,-0.014266057082023793,0.0011828080189378865,-0.00493889794599367,0.006716273107248871,0.8842307931309672,0.8791319131018182,-0.005098880029149044,-0.011813784173714051,0.002052829076181431,-0.0021401641303646635,0.006054365066965883,0.6373145944048193,0.649883752245884,-0.012569157841064715,-0.03587723676567911,0.003805890756058536,-0.015138765838832169,0.03950128722429502
add_one,MADMetric,0.9052478686517524,0.8984385163063575,-0.006809352345394926,-0.03836307395371241,0.016351982372012963,-0.0005848854913154122,0.0029635833734510397,0.8842307931309672,0.8805855009296916,-0.0036452922012756295,-0.024688323347049058,0.009760262060907316,-0.001901453155755517,0.0029663179351525626,0.6373145944048193,0.6451865230420469,-0.007871928637227632,-0.06283775666870406,0.029206235511933916,0.009536626995266917,0.034004342043346514
add_one,MDSIMetric,0.9052478686517524,0.8925643212680437,-0.012683547383708693,-0.03212968837070308,0.009337415347328872,-0.005424323933823749,0.009136991775820391,0.8842307931309672,0.8665378326785287,-0.01769296045243851,-0.03673820315465391,0.0015983322693111756,-0.010683080889189345,0.023561730989749896,0.6373145944048193,0.6950864897110859,-0.057771895306266585,-0.13499104077033464,-0.006763528657700434,-0.04757692011309533,0.0634751967509275
add_one,MSGMSDMetric,0.9052478686517524,0.8991708834106773,-0.006076985241075139,-0.013596559488291748,0.001474998516959758,-0.00296370567637827,0.0023775723737617938,0.8842307931309672,0.8794048388026198,-0.004825954328347426,-0.0114428487761368,0.003127949866796253,-0.0017200319900768646,0.007828785505191505,0.6373145944048193,0.6496663925474392,-0.012351798142619885,-0.03624946293253917,0.005958984534909287,-0.015789598629855517,0.05094942992538842
add_one,MSSSIMMetric,0.9052478686517524,0.9050403968538961,-0.00020747179785629566,-0.0069785718754847865,0.00505880167943118,0.0004453655721130545,0.0020641631863611565,0.8842307931309672,0.8842791388811916,4.834575022438781e-05,-0.005267799695880324,0.005102921807236499,0.003755340490340986,0.004062385838484839,0.6373145944048193,0.636969581146568,0.00034501325825131435,-0.013595880655926432,0.013169357736629198,0.006843929207534072,0.025044997099293642
add_one,NLPDMetric,0.9052478686517524,0.901478739060144,-0.0037691295916084666,-0.00860582184676303,0.0018889691153390785,-0.0009877795891987118,0.0002490991662539299,0.8842307931309672,0.8795246552616658,-0.004706137869301408,-0.00874163171100673,0.0008555791506298871,0.001407169045213208,0.00780447194982703,0.6373145944048193,0.6496443715885162,-0.012329777183696877,-0.025570424555807766,0.0026588711492540108,-0.0260588883506927,0.03345628086158209
add_one,PIEAPPMetric,0.9052478686517524,0.9023050568542947,-0.0029428117974577006,-0.010541976718236756,0.004891997594565822,-0.0005239403799717213,0.003671386709293123,0.8842307931309672,0.8808103846746546,-0.0034204084563126402,-0.011302189458786036,0.004340840561922754,0.0016881618904592832,0.009817867899235222,0.6373145944048193,0.6458384573860502,-0.008523862981230867,-0.030347147980362133,0.010215564749614181,-0.01449829678028769,0.03113276348669286
add_one,PSNRMetric,0.9052478686517524,0.9002461308863837,-0.005001737765368719,-0.010139467847191748,0.0013785583106645793,-0.003951607568504656,0.0030889271679385155,0.8842307931309672,0.878393199777991,-0.005837593352976178,-0.01095402997063189,0.0005792392722348765,-0.003543719167762749,0.003586655414011375,0.6373145944048193,0.6520864021860509,-0.01477180778123155,-0.030532073850278396,0.000397778299619736,-0.018224775497763135,0.02152648248072969
add_one,SRSSIMMetric,0.9052478686517524,0.8905749461126895,-0.014672922539062938,-0.03367691153198216,0.004400435743410584,-0.0017567412740222554,0.0029634610705236986,0.8842307931309672,0.8662835726323294,-0.01794722049863784,-0.04230011153015256,0.0024244429664944042,0.00010642459517418157,0.010761637502206156,0.6373145944048193,0.6828542241453806,-0.04553962974056125,-0.1262166289220923,0.0033379352469843386,-0.0002539897165777516,0.04672745293020286
add_one,SSIMCMetric,0.9052478686517524,0.9014887474007974,-0.003759121250955011,-0.011269464375073368,0.0024909588436510255,0.0,0.005805683669899642,0.8842307931309672,0.8815354108942421,-0.0026953822367250524,-0.007991655662507615,0.0022463412577773544,0.0019688260782385614,0.004823573028958639,0.6373145944048193,0.6444578916716988,-0.007143297266879456,-0.022070827820473166,0.005692199730885308,-0.006345926158085935,0.04532984008326335
add_one,SSIMMetric,0.9052478686517524,0.8955488692553389,-0.009698999396413499,-0.02659189567003628,0.01265521897126813,-0.0019085737085026144,0.003704112308031804,0.8842307931309672,0.8714791984814176,-0.012751594649549558,-0.027100701930442006,0.005734785211156206,-0.0019870956650632765,0.0038474891814622714,0.6373145944048193,0.6777895658549904,-0.04047497145017109,-0.09308611367011121,-0.0019230008755884958,-0.04693110754148716,0.059287888869847816
add_one,TOPIQ_FRMetric,0.9052478686517524,0.8893885965046049,-0.015859272147147552,-0.035509292067587406,0.004314582173845505,-0.002635802222838768,0.0046917695943029525,0.8842307931309672,0.8675522917097426,-0.016678501421224623,-0.03881077017374883,0.004628672894042465,-0.002737901424872069,0.029322550301353112,0.6373145944048193,0.6799128159040713,-0.042598221499251965,-0.11603583907540611,0.010790193025598551,-0.015397262522751476,0.13219384664758482
add_one,VIFMetric,0.9052478686517524,0.9009674602416712,-0.00428040841008126,-0.008515856505439623,0.002656000422138649,-0.0019085737085026144,0.0015677976572089358,0.8842307931309672,0.8789691142869382,-0.00526167884402895,-0.01042459911141336,0.0014614199206259045,-0.0024229209686777997,0.0007480599616969119,0.6373145944048193,0.6508173818725296,-0.013502787467710275,-0.032177741995947216,0.003701923385602829,-0.014103769791871668,0.011390363479415633
add_one,VSIMetric,0.9052478686517524,0.8965618981973791,-0.00868597045437336,-0.0204151059688078,0.0032814683080639286,-0.0007244234024271767,0.004859292292027195,0.8842307931309672,0.8737939042628695,-0.010436888868097682,-0.022959516795380476,0.0014040240420707714,-0.0006252512891702366,0.012319870638923147,0.6373145944048193,0.6648787671853263,-0.027564172780507046,-0.07377508005589292,0.0024314901391467494,-0.014527279068035082,0.04781292452267749
add_one,WADIQAM_FRMetric,0.9052478686517524,0.9029152131846471,-0.002332655467105371,-0.012670559232998757,0.005238117133785192,-0.000740926419094512,0.0052155087101762865,0.8842307931309672,0.8806070108776058,-0.0036237822533613517,-0.014082811036432056,0.005934919160764163,0.0025876961564439416,0.009413648317813106,0.6373145944048193,0.6467570359290316,-0.009442441524212253,-0.043385992386379864,0.014059475951091669,0.013185588829116857,0.07070983140872777
remove_one,AHIQMetric,0.894005286875074,0.895639516838515,-0.0016342299634409807,-0.004475990087693416,0.000523182621004592,-7.598949512033215e-05,0.000740834691898784,0.8678826769934314,0.8682581309047614,-0.00037545391133009254,-0.0028555893261435956,0.0027864521374391105,-0.0005896859147208611,0.002874236709623501,0.6897813855953152,0.6909877368899737,0.0012063512946585142,-0.008769013666093395,0.01177688915932891,-0.0039041303193341204,0.013578295411708019
remove_one,CKDNMetric,0.894005286875074,0.8983895055596456,-0.004384218684571617,-0.009280519358684347,0.0002588169393678594,-0.0006472304240876525,0.0014762199584257285,0.8678826769934314,0.8710839091132864,-0.003201232119855013,-0.0070985693488493425,0.0009034888920825851,2.4934075804061706e-07,0.0036121051039503804,0.6897813855953152,0.6828016783842217,-0.006979707211093533,-0.01823632436811071,0.0024531573412546453,-0.005954654548744276,0.012139864702392256
remove_one,CW_SSIMMetric,0.894005286875074,0.8941840630648009,-0.00017877618972694798,-0.003787492431767436,0.0018286776765599328,-0.0042490974013783545,0.0049109314638365875,0.8678826769934314,0.8656016015654335,0.002281075427997825,-0.0006690405486861755,0.0045624663648774644,-0.0006024962277978441,0.0036893883004367467,0.6897813855953152,0.6965849056010378,0.006803520005722596,-0.0014993652029056197,0.015102129114682741,0.0024046162591839226,0.012507408900987782
remove_one,DISTSMetric,0.894005286875074,0.8433713916686092,0.050633895206464774,0.01226826103969333,0.08587487345320988,-0.0012347244864984175,0.019460526370230435,0.8678826769934314,0.8094619856139906,0.058420691379440726,0.018185981862255392,0.09710353968467211,0.021259723828540578,0.031102256530492478,0.6897813855953152,0.822233090175615,0.13245170458029976,0.0465263352442854,0.23282859277920478,0.11337859504907521,0.06940466861972083
remove_one,DSSMetric,0.894005286875074,0.8938642557358292,0.00014103113924479604,-0.0032756110244244463,0.004531411014879274,-0.003801313766562453,0.001853449051126499,0.8678826769934314,0.865662656393205,0.0022200206002263023,-0.0004869889106710212,0.005112885416745899,0.0016180668335964432,0.002433903204443366,0.6897813855953152,0.6966709485548717,0.00688956295955645,-0.0020132106959316995,0.015754088791027434,0.011103880531343369,0.016049959295707183
remove_one,FSIMMetric,0.894005286875074,0.9012585370360611,-0.007253250160987101,-0.017858681115363595,0.0007274945281298129,-0.0026782010732895323,0.0039246706677581455,0.8678826769934314,0.876453092843194,-0.008570415849762592,-0.02238894530090574,0.0022459519569799718,-0.0017370602181183692,0.0066075524345795555,0.6897813855953152,0.6646117234864952,-0.02516966210881999,-0.0687850725509198,0.006094128516573755,-0.004895592990323827,0.028868750777359176
remove_one,GMSDMetric,0.894005286875074,0.8951055327212423,-0.0011002458461683018,-0.0044931130117952245,0.0014360723132202935,-0.003094708096067933,0.0032497333750336477,0.8678826769934314,0.8675564104878781,0.0003262665055532299,-0.0020371815374481323,0.003055809855016472,-0.00011909417792921317,0.0017519997168276014,0.6897813855953152,0.6920637552850967,0.0022823696897814605,-0.005543234206191741,0.010693005212225281,0.0035541666065329602,0.014094839288351313
remove_one,HaarPSIMetric,0.894005286875074,0.8934112446466218,0.0005940422284521629,-0.002647107550763258,0.003911632490637429,-0.0013400516221219183,0.001855699183640258,0.8678826769934314,0.8650641071272159,0.0028185698662154257,-0.0005579248318540175,0.006331384266090506,0.002341440879394474,0.004637484805728231,0.6897813855953152,0.697659256591776,0.007877870996460756,-0.0009720271267625868,0.017183751883182,0.011067738971236918,0.022416981830946203
remove_one,MADMetric,0.894005286875074,0.8873493644476007,0.00665592242747326,-0.0006643035185795758,0.013094974414748606,-0.0011245674937424566,0.003520943623014028,0.8678826769934314,0.85801080647754,0.009871870515891334,0.0037310465581261304,0.014055489634977297,0.0005240027962201133,0.008547287856592645,0.6897813855953152,0.7188311608974354,0.029049775302120162,0.010059680780466545,0.04605429856873053,0.0231559341950609,0.008146338475809478
remove_one,MDSIMetric,0.894005286875074,0.8945058811075317,-0.0005005942324577406,-0.0032422452151496415,0.0018830515069705456,-0.0005088985555158354,0.0013877453412317609,0.8678826769934314,0.8661327037286389,0.001749973264792426,-0.001373224041235191,0.004239630946755538,0.0005984193153029116,0.0019683652716840916,0.6897813855953152,0.6956742874149213,0.005892901819606111,-0.003282579947026748,0.0143744407866087,0.005298793199314034,0.005411425976272866
remove_one,MSGMSDMetric,0.894005286875074,0.8930151144299998,0.0009901724450741556,-0.001706273960994098,0.00292646821689857,0.000184922978310742,0.001249117076869588,0.8678826769934314,0.8655456820037529,0.0023369949896784314,-0.0003669561921962244,0.004574405740906846,0.0012017572955870248,0.0007841942769770682,0.6897813855953152,0.6963449420270373,0.0065635564317221284,-0.0001067588927168378,0.013349702051564724,0.0027946446640249034,0.0070381047111238715
remove_one,MSSSIMMetric,0.894005286875074,0.8930018565390997,0.0010034303359742758,-0.002185165020460353,0.0028930274590421856,0.000184922978310742,0.0017286754325614995,0.8678826769934314,0.8656538701522969,0.0022288068411344675,-0.00011259283912303796,0.003960304019498437,0.0010850443924336206,0.0016332757281413146,0.6897813855953152,0.6965838513497187,0.006802465754403464,-0.0001360556560270615,0.011683474738506061,0.007871179191810462,0.0024988096007722005
remove_one,NLPDMetric,0.894005286875074,0.8934450035517862,0.0005602833232877247,-0.0030598709932255774,0.0030289118838827457,-0.0010478968770942787,0.0006758380284770382,0.8678826769934314,0.865487645262129,0.0023950317313023994,-6.820965569354354e-05,0.00419618578376395,0.002075270239341065,0.0022222938268218195,0.6897813855953152,0.6967602545859582,0.006978868990643039,0.0006962352210586609,0.01053856074698867,0.009878303671498334,0.001187488903063194
remove_one,PIEAPPMetric,0.894005286875074,0.8965239370308105,-0.0025186501557364904,-0.008943007005725367,0.0014044423625627649,-0.0007088714168579369,0.00333344590841389,0.8678826769934314,0.8698592433855368,-0.0019765663921054166,-0.007308238857152374,0.0020425423711795004,0.0005575439669464055,0.0038437538560852635,0.6897813855953152,0.6849235826837757,-0.004857802911539477,-0.018245037285268665,0.0054380060053102084,-0.00678598168316269,0.01757169789039681
remove_one,PSNRMetric,0.894005286875074,0.8937702229587041,0.0002350639163698487,-0.002487920128190324,0.002327656593153482,-0.0002469448972995947,0.00040066645300651516,0.8678826769934314,0.8672830267628028,0.0005996502306285789,-0.0014435965810599915,0.0021377455709999872,0.0010652344514916479,0.001498839168573185,0.6897813855953152,0.6920779226530109,0.0022965370576957245,-0.0031113523915846735,0.0065918079350986945,0.0026382048723631035,0.005033342697987053
remove_one,SRSSIMMetric,0.894005286875074,0.8956214987895538,-0.0016162119144798037,-0.005316304990990073,0.0015188973562486607,-0.002963705676378492,0.0046002534119760075,0.8678826769934314,0.8688651926482546,-0.0009825156548232128,-0.003138383197823685,0.0011220146501021123,-0.00129797671557208,0.0038796352857151106,0.6897813855953152,0.6887831792731071,-0.0009982063222081505,-0.007252027517761611,0.005613936046342319,0.0007010231544499201,0.009397053791139864
remove_one,SSIMCMetric,0.894005286875074,0.8944589167482698,-0.0004536298731958599,-0.0030683330350087523,0.0016680882135368554,-0.000493950946063082,0.0002459053899582786,0.8678826769934314,0.867930548041869,-4.787104843761991e-05,-0.0018232808772853076,0.001252428968663416,0.0004540872144589425,0.0026017644128321082,0.6897813855953152,0.6906669847980907,0.0008855992027755333,-0.004550931863684052,0.004760109500664525,0.0026325719300563932,0.010359025587743043
remove_one,SSIMMetric,0.894005286875074,0.8946784021988013,-0.0006731153237273801,-0.002215945225894478,0.0011058288991282472,-0.0013855752395799392,0.002188255243344206,0.8678826769934314,0.8685254893166283,-0.0006428123231969618,-0.0021684340586089145,0.0004864924856453623,-0.00013842391853846614,0.0013575605320784723,0.6897813855953152,0.6886014497713141,-0.0011799358240011104,-0.004445776794519965,0.0021414217097132093,0.0005121710566071136,0.003781809389208024
remove_one,TOPIQ_FRMetric,0.894005286875074,0.8988620038106886,-0.0048567169356146245,-0.0112509910124039,0.0004566793915374666,-0.0013869223373307316,0.007605268537249632,0.8678826769934314,0.8723182132333703,-0.004435536239938975,-0.010115425712793452,0.00041598207589144397,-0.0031609670045658067,0.004063555443754807,0.6897813855953152,0.6805493518170602,-0.009232033778254989,-0.02420359838829096,0.0010366332884666736,-0.010260170664324164,0.013581634936966513
remove_one,VIFMetric,0.894005286875074,0.893922957119667,8.232975540700682e-05,-0.0019757227817868706,0.0015688832866110891,-0.000493950946063082,0.0027113990098363017,0.8678826769934314,0.8677824678582113,0.00010020913522001962,-0.0018885894412153936,0.00173156986650215,0.0006087840309209058,0.0025799694841497356,0.6897813855953152,0.6912727363053253,0.0014913507100100531,-0.004191634082966988,0.0072143077998219115,0.00034846606823335513,0.001550446459747834
remove_one,VSIMetric,0.894005286875074,0.8945109076042379,-0.0005056207291639359,-0.003961011209253706,0.0021716368159057087,0.00027705528344368346,0.0012483717708987596,0.8678826769934314,0.8683204661294948,-0.0004377891360634045,-0.003027315590378063,0.001828957257410017,0.000492662658906462,0.0009465774861125986,0.6897813855953152,0.6890163622250148,-0.0007650233703003773,-0.005895050472513719,0.004201042176542081,0.0005441684820307602,0.0011223020178585674
remove_one,WADIQAM_FRMetric,0.894005286875074,0.8938554317839488,0.00014985509112519502,-0.0030136391866500798,0.0024372821016880606,0.0005541105668873669,0.002155339261568634,0.8678826769934314,0.8675958271510325,0.0002868498423989063,-0.002313404404043803,0.002430440218778809,0.0013537576738695822,0.0024470443038265843,0.6897813855953152,0.6913630239020346,0.001581638306719424,-0.004975301142925231,0.007679649298895832,0.0013389148770321935,0.008048611152197127
