pipeline,median_rank,mean_rank,rank_iqr,median_srocc,median_plcc,median_rmse,median_time,aggregate_rank,family,outer_selection_count
crop_pad_navier,3.0,3.090909090909091,3.5,0.881129939604548,0.8252967635702921,0.9423621905960733,4.976719379425049,1,crop + padding,2
crop_pad_fsr,3.0,3.4545454545454546,3.75,0.8692345091857575,0.8137605528407788,1.0695903128849764,14.869898080825806,2,crop + padding,1
nocrop_pad_telea,3.0,3.5,2.0,0.8626002582880115,0.8134073626048028,0.9729483531692884,5.199008226394653,3,no crop + padding,1
nocrop_pad_navier,3.5,3.272727272727273,3.0,0.8491991351020967,0.8218816955545261,0.9458740137234556,5.204266846179962,4,no crop + padding,1
crop_pad_telea,3.5,3.6818181818181817,1.75,0.8587484858077477,0.8282801333773466,0.892821951562287,4.971716225147247,5,crop + padding,0
nocrop_pad_fsr,5.5,4.681818181818182,2.0,0.8254442419449675,0.770685013472456,1.077551866391724,15.264547646045685,6,no crop + padding,0
crop_nopad,8.0,7.863636363636363,2.0,0.4773216657933748,0.4993633657567039,1.207791228545327,4.0985923409461975,7,crop + no padding,0
nocrop_nopad,8.0,8.136363636363637,2.0,0.5109538767071383,0.519207829634116,1.2419583295299534,4.306501746177673,8,no crop + no padding,0
crop_pad_shiftmap,9.0,8.227272727272727,1.0,0.3970535661559482,0.42378533514129596,1.2821876410376758,57.32956999540329,9,crop + padding,0
nocrop_pad_shiftmap,10.0,9.090909090909092,1.75,0.3335829663948371,0.42271159137027503,1.3246995156485846,88.07456690073013,10,no crop + padding,0
