model,srocc,plcc,rmse,outer_fold,inner_fold,pipeline
AdaBoostRegressor,0.942788927944928,0.9377098546596466,0.46684361406386565,0,0,crop_pad_navier
BaggingRegressor,0.9353661199988098,0.9384837685460391,0.46324381008946774,0,0,crop_pad_navier
BayesianRidge,0.8998957718888108,0.8859548750543303,0.6398034504034954,0,0,crop_pad_navier
DecisionTreeRegressor,0.842549454008998,0.8252157913420326,0.7936507201012555,0,0,crop_pad_navier
DummyRegressor,,,1.3421712859303248,0,0,crop_pad_navier
ElasticNet,0.9285323182654264,0.8908470760416715,0.8440205522135196,0,0,crop_pad_navier
ElasticNetCV,0.8598661909322511,0.8476031854670767,0.7151560933577094,0,0,crop_pad_navier
ExtraTreeRegressor,0.8373950933022851,0.8579671265700056,0.7976528066771909,0,0,crop_pad_navier
ExtraTreesRegressor,0.9515016166698452,0.9491978241822037,0.42345872020247416,0,0,crop_pad_navier
GammaRegressor,0.9444209827066454,0.9316885663765446,0.5020400666945569,0,0,crop_pad_navier
GaussianProcessRegressor,0.5354110412866601,0.3941870839380159,2.96563444826217,0,0,crop_pad_navier
GradientBoostingRegressor,0.922774217004752,0.9310761056529712,0.4872308803401713,0,0,crop_pad_navier
HistGradientBoostingRegressor,0.9476200659425551,0.9541554637106965,0.42236688111447773,0,0,crop_pad_navier
HuberRegressor,0.8128160373156179,0.8139514151152125,0.8035066800984154,0,0,crop_pad_navier
KNeighborsRegressor,0.9123112111589983,0.9013242195153444,0.6110487733792416,0,0,crop_pad_navier
KernelRidge,0.9049148655010564,0.8840851388166956,2.4544956510777522,0,0,crop_pad_navier
Lars,-0.18758477475950847,-0.14717052231590347,4.6553568463675995e+33,0,0,crop_pad_navier
LarsCV,0.9244985681844193,0.8810248081230365,0.7183035596530439,0,0,crop_pad_navier
Lasso,0.9005116115958347,0.8469577831774905,1.1851910968248625,0,0,crop_pad_navier
LassoCV,0.8789880138353461,0.8544187009456424,0.7025795541035916,0,0,crop_pad_navier
LassoLars,0.9005116115958347,0.8469577831774903,1.1851910968248627,0,0,crop_pad_navier
LassoLarsCV,0.89269044731663,0.870446758910255,0.6658613334865059,0,0,crop_pad_navier
LinearRegression,0.09419268318931982,-0.0004128959204572104,2.750756813763328,0,0,crop_pad_navier
LinearSVR,0.8759396072855773,0.8549648500745125,0.7063222605902052,0,0,crop_pad_navier
MLPRegressor,0.9257918315691696,0.9272209492001078,0.5796234205121508,0,0,crop_pad_navier
NuSVR,0.9192639306747152,0.9203316559381836,0.534776212772711,0,0,crop_pad_navier
OrthogonalMatchingPursuit,0.9454063262378839,0.9386774307700284,0.6266412136406804,0,0,crop_pad_navier
OrthogonalMatchingPursuitCV,0.9546131298578926,0.8918454639531196,0.6167636934212714,0,0,crop_pad_navier
PassiveAggressiveRegressor,0.9273314308367296,0.8996875970682224,0.7052506912689942,0,0,crop_pad_navier
PoissonRegressor,0.9322889404782727,0.9259357258157734,0.5044348958513671,0,0,crop_pad_navier
QuantileRegressor,,,1.4007656465489593,0,0,crop_pad_navier
RandomForestRegressor,0.9450368224136695,0.9474824092202321,0.42930198207129766,0,0,crop_pad_navier
Ridge,0.9049148655010564,0.8840851388165621,0.6426679016816793,0,0,crop_pad_navier
RidgeCV,0.9049148655010564,0.8840851388165595,0.6426679016816952,0,0,crop_pad_navier
SGDRegressor,0.8949690542326187,0.8877669722371584,0.6309369732023907,0,0,crop_pad_navier
SVR,0.9204648181034121,0.9174087545308723,0.5388643839888243,0,0,crop_pad_navier
TransformedTargetRegressor,0.09419268318931982,-0.0004128959204572104,2.750756813763328,0,0,crop_pad_navier
TweedieRegressor,0.9414649521129301,0.9216724982273659,0.5302826099723152,0,0,crop_pad_navier
XGBRegressor,0.9343212115114519,0.9453295046107901,0.44891570788991714,0,0,crop_pad_navier
AdaBoostRegressor,0.9611209744874657,0.9581308156465065,0.5808891407986493,0,1,crop_pad_navier
BaggingRegressor,0.9601587720941496,0.947622040694397,0.6506198967138954,0,1,crop_pad_navier
BayesianRidge,0.8971396110890887,0.8943825750998577,0.9304362457920909,0,1,crop_pad_navier
DecisionTreeRegressor,0.9138114486644372,0.8630795877345073,0.8602826319858793,0,1,crop_pad_navier
DummyRegressor,,,1.5367141273365608,0,1,crop_pad_navier
ElasticNet,0.9546137736911666,0.94919812810472,0.958838877218602,0,1,crop_pad_navier
ElasticNetCV,0.8875194722844492,0.9063448779655633,0.8259372208023961,0,1,crop_pad_navier
ExtraTreeRegressor,0.9245800764196718,0.8603705933046135,0.9980908499869068,0,1,crop_pad_navier
ExtraTreesRegressor,0.9679339658822064,0.9573790502613507,0.590603605250156,0,1,crop_pad_navier
GammaRegressor,0.9610271995609265,0.9374956074954841,0.7067394354514298,0,1,crop_pad_navier
GaussianProcessRegressor,0.8912195256708489,0.36249775180234645,3.2152297061863084,0,1,crop_pad_navier
GradientBoostingRegressor,0.9499270394017268,0.9237701668063283,0.6750107243551137,0,1,crop_pad_navier
HistGradientBoostingRegressor,0.9216734770153501,0.9273855988289917,0.6700315676012292,0,1,crop_pad_navier
HuberRegressor,0.9136665162150082,0.8978445214250254,0.8997958528342576,0,1,crop_pad_navier
KNeighborsRegressor,0.9501485379838844,0.9116767572552986,0.867669788611408,0,1,crop_pad_navier
KernelRidge,0.888752823413249,0.8901116514887142,3.1794248774038416,0,1,crop_pad_navier
Lars,0.5545146675084607,0.5123932229638212,7.327467051739973e+25,0,1,crop_pad_navier
LarsCV,0.9602871888836465,0.948904834628598,1.1711247942362653,0,1,crop_pad_navier
Lasso,0.9649739231730863,0.935762612795686,1.4179386034737045,0,1,crop_pad_navier
LassoCV,0.9023196858300486,0.9152578594382924,0.7594352033553021,0,1,crop_pad_navier
LassoLars,0.9649739231730863,0.9357337902332721,1.4179479931857994,0,1,crop_pad_navier
LassoLarsCV,0.9023196858300486,0.9152910297577872,0.752877340776597,0,1,crop_pad_navier
LinearRegression,0.42871285237086504,0.4771737330830214,5.8489541884951235,0,1,crop_pad_navier
LinearSVR,0.8959062599602887,0.8761451924771427,0.8660956450417086,0,1,crop_pad_navier
MLPRegressor,0.9380868685652473,0.9250613068430271,0.7170743179269586,0,1,crop_pad_navier
NuSVR,0.9077464307967683,0.931424404846341,0.75264330920625,0,1,crop_pad_navier
OrthogonalMatchingPursuit,0.8638391306114899,0.8820846307667966,0.7481998640960451,0,1,crop_pad_navier
OrthogonalMatchingPursuitCV,0.9662072743018864,0.9244105562052726,0.6322245106992068,0,1,crop_pad_navier
PassiveAggressiveRegressor,0.9435136135319672,0.9317581266443878,0.8614161019984329,0,1,crop_pad_navier
PoissonRegressor,0.9509137203047668,0.9470835770247602,0.6504964544591607,0,1,crop_pad_navier
QuantileRegressor,,,1.625086204610018,0,1,crop_pad_navier
RandomForestRegressor,0.968053191597493,0.9479811612675153,0.6474691478470556,0,1,crop_pad_navier
Ridge,0.888752823413249,0.8901116514884636,0.9259049910616712,0,1,crop_pad_navier
RidgeCV,0.888752823413249,0.8901116514884696,0.9259049910615671,0,1,crop_pad_navier
SGDRegressor,0.7792312431758129,0.802681956615672,0.9285431213342648,0,1,crop_pad_navier
SVR,0.9200799420847678,0.9257888313489825,0.7791978109917597,0,1,crop_pad_navier
TransformedTargetRegressor,0.42871285237086504,0.4771737330830214,5.8489541884951235,0,1,crop_pad_navier
TweedieRegressor,0.9578204866260465,0.9408188431458535,0.7036987631886048,0,1,crop_pad_navier
XGBRegressor,0.9366068472106874,0.8954341837935657,0.883420099282707,0,1,crop_pad_navier
AdaBoostRegressor,0.9651703696848465,0.9467314049836937,0.4188544582743685,0,2,crop_pad_navier
BaggingRegressor,0.9478912584018893,0.9333992341916184,0.4320370753566859,0,2,crop_pad_navier
BayesianRidge,0.9606156504957982,0.9333110706527026,0.5195679715012613,0,2,crop_pad_navier
DecisionTreeRegressor,0.945504203224982,0.9237716464392434,0.4836552633778562,0,2,crop_pad_navier
DummyRegressor,,,1.2717483074223566,0,2,crop_pad_navier
ElasticNet,0.9613564851876972,0.8820798879781008,0.7602981724299669,0,2,crop_pad_navier
ElasticNetCV,0.9608625953930978,0.8949947711121206,0.5241737803987986,0,2,crop_pad_navier
ExtraTreeRegressor,0.6792679822321571,0.6983665089261872,0.8386025938099809,0,2,crop_pad_navier
ExtraTreesRegressor,0.9578992566255017,0.9426777460264496,0.41588721894199954,0,2,crop_pad_navier
GammaRegressor,0.9675301076201895,0.938197148069176,0.44851131773505043,0,2,crop_pad_navier
GaussianProcessRegressor,0.8882607955869887,0.7256776529778359,2.4472426565327163,0,2,crop_pad_navier
GradientBoostingRegressor,0.9709873361823852,0.951327249826261,0.3851279465850827,0,2,crop_pad_navier
HistGradientBoostingRegressor,0.9675301076201895,0.9552454855484668,0.3535017196595335,0,2,crop_pad_navier
HuberRegressor,0.9519725790903091,0.9221381157312706,0.6921344604469554,0,2,crop_pad_navier
KNeighborsRegressor,0.9715895421127297,0.9657901470752028,0.30566349538960835,0,2,crop_pad_navier
KernelRidge,0.9638259341606942,0.9368927118553029,3.132264443923801,0,2,crop_pad_navier
Lars,0.5101881578211617,0.04884376576663972,3.021147875303369e+25,0,2,crop_pad_navier
LarsCV,0.9529603586795078,0.8832936747091046,0.5928438282437533,0,2,crop_pad_navier
Lasso,0.9359211607658292,0.8603820179264355,1.147799727999351,0,2,crop_pad_navier
LassoCV,0.9588870362147003,0.8866123795434364,0.5540597794061985,0,2,crop_pad_navier
LassoLars,0.9359211607658292,0.8603497330200743,1.1478345890790276,0,2,crop_pad_navier
LassoLarsCV,0.9586400913174007,0.8863478877672213,0.5544996977878602,0,2,crop_pad_navier
LinearRegression,0.42993106619876215,0.3662773909963571,6.59140643032916,0,2,crop_pad_navier
LinearSVR,0.9596278709065995,0.9347024072308066,0.9499298542265581,0,2,crop_pad_navier
MLPRegressor,0.9522195239876087,0.941292687971967,0.5173339899884258,0,2,crop_pad_navier
NuSVR,0.937649775046927,0.9570841305481375,0.3889211622263633,0,2,crop_pad_navier
OrthogonalMatchingPursuit,0.9717281708742844,0.9099765752965626,0.5707433202842729,0,2,crop_pad_navier
OrthogonalMatchingPursuitCV,0.9295005934360371,0.8523737555542684,0.6921614988425332,0,2,crop_pad_navier
PassiveAggressiveRegressor,0.9667892729282905,0.9115686531257772,0.5677557980870674,0,2,crop_pad_navier
PoissonRegressor,0.9662953831336911,0.9402815940409229,0.440664317097556,0,2,crop_pad_navier
QuantileRegressor,,,1.2031925921452074,0,2,crop_pad_navier
RandomForestRegressor,0.9554298076525047,0.9362002211620013,0.4244740102112584,0,2,crop_pad_navier
Ridge,0.9638259341606942,0.9368927118551466,0.6027955974737482,0,2,crop_pad_navier
RidgeCV,0.9638259341606942,0.9368927118551412,0.6027955974737805,0,2,crop_pad_navier
SGDRegressor,0.9643198239552936,0.9049627498259688,0.5295753205401821,0,2,crop_pad_navier
SVR,0.9420947831983214,0.9566285273504813,0.3644007586379375,0,2,crop_pad_navier
TransformedTargetRegressor,0.42993106619876215,0.3662773909963571,6.59140643032916,0,2,crop_pad_navier
TweedieRegressor,0.9675301076201895,0.9185498056452487,0.4644790221559377,0,2,crop_pad_navier
XGBRegressor,0.9588870362147003,0.941618065322353,0.40598199497940723,0,2,crop_pad_navier
AdaBoostRegressor,0.9661546069264229,0.9435079085419305,0.7180044523869966,0,3,crop_pad_navier
BaggingRegressor,0.9664061108825556,0.9522889753871628,0.6978969331572857,0,3,crop_pad_navier
BayesianRidge,0.8631792782452187,0.9218191648201911,0.9043040880628899,0,3,crop_pad_navier
DecisionTreeRegressor,0.9568053319132205,0.941846438029367,0.6765308311653219,0,3,crop_pad_navier
DummyRegressor,,,1.2440703590488649,0,3,crop_pad_navier
ElasticNet,0.9506085956983823,0.8808204672650237,0.969609258775448,0,3,crop_pad_navier
ElasticNetCV,0.95505415421295,0.8881230920503297,0.9143264091500882,0,3,crop_pad_navier
ExtraTreeRegressor,0.9661385693931244,0.9345428252585216,0.8988018845030348,0,3,crop_pad_navier
ExtraTreesRegressor,0.9787637996239774,0.9528812764304349,0.713382929948131,0,3,crop_pad_navier
GammaRegressor,0.9753061430015358,0.9198282717095807,0.9215867298447624,0,3,crop_pad_navier
GaussianProcessRegressor,0.9696257071218105,0.5194610391287304,2.439720983337215,0,3,crop_pad_navier
GradientBoostingRegressor,0.9765410203666934,0.9485567104320468,0.7553678843795334,0,3,crop_pad_navier
HistGradientBoostingRegressor,0.976294044893662,0.9537938661541675,0.7481765767581117,0,3,crop_pad_navier
HuberRegressor,0.6910373735422378,0.8611866509961721,0.6318645976740994,0,3,crop_pad_navier
KNeighborsRegressor,0.8954540489852102,0.8042088763716112,1.3346451162038906,0,3,crop_pad_navier
KernelRidge,0.7199335038869276,0.8314131445526087,1.973022615256299,0,3,crop_pad_navier
Lars,-0.08915814576438452,-0.09431153881922535,9.800115987647468e+27,0,3,crop_pad_navier
LarsCV,0.9409765522501523,0.8606504406764004,1.195720152172669,0,3,crop_pad_navier
Lasso,0.9429523560344049,0.8713033087954031,1.1242069875548968,0,3,crop_pad_navier
LassoCV,0.9585118108353916,0.8907135387281554,0.8757945868265271,0,3,crop_pad_navier
LassoLars,0.9429523560344049,0.8713109289018377,1.12419389203844,0,3,crop_pad_navier
LassoLarsCV,0.9585118108353916,0.8906905109292721,0.8812260799651364,0,3,crop_pad_navier
LinearRegression,0.013830626489766022,-0.11232177523609091,7.184595794917908,0,3,crop_pad_navier
LinearSVR,0.5811332880432044,0.7470545535400782,1.0416083441961597,0,3,crop_pad_navier
MLPRegressor,0.9604876146196439,0.9559250834826502,0.5967143548621798,0,3,crop_pad_navier
NuSVR,0.9609815655657068,0.914995007252761,0.9905184561404204,0,3,crop_pad_navier
OrthogonalMatchingPursuit,0.9520904485365715,0.8737303995073875,0.8283645462956731,0,3,crop_pad_navier
OrthogonalMatchingPursuitCV,0.9735773146903152,0.9033780950792782,0.666887985819762,0,3,crop_pad_navier
PassiveAggressiveRegressor,0.8565109404733671,0.9029879713082416,1.1358782812653627,0,3,crop_pad_navier
PoissonRegressor,0.9733303392172837,0.91231822840776,1.0146157948510093,0,3,crop_pad_navier
QuantileRegressor,,,1.1791014258382497,0,3,crop_pad_navier
RandomForestRegressor,0.9790107750970088,0.9470772102964268,0.7352472094824465,0,3,crop_pad_navier
Ridge,0.7199335038869276,0.8314131445386673,1.030930841071284,0,3,crop_pad_navier
RidgeCV,0.7199335038869276,0.8314131445390801,1.0309308410704898,0,3,crop_pad_navier
SGDRegressor,0.8614504499339979,0.8259424678668889,1.510370162888444,0,3,crop_pad_navier
SVR,0.9678968788105898,0.9111928503463737,0.9984118847302098,0,3,crop_pad_navier
TransformedTargetRegressor,0.013830626489766022,-0.11232177523609091,7.184595794917908,0,3,crop_pad_navier
TweedieRegressor,0.962463418403896,0.8783124449616556,0.9958266783344407,0,3,crop_pad_navier
XGBRegressor,0.9745652165824413,0.9442942458136048,0.7541096005972908,0,3,crop_pad_navier
AdaBoostRegressor,0.9739520720526498,0.82407892878605,1.205473861291959,0,4,crop_pad_navier
BaggingRegressor,0.9471154134010998,0.8082385259502134,1.1957731772285705,0,4,crop_pad_navier
BayesianRidge,0.9555255056961599,0.9111157184344568,1.9609329356668541,0,4,crop_pad_navier
DecisionTreeRegressor,0.682891496165025,0.6563733957349732,1.300861783323019,0,4,crop_pad_navier
DummyRegressor,,,1.4315045551166985,0,4,crop_pad_navier
ElasticNet,0.9491191975094397,0.9422465397152212,0.9800144134273017,0,4,crop_pad_navier
ElasticNetCV,0.86509800167592,0.8565500793509673,2.04397139077451,0,4,crop_pad_navier
ExtraTreeRegressor,0.8883770563063184,0.830662986640107,1.1112667515513313,0,4,crop_pad_navier
ExtraTreesRegressor,0.9569932296937108,0.8158823271736354,1.2654976660082833,0,4,crop_pad_navier
GammaRegressor,0.9498583869155999,0.8552626471956495,1.6293727802904447,0,4,crop_pad_navier
GaussianProcessRegressor,0.9168412601071199,0.3906929052861973,3.177812357473352,0,4,crop_pad_navier
GradientBoostingRegressor,0.9726466534852413,0.8095956100122854,1.241032213436345,0,4,crop_pad_navier
HistGradientBoostingRegressor,0.9726466534852413,0.8548017994083404,1.2022713916478533,0,4,crop_pad_navier
HuberRegressor,0.96439577857008,0.9390665654583497,1.4030647776445453,0,4,crop_pad_navier
KNeighborsRegressor,0.9604766821946975,0.7791037812326818,1.4816259707636672,0,4,crop_pad_navier
KernelRidge,0.9436984751975999,0.9028557463354243,3.8575720156808253,0,4,crop_pad_navier
Lars,0.24343971109535997,0.1339800489129353,5.234337649083555e+25,0,4,crop_pad_navier
LarsCV,0.9606998315392801,0.938208668695897,1.2192600830547915,0,4,crop_pad_navier
Lasso,0.9606998315392801,0.9390709976554779,1.3179753789799926,0,4,crop_pad_navier
LassoCV,0.89786873201568,0.8768935693128971,2.1867206597287168,0,4,crop_pad_navier
LassoLars,0.9606998315392801,0.9390745262662317,1.3179584994448175,0,4,crop_pad_navier
LassoLarsCV,0.89786873201568,0.8770633887590478,2.1809313347677435,0,4,crop_pad_navier
LinearRegression,0.58346683792896,0.6317224443622644,36.155777737960136,0,4,crop_pad_navier
LinearSVR,0.59972900486448,0.5720971615336023,1.1556236303011402,0,4,crop_pad_navier
MLPRegressor,0.94419126813504,0.8901323771597042,1.3314345191033325,0,4,crop_pad_navier
NuSVR,-0.08771714286431999,0.21510120874708946,1.7063708818771648,0,4,crop_pad_navier
OrthogonalMatchingPursuit,0.9264507223871999,0.8924833291286187,0.854029659543014,0,4,crop_pad_navier
OrthogonalMatchingPursuitCV,0.9621782103515999,0.9107241644033507,0.5816798435723007,0,4,crop_pad_navier
PassiveAggressiveRegressor,0.9552791092274397,0.9380920867544855,3.575227749439502,0,4,crop_pad_navier
PoissonRegressor,0.9634101926952,0.8724292024922099,1.8242340235883303,0,4,crop_pad_navier
QuantileRegressor,,,1.4647142830717814,0,4,crop_pad_navier
RandomForestRegressor,0.9518295586653599,0.7841514980792773,1.2410621406960105,0,4,crop_pad_navier
Ridge,0.9436984751975999,0.9028557463365703,1.4343562662256886,0,4,crop_pad_navier
RidgeCV,0.21535051366127997,0.127664726856893,2.5535670903225847,0,4,crop_pad_navier
SGDRegressor,0.63176054579808,0.6208220976881799,1.370469211879349,0,4,crop_pad_navier
SVR,-0.14734508829456,0.20305155972842784,1.725470476126782,0,4,crop_pad_navier
TransformedTargetRegressor,0.58346683792896,0.6317224443622644,36.155777737960136,0,4,crop_pad_navier
TweedieRegressor,0.9488728010407199,0.9000470560079288,1.7842937609562248,0,4,crop_pad_navier
XGBRegressor,0.7729457223746399,0.7448251735296444,1.2715929830243626,0,4,crop_pad_navier
AdaBoostRegressor,0.9519185830580573,0.9382916694570378,0.4970435544781114,1,0,crop_pad_fsr
BaggingRegressor,0.9506657727015015,0.9542179153177548,0.42482729756763593,1,0,crop_pad_fsr
BayesianRidge,0.9467401469234265,0.9376343936326172,0.5628533789763487,1,0,crop_pad_fsr
DecisionTreeRegressor,0.860529383776375,0.8656307121299858,0.6917618685347008,1,0,crop_pad_fsr
DummyRegressor,,,1.350171191858504,1,0,crop_pad_fsr
ElasticNet,0.9530223897095038,0.9295045202361566,0.8440810121912321,1,0,crop_pad_fsr
ElasticNetCV,0.922873783397887,0.8999950827762954,0.6129966944041461,1,0,crop_pad_fsr
ExtraTreeRegressor,0.7711875203361951,0.792479049079586,0.8232871456168444,1,0,crop_pad_fsr
ExtraTreesRegressor,0.9467401469234265,0.9442481170444583,0.4676728405369101,1,0,crop_pad_fsr
GammaRegressor,0.95268364132398,0.9331139795918189,0.48583264426774214,1,0,crop_pad_fsr
GaussianProcessRegressor,0.792548040894555,0.2982200792883818,3.0031151834526777,1,0,crop_pad_fsr
GradientBoostingRegressor,0.9548085175604474,0.9462876102281896,0.45497245140715664,1,0,crop_pad_fsr
HistGradientBoostingRegressor,0.9516189199710214,0.94173526761849,0.4969594337021151,1,0,crop_pad_fsr
HuberRegressor,0.9051664814273256,0.8557990347396162,0.8088905467478412,1,0,crop_pad_fsr
KNeighborsRegressor,0.9192547183009974,0.915183045724697,0.5639072435342046,1,0,crop_pad_fsr
KernelRidge,0.9423672132193921,0.9236085383007709,2.258018640827998,1,0,crop_pad_fsr
Lars,0.10855345990648531,0.08753757554024802,4.011846565074038e+34,1,0,crop_pad_fsr
LarsCV,0.9541310207894,0.9366826337186496,1.137381982316805,1,0,crop_pad_fsr
Lasso,0.9523448929384561,0.9303343528058878,1.1930316160008585,1,0,crop_pad_fsr
LassoCV,0.921210836778043,0.9008912202151417,0.5937750076705125,1,0,crop_pad_fsr
LassoLars,0.9523448929384561,0.9303139483626329,1.1930335551385705,1,0,crop_pad_fsr
LassoLarsCV,0.9180697153850043,0.8978314504823288,0.6021812312646908,1,0,crop_pad_fsr
LinearRegression,0.6517210984399854,0.5408697872824803,8.006036667629381,1,0,crop_pad_fsr
LinearSVR,0.8480411855049057,0.727467695587728,1.1493735096347144,1,0,crop_pad_fsr
MLPRegressor,0.9480643451577466,0.9433960124554336,0.6817986482721992,1,0,crop_pad_fsr
NuSVR,0.9466785563078766,0.9523124206133211,0.45891354706811033,1,0,crop_pad_fsr
OrthogonalMatchingPursuit,0.9501276307786642,0.9412006487367562,0.5478209445321998,1,0,crop_pad_fsr
OrthogonalMatchingPursuitCV,0.8917089319296989,0.8924825007850861,0.6955851828593556,1,0,crop_pad_fsr
PassiveAggressiveRegressor,0.9523140976306813,0.9319552930264009,0.6290107759503043,1,0,crop_pad_fsr
PoissonRegressor,0.9539462489427505,0.9419674662634393,0.46959997087832367,1,0,crop_pad_fsr
QuantileRegressor,,,1.4064736412205796,1,0,crop_pad_fsr
RandomForestRegressor,0.9489266137754436,0.9465046343474037,0.4630124386222962,1,0,crop_pad_fsr
Ridge,0.9423672132193921,0.9236085383010362,0.5919762109194987,1,0,crop_pad_fsr
RidgeCV,0.8211876771252021,0.7218756255823815,1.1758130293591618,1,0,crop_pad_fsr
SGDRegressor,0.9058747735061481,0.886353134126301,0.6194661247864037,1,0,crop_pad_fsr
SVR,0.9474792343100239,0.9537224386203815,0.4470889293144541,1,0,crop_pad_fsr
TransformedTargetRegressor,0.6517210984399854,0.5408697872824803,8.006036667629381,1,0,crop_pad_fsr
TweedieRegressor,0.9425827803738162,0.9189282174749547,0.5841350466170144,1,0,crop_pad_fsr
XGBRegressor,0.9401644112343421,0.934750900849209,0.4976300844972003,1,0,crop_pad_fsr
AdaBoostRegressor,0.976431867670971,0.9799522767447469,0.37587189424873707,1,1,crop_pad_fsr
BaggingRegressor,0.9716266954426948,0.9526255838048142,0.6148194997244143,1,1,crop_pad_fsr
BayesianRidge,0.9060197392164484,0.9091336704312436,1.0651534675258343,1,1,crop_pad_fsr
DecisionTreeRegressor,0.9607645976155972,0.9093345549091323,0.7990026110181325,1,1,crop_pad_fsr
DummyRegressor,,,1.5437181014338113,1,1,crop_pad_fsr
ElasticNet,0.9272333786318078,0.9079768263603234,1.0766541936321234,1,1,crop_pad_fsr
ElasticNetCV,0.9072530903452484,0.9052986914907744,0.9894607167071421,1,1,crop_pad_fsr
ExtraTreeRegressor,0.8967518902526326,0.8748376768015172,0.7618743900452991,1,1,crop_pad_fsr
ExtraTreesRegressor,0.9520176519813266,0.9491037666413799,0.5722988127145485,1,1,crop_pad_fsr
GammaRegressor,0.9546137736911666,0.9166173877943863,0.8448545131565147,1,1,crop_pad_fsr
GaussianProcessRegressor,0.8290586287793311,0.35006745918912896,3.22938369018847,1,1,crop_pad_fsr
GradientBoostingRegressor,0.9593005079806067,0.961070691253715,0.48202383599668125,1,1,crop_pad_fsr
HistGradientBoostingRegressor,0.9676789993718253,0.9773795616434455,0.35300451225234586,1,1,crop_pad_fsr
HuberRegressor,0.9230399847938879,0.8586977565674937,1.0572333814781762,1,1,crop_pad_fsr
KNeighborsRegressor,0.9319923562803201,0.9115561786565354,0.7931615046217214,1,1,crop_pad_fsr
KernelRidge,0.9144065268922882,0.8979300389460675,3.3220802177480566,1,1,crop_pad_fsr
Lars,-0.019486947835039323,0.2269161931863351,8.914392297130677e+28,1,1,crop_pad_fsr
LarsCV,0.9018263453785286,0.8476640454835982,1.1845888279635512,1,1,crop_pad_fsr
Lasso,0.8680325244494097,0.8017235741054594,1.4612119443485543,1,1,crop_pad_fsr
LassoCV,0.891959536348129,0.8953820832531406,1.1338510149146237,1,1,crop_pad_fsr
LassoLars,0.8680325244494097,0.8017235741054594,1.461211944348554,1,1,crop_pad_fsr
LassoLarsCV,0.8978796217663688,0.8966172419790827,1.1018175927446623,1,1,crop_pad_fsr
LinearRegression,0.31623122942430903,0.40357594552198633,3.7528007585517407,1,1,crop_pad_fsr
LinearSVR,0.9161332184726081,0.8738769070700445,0.8471445140379331,1,1,crop_pad_fsr
MLPRegressor,0.9541204332396469,0.9508971169117392,0.5755161476370886,1,1,crop_pad_fsr
NuSVR,0.9047863880876486,0.922771412620773,0.7825860664635427,1,1,crop_pad_fsr
OrthogonalMatchingPursuit,0.8149984259110117,0.805990003532499,1.261313665271962,1,1,crop_pad_fsr
OrthogonalMatchingPursuitCV,0.8801193655116493,0.7972431840724513,1.194946473626109,1,1,crop_pad_fsr
PassiveAggressiveRegressor,0.9297000808894077,0.9096714111708146,1.0300685903975508,1,1,crop_pad_fsr
PoissonRegressor,0.945733645563807,0.9294104323866932,0.8074860647497409,1,1,crop_pad_fsr
QuantileRegressor,,,1.625086204610018,1,1,crop_pad_fsr
RandomForestRegressor,0.9685465928164518,0.9592422634914213,0.538995145842129,1,1,crop_pad_fsr
Ridge,0.9144065268922882,0.8979300389461755,1.0144699837750686,1,1,crop_pad_fsr
RidgeCV,0.922793314568128,0.8523110362651478,1.007613314828447,1,1,crop_pad_fsr
SGDRegressor,0.7676377425650933,0.7758291665550775,1.9630966545523418,1,1,crop_pad_fsr
SVR,0.9163798886983681,0.9231771928424106,0.7799329452464473,1,1,crop_pad_fsr
TransformedTargetRegressor,0.31623122942430903,0.40357594552198633,3.7528007585517407,1,1,crop_pad_fsr
TweedieRegressor,0.9432669433062071,0.9244686822878962,0.8387503213346023,1,1,crop_pad_fsr
XGBRegressor,0.9104598032801282,0.9344375885341809,0.5635363569466145,1,1,crop_pad_fsr
AdaBoostRegressor,0.9813512397166759,0.9246523316052122,0.8366831386859813,1,2,crop_pad_fsr
BaggingRegressor,0.9719676012514242,0.9114954976130232,0.864053074479364,1,2,crop_pad_fsr
BayesianRidge,0.9611095402903976,0.8734625613299201,0.8676305123705406,1,2,crop_pad_fsr
DecisionTreeRegressor,0.9133226260989263,0.8985308619896692,0.7538407405208115,1,2,crop_pad_fsr
DummyRegressor,,,1.2618016016027924,1,2,crop_pad_fsr
ElasticNet,0.9457989566578168,0.8503936906466164,0.8573675238711849,1,2,crop_pad_fsr
ElasticNetCV,0.9519725790903091,0.8718078093693302,0.7492806701949775,1,2,crop_pad_fsr
ExtraTreeRegressor,0.9236197078484772,0.8530106028682389,1.0147298774244953,1,2,crop_pad_fsr
ExtraTreesRegressor,0.971353913312827,0.9010480442590729,0.8864608826968765,1,2,crop_pad_fsr
GammaRegressor,0.9687648321066881,0.9267492250190342,0.5118099503985795,1,2,crop_pad_fsr
GaussianProcessRegressor,0.8356615324621546,0.7380739716769242,2.4504114291023393,1,2,crop_pad_fsr
GradientBoostingRegressor,0.971975115771584,0.9272371986003097,0.7308440322713926,1,2,crop_pad_fsr
HistGradientBoostingRegressor,0.9880265340960641,0.9388222201902231,0.6512691564081214,1,2,crop_pad_fsr
HuberRegressor,0.9127083404196583,0.75599442895199,1.203473542923641,1,2,crop_pad_fsr
KNeighborsRegressor,0.9761539070099425,0.9101180216746,0.9499954627840834,1,2,crop_pad_fsr
KernelRidge,0.9514786892957099,0.8481618727127387,2.2042298670667537,1,2,crop_pad_fsr
Lars,0.13409107923373226,0.22141811220727076,1.4880687148171912e+26,1,2,crop_pad_fsr
LarsCV,0.9475275709389145,0.8482024965901688,0.8616022056935191,1,2,crop_pad_fsr
Lasso,0.9393783893280249,0.8345800730056891,1.121678778078045,1,2,crop_pad_fsr
LassoCV,0.9504909097065108,0.8646457571316467,0.7648847254627534,1,2,crop_pad_fsr
LassoLars,0.9393783893280249,0.834580073005689,1.121678778078045,1,2,crop_pad_fsr
LassoLarsCV,0.9472806260416149,0.860230292497703,0.7696529953787713,1,2,crop_pad_fsr
LinearRegression,0.4679605803829146,0.41453857777225256,7.374004719473766,1,2,crop_pad_fsr
LinearSVR,0.9277719791549394,0.7313199803987557,1.035728063501055,1,2,crop_pad_fsr
MLPRegressor,0.9067816628844656,0.8968216142106664,0.6760462211760969,1,2,crop_pad_fsr
NuSVR,0.9766670688202783,0.9355718778850304,0.7277795608815646,1,2,crop_pad_fsr
OrthogonalMatchingPursuit,0.9658014933390917,0.878866780455534,0.6416612875617106,1,2,crop_pad_fsr
OrthogonalMatchingPursuitCV,0.9480214607335141,0.9006932927241541,0.8246012526985378,1,2,crop_pad_fsr
PassiveAggressiveRegressor,0.9559236974471041,0.852116579994271,1.024756471124341,1,2,crop_pad_fsr
PoissonRegressor,0.9620973198795965,0.9210450566448977,0.5230205798028825,1,2,crop_pad_fsr
QuantileRegressor,,,1.20956140526368,1,2,crop_pad_fsr
RandomForestRegressor,0.9817268765366101,0.9179372424408152,0.7870947383607473,1,2,crop_pad_fsr
Ridge,0.9514786892957099,0.8481618727127476,0.9487364631316094,1,2,crop_pad_fsr
RidgeCV,0.9514786892957099,0.8481618727127711,0.9487364631315083,1,2,crop_pad_fsr
SGDRegressor,0.9754323443337798,0.8901723588718994,0.9453443717557987,1,2,crop_pad_fsr
SVR,0.9779017933067767,0.9338770142916203,0.7307385066926347,1,2,crop_pad_fsr
TransformedTargetRegressor,0.4679605803829146,0.41453857777225256,7.374004719473766,1,2,crop_pad_fsr
TweedieRegressor,0.9717281708742844,0.9064841050407697,0.6330739876399324,1,2,crop_pad_fsr
XGBRegressor,0.9667892729282905,0.9127998815060041,0.8064098787305617,1,2,crop_pad_fsr
AdaBoostRegressor,0.9794714391034489,0.9422079053012961,0.7640301105359012,1,3,crop_pad_fsr
BaggingRegressor,0.9774023239429593,0.9346764370432955,0.8615156802063323,1,3,crop_pad_fsr
BayesianRidge,0.7851350287672532,0.915048762718245,0.9224875452862497,1,3,crop_pad_fsr
DecisionTreeRegressor,0.9361238324758897,0.9064899843189564,0.8732494804879153,1,3,crop_pad_fsr
DummyRegressor,,,1.2343925029614444,1,3,crop_pad_fsr
ElasticNet,0.954560203266887,0.8775986202004347,0.9994671562203424,1,3,crop_pad_fsr
ElasticNetCV,0.9533253259017294,0.8720580092913239,1.1949675955926116,1,3,crop_pad_fsr
ExtraTreeRegressor,0.8899032861540805,0.8653527308382454,0.9614554340811319,1,3,crop_pad_fsr
ExtraTreesRegressor,0.9691317561757476,0.9385388301644609,0.7980831156482134,1,3,crop_pad_fsr
GammaRegressor,0.9666620014454322,0.9243957347883237,0.8820630053710357,1,3,crop_pad_fsr
GaussianProcessRegressor,0.9535723013747608,0.5114693150454583,2.4342081464152616,1,3,crop_pad_fsr
GradientBoostingRegressor,0.9753061430015358,0.9532933356875046,0.6729814607986341,1,3,crop_pad_fsr
HistGradientBoostingRegressor,0.9746852591051094,0.9457473508116836,0.7501313325483137,1,3,crop_pad_fsr
HuberRegressor,0.3373684961610783,0.4492170472146103,1.2124912454668777,1,3,crop_pad_fsr
KNeighborsRegressor,0.9400890626147651,0.88489620306982,1.0808118755569016,1,3,crop_pad_fsr
KernelRidge,0.55470691242883,0.7464072069077871,2.187231777107993,1,3,crop_pad_fsr
Lars,0.22375977856657167,0.33799636959236345,7.342216693231863e+25,1,3,crop_pad_fsr
LarsCV,0.9424584050883416,0.8577956533993901,1.1454239360260823,1,3,crop_pad_fsr
Lasso,0.9424584050883416,0.8656269236114615,1.1241379186458915,1,3,crop_pad_fsr
LassoCV,0.952337424009603,0.8746207349401458,1.2095070176687623,1,3,crop_pad_fsr
LassoLars,0.9424584050883416,0.8658145552880976,1.1241178686509148,1,3,crop_pad_fsr
LassoLarsCV,0.952337424009603,0.8747036010523033,1.2075913435491594,1,3,crop_pad_fsr
LinearRegression,-0.017782234058270598,-0.030482411124186766,2.880904261084906,1,3,crop_pad_fsr
LinearSVR,0.26352282972464897,0.3034758416410497,1.4167240244095907,1,3,crop_pad_fsr
MLPRegressor,0.9580178598893285,0.9543493299205891,0.6848424312388933,1,3,crop_pad_fsr
NuSVR,0.9553011296859817,0.9347323616326887,0.8714967811169776,1,3,crop_pad_fsr
OrthogonalMatchingPursuit,0.907634863390895,0.8973449295305039,0.7257997666117735,1,3,crop_pad_fsr
OrthogonalMatchingPursuitCV,0.9533253259017294,0.8543386361098584,1.036600827644065,1,3,crop_pad_fsr
PassiveAggressiveRegressor,0.8002005326221769,0.9063787069369263,1.4405152499250415,1,3,crop_pad_fsr
PoissonRegressor,0.9760470694206306,0.9203991098731323,0.9372952253587651,1,3,crop_pad_fsr
QuantileRegressor,,,1.185181493448912,1,3,crop_pad_fsr
RandomForestRegressor,0.9756732826825093,0.9516517450235028,0.7216084569115078,1,3,crop_pad_fsr
Ridge,0.55470691242883,0.7464072069014462,0.9600389165059612,1,3,crop_pad_fsr
RidgeCV,0.06001503994666327,0.15325246843355317,1.609948028036209,1,3,crop_pad_fsr
SGDRegressor,0.8009414590412716,0.8638138084506355,1.4442657248129476,1,3,crop_pad_fsr
SVR,0.9553011296859817,0.9327201867490993,0.8870872606848571,1,3,crop_pad_fsr
TransformedTargetRegressor,-0.017782234058270598,-0.030482411124186766,2.880904261084906,1,3,crop_pad_fsr
TweedieRegressor,0.9602406391466123,0.8808651885287518,1.009111889862615,1,3,crop_pad_fsr
XGBRegressor,0.9728363882712204,0.9511614237585465,0.625927260581978,1,3,crop_pad_fsr
AdaBoostRegressor,0.96052829687845,0.9111962177095433,0.753291500936032,1,4,crop_pad_fsr
BaggingRegressor,0.969536732423564,0.891301011002627,0.879299780193465,1,4,crop_pad_fsr
BayesianRidge,0.9302103249027157,0.935285614228031,0.7372314256438351,1,4,crop_pad_fsr
DecisionTreeRegressor,0.5864120978260428,0.6795509630574877,1.128166043049362,1,4,crop_pad_fsr
DummyRegressor,,,1.4997255396943183,1,4,crop_pad_fsr
ElasticNet,0.9585703957838961,0.9267032983271587,0.9575037312670456,1,4,crop_pad_fsr
ElasticNetCV,0.9353891204549313,0.9284215115521779,0.6877413799011678,1,4,crop_pad_fsr
ExtraTreeRegressor,0.7926327913136181,0.63078153597524,1.5144135088746629,1,4,crop_pad_fsr
ExtraTreesRegressor,0.9672017217042553,0.9044950527662862,0.8146170667971795,1,4,crop_pad_fsr
GammaRegressor,0.9674483310162657,0.9429714660920817,0.5251793999088167,1,4,crop_pad_fsr
GaussianProcessRegressor,0.892232490853135,0.40354650100803746,3.0774102417025073,1,4,crop_pad_fsr
GradientBoostingRegressor,0.9615297075280195,0.9150640785492709,0.7355030143299993,1,4,crop_pad_fsr
HistGradientBoostingRegressor,0.9561043026637934,0.9192768097646318,0.7645243870078404,1,4,crop_pad_fsr
HuberRegressor,0.8488292519393287,0.8891411678271621,1.185385927002475,1,4,crop_pad_fsr
KNeighborsRegressor,0.9642288039936872,0.9319592916551321,0.6190482127065488,1,4,crop_pad_fsr
KernelRidge,0.9001239888374638,0.9249659154448783,2.9399756916620134,1,4,crop_pad_fsr
Lars,0.9080154868217921,0.7972961411759268,1.3406015675477507e+29,1,4,crop_pad_fsr
LarsCV,0.9489526326154959,0.9314899252641432,1.427437481452486,1,4,crop_pad_fsr
Lasso,0.9479661953674549,0.9326956405067363,1.3608389411241417,1,4,crop_pad_fsr
LassoCV,0.9265111852225619,0.9241933176329902,0.7242640042849633,1,4,crop_pad_fsr
LassoLars,0.9479661953674549,0.9326967606090745,1.3608429805490687,1,4,crop_pad_fsr
LassoLarsCV,0.9250315293505001,0.9186569818957037,0.765199412256412,1,4,crop_pad_fsr
LinearRegression,-0.8762028855724681,-0.796625258209267,8.208365058291786,1,4,crop_pad_fsr
LinearSVR,0.8905062256690632,0.9185613929526517,1.1659425893118125,1,4,crop_pad_fsr
MLPRegressor,0.7477194340151204,0.8545275324988915,1.0008973078949677,1,4,crop_pad_fsr
NuSVR,0.9181264686142128,0.9062127936344843,0.8031356133761374,1,4,crop_pad_fsr
OrthogonalMatchingPursuit,0.8638724199719549,0.9024057618517304,1.148590087084904,1,4,crop_pad_fsr
OrthogonalMatchingPursuitCV,0.9055493937016894,0.9082583228324587,1.0624615391930452,1,4,crop_pad_fsr
PassiveAggressiveRegressor,0.9284840597186439,0.9342343555446769,1.0478536962162162,1,4,crop_pad_fsr
PoissonRegressor,0.9704076427603889,0.9509189053365892,0.4885763442956883,1,4,crop_pad_fsr
QuantileRegressor,,,1.5191663435286948,1,4,crop_pad_fsr
RandomForestRegressor,0.9700338937955192,0.9082002014048336,0.7932542369775014,1,4,crop_pad_fsr
Ridge,0.9001239888374638,0.924965915444863,0.800344990010555,1,4,crop_pad_fsr
RidgeCV,0.9001239888374638,0.9249659154448686,0.8003449900103816,1,4,crop_pad_fsr
SGDRegressor,0.9635025820241014,0.9602677786126594,0.7978473793545566,1,4,crop_pad_fsr
SVR,0.9159069848061205,0.9068940204366904,0.8183886247654791,1,4,crop_pad_fsr
TransformedTargetRegressor,-0.8762028855724681,-0.796625258209267,8.208365058291786,1,4,crop_pad_fsr
TweedieRegressor,0.9674483310162657,0.9443209389705141,0.5175500836382342,1,4,crop_pad_fsr
XGBRegressor,0.9556110840397731,0.9023131439791019,0.7061106038359712,1,4,crop_pad_fsr
AdaBoostRegressor,0.953903336885307,0.8769784067765564,0.8879926944320498,2,0,nocrop_pad_telea
BaggingRegressor,0.8995331243547322,0.8322206123196982,1.061350899918882,2,0,nocrop_pad_telea
BayesianRidge,0.560977034773713,0.5664392682951164,1.4644269066851263,2,0,nocrop_pad_telea
DecisionTreeRegressor,0.8621419827305549,0.839237151581771,0.9859902251736226,2,0,nocrop_pad_telea
DummyRegressor,,,1.3822314166088985,2,0,nocrop_pad_telea
ElasticNet,0.9505016527277952,0.9429442084084212,0.9421141583695442,2,0,nocrop_pad_telea
ElasticNetCV,0.9581689752472078,0.9404003995615138,0.7021665293111192,2,0,nocrop_pad_telea
ExtraTreeRegressor,0.800695011962762,0.8026148401270964,1.0950417249175235,2,0,nocrop_pad_telea
ExtraTreesRegressor,0.9088982057059259,0.890589175983876,0.8555126097440259,2,0,nocrop_pad_telea
GammaRegressor,0.9580150129476209,0.9054172458943316,0.7841401220481619,2,0,nocrop_pad_telea
GaussianProcessRegressor,0.8993245843452115,0.32993885626192104,2.9486689143422224,2,0,nocrop_pad_telea
GradientBoostingRegressor,0.9003684319228746,0.8759697071461904,0.9051165612793709,2,0,nocrop_pad_telea
HistGradientBoostingRegressor,0.943278157053652,0.9007735120135245,0.8024844716234744,2,0,nocrop_pad_telea
HuberRegressor,0.3078938067132702,0.2679126070285316,2.3554953719630296,2,0,nocrop_pad_telea
KNeighborsRegressor,0.9595011623394729,0.9378948790522706,0.6857719662214055,2,0,nocrop_pad_telea
KernelRidge,0.49865309590105983,0.4667356127570656,3.1983935207836662,2,0,nocrop_pad_telea
Lars,-0.0012932833165273875,-0.17964614516586885,3.4186689176226833e+33,2,0,nocrop_pad_telea
LarsCV,0.7159862779974956,0.6369940056346766,1.1395856943146747,2,0,nocrop_pad_telea
Lasso,0.8751832957700335,0.8758534699958913,1.2701826139771448,2,0,nocrop_pad_telea
LassoCV,0.9592467113443138,0.935664250546999,0.7208707457056224,2,0,nocrop_pad_telea
LassoLars,0.8751832957700335,0.8758159855991272,1.2701811599753337,2,0,nocrop_pad_telea
LassoLarsCV,0.9597393907029907,0.9348597148826998,0.7348221434117267,2,0,nocrop_pad_telea
LinearRegression,0.1885114396138254,0.18999182931888853,21.586511503231197,2,0,nocrop_pad_telea
LinearSVR,0.25708624784969425,0.24243263245123794,2.614783873221616,2,0,nocrop_pad_telea
MLPRegressor,0.944497123043918,0.9027034217245042,0.9111913506852172,2,0,nocrop_pad_telea
NuSVR,0.8055615438969759,0.8701504100200304,0.8619582865671457,2,0,nocrop_pad_telea
OrthogonalMatchingPursuit,0.6219153129500868,0.5420678235472163,1.3356451858846594,2,0,nocrop_pad_telea
OrthogonalMatchingPursuitCV,0.7692264411945398,0.8316248373106245,0.8897651507256794,2,0,nocrop_pad_telea
PassiveAggressiveRegressor,0.4698005609585322,0.5063842735624903,1.7224368031339408,2,0,nocrop_pad_telea
PoissonRegressor,0.9602320700616679,0.9233422003867928,0.7225694201602064,2,0,nocrop_pad_telea
QuantileRegressor,,,1.5496141065795523,2,0,nocrop_pad_telea
RandomForestRegressor,0.9038977319569831,0.8440418259756126,1.0077261153167456,2,0,nocrop_pad_telea
Ridge,0.49865309590105983,0.46673561275860415,1.7138382762186926,2,0,nocrop_pad_telea
RidgeCV,0.49865309590105983,0.4667356127588852,1.7138382762186526,2,0,nocrop_pad_telea
SGDRegressor,0.6520919236690592,0.6450393728094049,5.31189220102546,2,0,nocrop_pad_telea
SVR,0.8039603359812753,0.8693208392357514,0.8671872811662535,2,0,nocrop_pad_telea
TransformedTargetRegressor,0.1885114396138254,0.18999182931888853,21.586511503231197,2,0,nocrop_pad_telea
TweedieRegressor,0.960817126800097,0.9347233744574964,0.6872941575528124,2,0,nocrop_pad_telea
XGBRegressor,0.8887935630534884,0.8454871309957378,1.0043770490016313,2,0,nocrop_pad_telea
AdaBoostRegressor,0.9836552748885588,0.980230299576247,0.26706513248309727,2,1,nocrop_pad_telea
BaggingRegressor,0.9820854485472053,0.9772734205615444,0.2883297621199344,2,1,nocrop_pad_telea
BayesianRidge,0.9656740995533061,0.9701646173536171,0.349351569902714,2,1,nocrop_pad_telea
DecisionTreeRegressor,0.9449615401186484,0.9337882288552893,0.4792684799379873,2,1,nocrop_pad_telea
DummyRegressor,,,1.2679550066661849,2,1,nocrop_pad_telea
ElasticNet,0.9760470694206306,0.924826696116911,0.7514138996684279,2,1,nocrop_pad_telea
ElasticNetCV,0.968884780702716,0.9656423978341009,0.40320076135091987,2,1,nocrop_pad_telea
ExtraTreeRegressor,0.6580955513754427,0.7162406095345585,0.9696026559085055,2,1,nocrop_pad_telea
ExtraTreesRegressor,0.9880235774000095,0.9881787405229636,0.2211746608530195,2,1,nocrop_pad_telea
GammaRegressor,0.9790107750970088,0.9678559675455896,0.37914810642364466,2,1,nocrop_pad_telea
GaussianProcessRegressor,0.9520904485365715,0.7246283652352767,2.672767469709177,2,1,nocrop_pad_telea
GradientBoostingRegressor,0.9765410203666934,0.9825220611974719,0.2473393456589156,2,1,nocrop_pad_telea
HistGradientBoostingRegressor,0.9824684317194504,0.984104249946962,0.2526346024454109,2,1,nocrop_pad_telea
HuberRegressor,0.9720954618521259,0.958666011915598,0.5298876222400283,2,1,nocrop_pad_telea
KNeighborsRegressor,0.9713018115830534,0.9706623382278096,0.3478542600097008,2,1,nocrop_pad_telea
KernelRidge,0.9627103938769275,0.9688382362279875,2.2388771973989483,2,1,nocrop_pad_telea
Lars,0.9622164429308646,0.7460764847145789,1.101782835839155e+28,2,1,nocrop_pad_telea
LarsCV,0.9750591675285044,0.9145046435650742,0.8910634117901619,2,1,nocrop_pad_telea
Lasso,0.9750591675285044,0.9137883016072313,1.1419475312649712,2,1,nocrop_pad_telea
LassoCV,0.9750591675285044,0.9572780781597638,0.5056065448146547,2,1,nocrop_pad_telea
LassoLars,0.9750591675285044,0.9137906596536488,1.1419490432351092,2,1,nocrop_pad_telea
LassoLarsCV,0.9750591675285044,0.9567923322483523,0.5044279688192423,2,1,nocrop_pad_telea
LinearRegression,-0.4761687120048015,-0.46071141858896386,10.174115942338107,2,1,nocrop_pad_telea
LinearSVR,0.9323324106940487,0.967776741059744,0.6321073929356631,2,1,nocrop_pad_telea
MLPRegressor,0.9259110483952288,0.97667483301886,0.37092843920916263,2,1,nocrop_pad_telea
NuSVR,0.9567829825241709,0.9735837511597709,0.3033638209524062,2,1,nocrop_pad_telea
OrthogonalMatchingPursuit,0.9701196580678736,0.9613687956095146,0.41101944682228764,2,1,nocrop_pad_telea
OrthogonalMatchingPursuitCV,0.968884780702716,0.9168952235235073,0.5556422453483875,2,1,nocrop_pad_telea
PassiveAggressiveRegressor,0.9503616202253509,0.8634546185668402,0.7016347411145255,2,1,nocrop_pad_telea
PoissonRegressor,0.978516824150946,0.9729047983891579,0.3151472607076764,2,1,nocrop_pad_telea
QuantileRegressor,,,1.2927183334567403,2,1,nocrop_pad_telea
RandomForestRegressor,0.9840714830904094,0.9844373925334191,0.22937873364432848,2,1,nocrop_pad_telea
Ridge,0.9627103938769275,0.9688382362280451,0.3962077217728078,2,1,nocrop_pad_telea
RidgeCV,0.9627103938769275,0.9688382362280494,0.3962077217727082,2,1,nocrop_pad_telea
SGDRegressor,0.9469039636029093,0.9633060252077212,0.39670039113226363,2,1,nocrop_pad_telea
SVR,0.9627103938769275,0.9735910366879476,0.30888358113501685,2,1,nocrop_pad_telea
TransformedTargetRegressor,-0.4761687120048015,-0.46071141858896386,10.174115942338107,2,1,nocrop_pad_telea
TweedieRegressor,0.9765410203666934,0.9552975188225016,0.3988529636798342,2,1,nocrop_pad_telea
XGBRegressor,0.979998676989135,0.9836173249910621,0.24797603607688345,2,1,nocrop_pad_telea
AdaBoostRegressor,0.9494705973704939,0.9359672859688634,0.5159609416075638,2,2,nocrop_pad_telea
BaggingRegressor,0.9395944128810454,0.9056033185947838,0.5621213284790343,2,2,nocrop_pad_telea
BayesianRidge,0.9660484382363913,0.9319020016205618,0.5405204244996089,2,2,nocrop_pad_telea
DecisionTreeRegressor,0.9280420164983794,0.8741343349489161,0.7467746740437194,2,2,nocrop_pad_telea
DummyRegressor,,,1.2161666765931582,2,2,nocrop_pad_telea
ElasticNet,0.9608625953930978,0.9016170467847477,0.7384738988716432,2,2,nocrop_pad_telea
ElasticNetCV,0.9571584219336026,0.9258829355203592,0.4421966050203556,2,2,nocrop_pad_telea
ExtraTreeRegressor,0.7622248905093151,0.6084478096282411,1.2120533304529424,2,2,nocrop_pad_telea
ExtraTreesRegressor,0.9578992566255017,0.9425202453826683,0.5071875843212802,2,2,nocrop_pad_telea
GammaRegressor,0.9638259341606942,0.9499420125933197,0.41630995101548246,2,2,nocrop_pad_telea
GaussianProcessRegressor,0.9228330812089455,0.7969415834463022,2.4403251506709034,2,2,nocrop_pad_telea
GradientBoostingRegressor,0.9470336811443152,0.9336332930007651,0.4656404226939153,2,2,nocrop_pad_telea
HistGradientBoostingRegressor,0.9598748158038991,0.940340063608478,0.5172838112224947,2,2,nocrop_pad_telea
HuberRegressor,0.9527134137822082,0.8913252270616389,0.5805818657156503,2,2,nocrop_pad_telea
KNeighborsRegressor,0.9719527382962286,0.9503515083741411,0.44482076979540797,2,2,nocrop_pad_telea
KernelRidge,0.9650606586471926,0.9263577877564675,2.8763643530062235,2,2,nocrop_pad_telea
Lars,0.26991077274856234,0.28700891416055474,1.7781596789273885e+29,2,2,nocrop_pad_telea
LarsCV,0.9583931464201011,0.9101465860365261,0.49920365972097686,2,2,nocrop_pad_telea
Lasso,0.9349333811766303,0.8385034670436124,1.089282895336074,2,2,nocrop_pad_telea
LassoCV,0.9583931464201011,0.9109127191925185,0.49730132534159727,2,2,nocrop_pad_telea
LassoLars,0.9349333811766303,0.8385034670436124,1.089282895336074,2,2,nocrop_pad_telea
LassoLarsCV,0.9583931464201011,0.909897360621822,0.4997653104998476,2,2,nocrop_pad_telea
LinearRegression,-0.35708232149535324,-0.33671633920525745,11.788387956257637,2,2,nocrop_pad_telea
LinearSVR,0.9428356178902206,0.904782972373163,0.6048453107349937,2,2,nocrop_pad_telea
MLPRegressor,0.9495031301173121,0.9455994433643367,0.4198343884552317,2,2,nocrop_pad_telea
NuSVR,0.9556767525498043,0.9519070956801874,0.37905871738426467,2,2,nocrop_pad_telea
OrthogonalMatchingPursuit,0.9322169873063337,0.9071628571204234,0.5522386788963283,2,2,nocrop_pad_telea
OrthogonalMatchingPursuitCV,0.9349333811766303,0.8385034670436123,0.7226496579428591,2,2,nocrop_pad_telea
PassiveAggressiveRegressor,0.9660484382363913,0.8852381015633763,0.7509395995263876,2,2,nocrop_pad_telea
PoissonRegressor,0.9667892729282905,0.9500902204769843,0.4049304823907689,2,2,nocrop_pad_telea
QuantileRegressor,,,1.16652297965748,2,2,nocrop_pad_telea
RandomForestRegressor,0.9630850994687952,0.9389038155742803,0.5083077951941842,2,2,nocrop_pad_telea
Ridge,0.9650606586471926,0.9263577877565072,0.5991122694635291,2,2,nocrop_pad_telea
RidgeCV,0.9650606586471926,0.9263577877565266,0.5991122694633597,2,2,nocrop_pad_telea
SGDRegressor,0.9502439648092113,0.893595930018329,0.7292566134214936,2,2,nocrop_pad_telea
SVR,0.9556767525498043,0.9535681456114647,0.3722166391195337,2,2,nocrop_pad_telea
TransformedTargetRegressor,-0.35708232149535324,-0.33671633920525745,11.788387956257637,2,2,nocrop_pad_telea
TweedieRegressor,0.9717281708742844,0.9332775880818928,0.43247262033079364,2,2,nocrop_pad_telea
XGBRegressor,0.9509847995011103,0.930872492840663,0.49155368634311414,2,2,nocrop_pad_telea
AdaBoostRegressor,0.9630662722923401,0.9167122533471426,0.8506535081022062,2,3,nocrop_pad_telea
BaggingRegressor,0.9531836014632755,0.9337322424866948,0.685522233599043,2,3,nocrop_pad_telea
BayesianRidge,0.9634513202960222,0.9443128109873414,0.6178357344314435,2,3,nocrop_pad_telea
DecisionTreeRegressor,0.8580610687270814,0.8423161471702172,1.2192157598085407,2,3,nocrop_pad_telea
DummyRegressor,,,1.190447624621888,2,3,nocrop_pad_telea
ElasticNet,0.9506085956983823,0.8803166526814772,0.9589554107736493,2,3,nocrop_pad_telea
ElasticNetCV,0.9567829825241709,0.8959023944354558,1.0464662896955135,2,3,nocrop_pad_telea
ExtraTreeRegressor,0.8202202522455195,0.7914427692005095,1.0405154558165406,2,3,nocrop_pad_telea
ExtraTreesRegressor,0.9758000939475991,0.9169848782650232,0.8094698816040893,2,3,nocrop_pad_telea
GammaRegressor,0.9577708844162969,0.9219860735797305,0.8825818779795889,2,3,nocrop_pad_telea
GaussianProcessRegressor,0.9706136090139369,0.5432073755663089,2.457212435673018,2,3,nocrop_pad_telea
GradientBoostingRegressor,0.9748121920554728,0.9123431061442256,0.8261378938448165,2,3,nocrop_pad_telea
HistGradientBoostingRegressor,0.9767816366128899,0.9322376842902734,0.8638519556402675,2,3,nocrop_pad_telea
HuberRegressor,0.9669089769184637,0.9365527581595046,1.159828987122624,2,3,nocrop_pad_telea
KNeighborsRegressor,0.9647456480560666,0.8940352070322791,0.8708933186181838,2,3,nocrop_pad_telea
KernelRidge,0.9718484863790945,0.9447504856284531,2.6652003377508904,2,3,nocrop_pad_telea
Lars,0.9152911030548727,0.8335653169938801,2.506547155695931e+32,2,3,nocrop_pad_telea
LarsCV,0.9441872333995625,0.862553356724509,1.068556001127675,2,3,nocrop_pad_telea
Lasso,0.9478918654950355,0.8597440450255845,1.0994585466643783,2,3,nocrop_pad_telea
LassoCV,0.9553011296859817,0.8941248579250143,1.1196387086606807,2,3,nocrop_pad_telea
LassoLars,0.9478918654950355,0.8597424264707543,1.0994669295332635,2,3,nocrop_pad_telea
LassoLarsCV,0.9553011296859817,0.8938319630406896,1.1247344109539923,2,3,nocrop_pad_telea
LinearRegression,-0.23586157674511693,-0.2891477870820597,7.451188258865078,2,3,nocrop_pad_telea
LinearSVR,0.9720954618521259,0.9334587019059759,1.2032647460115167,2,3,nocrop_pad_telea
MLPRegressor,0.9678968788105898,0.8799708082924558,1.0374938109812752,2,3,nocrop_pad_telea
NuSVR,0.9590057617814545,0.9093030414413266,0.9754108681422308,2,3,nocrop_pad_telea
OrthogonalMatchingPursuit,0.9456690862377517,0.9251923142917147,0.6114898347648094,2,3,nocrop_pad_telea
OrthogonalMatchingPursuitCV,0.934308214478301,0.8688241759814834,1.7200749037824716,2,3,nocrop_pad_telea
PassiveAggressiveRegressor,0.94863279191413,0.9318562934005408,0.9815085090053317,2,3,nocrop_pad_telea
PoissonRegressor,0.9622164429308646,0.9142468531345053,0.968533858323614,2,3,nocrop_pad_telea
QuantileRegressor,,,1.146856648589436,2,3,nocrop_pad_telea
RandomForestRegressor,0.9797517015161036,0.9334143573326618,0.7660651982246908,2,3,nocrop_pad_telea
Ridge,0.9718484863790945,0.944750485626765,0.5492356121738096,2,3,nocrop_pad_telea
RidgeCV,0.9718484863790945,0.9447504856268266,0.5492356121732662,2,3,nocrop_pad_telea
SGDRegressor,0.968884780702716,0.9208304804422598,0.8126922437342087,2,3,nocrop_pad_telea
SVR,0.9590057617814545,0.9104047328045063,0.9542859069110703,2,3,nocrop_pad_telea
TransformedTargetRegressor,-0.23586157674511693,-0.2891477870820597,7.451188258865078,2,3,nocrop_pad_telea
TweedieRegressor,0.9565360070511393,0.8932548826561332,0.9345735057403887,2,3,nocrop_pad_telea
XGBRegressor,0.9639452712420853,0.9163094550631651,0.8000646472427657,2,3,nocrop_pad_telea
AdaBoostRegressor,0.9004320035408355,0.8686742796908717,0.8036559271501076,2,4,nocrop_pad_telea
BaggingRegressor,0.869002420894912,0.8466372295888778,0.8195361124777677,2,4,nocrop_pad_telea
BayesianRidge,0.9200993431102951,0.9166979056321523,0.7488451704873604,2,4,nocrop_pad_telea
DecisionTreeRegressor,0.7607524131811221,0.7416208065645797,1.1526393999021969,2,4,nocrop_pad_telea
DummyRegressor,,,1.5207800524386696,2,4,nocrop_pad_telea
ElasticNet,0.9467331488074037,0.9265158143326052,0.986501583995016,2,4,nocrop_pad_telea
ElasticNetCV,0.9469797581194138,0.9405821618576949,0.8052649762370842,2,4,nocrop_pad_telea
ExtraTreeRegressor,0.9170958675757196,0.9130454395097255,0.6259131260640811,2,4,nocrop_pad_telea
ExtraTreesRegressor,0.9581951887606388,0.9361656396916823,0.558331460152974,2,4,nocrop_pad_telea
GammaRegressor,0.9639958006481222,0.9511688419312813,0.4926183802551579,2,4,nocrop_pad_telea
GaussianProcessRegressor,0.9595568330319372,0.42680665800307,3.032154607818987,2,4,nocrop_pad_telea
GradientBoostingRegressor,0.8993841609014328,0.8886565436541395,0.7534934954388574,2,4,nocrop_pad_telea
HistGradientBoostingRegressor,0.9350110580673312,0.9174066333888912,0.6870355985436447,2,4,nocrop_pad_telea
HuberRegressor,0.8199759624341278,0.8735751426306327,0.8132153493263214,2,4,nocrop_pad_telea
KNeighborsRegressor,0.9307836441096277,0.8565301811409106,0.9850065639550238,2,4,nocrop_pad_telea
KernelRidge,0.8932189281011763,0.908610689126018,2.0853780208774015,2,4,nocrop_pad_telea
Lars,-0.3551174092947802,-0.23480830108320766,5.474362559715689e+27,2,4,nocrop_pad_telea
LarsCV,0.9612830982160089,0.9321246189946563,1.2915191366213217,2,4,nocrop_pad_telea
Lasso,0.9639958006481222,0.9381487561851877,1.439795194020764,2,4,nocrop_pad_telea
LassoCV,0.9489526326154959,0.9392399742729555,0.8173857527234738,2,4,nocrop_pad_telea
LassoLars,0.9639958006481222,0.9381527088316216,1.4397989376649527,2,4,nocrop_pad_telea
LassoLarsCV,0.9489526326154959,0.9392388230549764,0.8114557764146225,2,4,nocrop_pad_telea
LinearRegression,-0.6574604258193639,-0.6185327242893311,23.369152130757282,2,4,nocrop_pad_telea
LinearSVR,0.8988909422774123,0.9023957908982907,0.7484904758353549,2,4,nocrop_pad_telea
MLPRegressor,0.9585703957838961,0.9465676618661133,0.5163570031481806,2,4,nocrop_pad_telea
NuSVR,0.9531449909196704,0.9533552139739147,0.5465592642769268,2,4,nocrop_pad_telea
OrthogonalMatchingPursuit,0.8683113875881396,0.889973567576877,1.2029495262930106,2,4,nocrop_pad_telea
OrthogonalMatchingPursuitCV,0.9223188269183873,0.9218011882814455,1.2373096058572002,2,4,nocrop_pad_telea
PassiveAggressiveRegressor,0.9267577945345721,0.9178502412203163,0.9285101942201668,2,4,nocrop_pad_telea
PoissonRegressor,0.9615297075280195,0.9541893442400912,0.5670989513151711,2,4,nocrop_pad_telea
QuantileRegressor,,,1.6041231894391876,2,4,nocrop_pad_telea
RandomForestRegressor,0.871131378816622,0.8498301076549652,0.8164251779071312,2,4,nocrop_pad_telea
Ridge,0.8932189281011763,0.9086106891260712,0.7413929668877747,2,4,nocrop_pad_telea
RidgeCV,0.8932189281011763,0.9086106891260679,0.7413929668879352,2,4,nocrop_pad_telea
SGDRegressor,0.9309501528387466,0.9289464832559144,0.9411448546148729,2,4,nocrop_pad_telea
SVR,0.9541314281677115,0.9527253143573868,0.5519647903160867,2,4,nocrop_pad_telea
TransformedTargetRegressor,-0.6574604258193639,-0.6185327242893311,23.369152130757282,2,4,nocrop_pad_telea
TweedieRegressor,0.9583237864718859,0.9365165074549515,0.5812075968870429,2,4,nocrop_pad_telea
XGBRegressor,0.8917392722291146,0.8493012392005437,0.8491334660193441,2,4,nocrop_pad_telea
AdaBoostRegressor,0.9081846825505144,0.8924424513040903,0.7301876041327667,3,0,nocrop_pad_navier
BaggingRegressor,0.9273697215591686,0.8723170533519077,0.8626692112875296,3,0,nocrop_pad_navier
BayesianRidge,0.6294286731699126,0.6112934266156267,1.4651814835008468,3,0,nocrop_pad_navier
DecisionTreeRegressor,0.892348136009465,0.8538652934125045,0.8730767039810894,3,0,nocrop_pad_navier
DummyRegressor,,,1.3529118912968303,3,0,nocrop_pad_navier
ElasticNet,0.9270685907307156,0.9315563406047818,0.8204369810307922,3,0,nocrop_pad_navier
ElasticNetCV,0.9595854284034043,0.9469525380964348,0.965917791920483,3,0,nocrop_pad_navier
ExtraTreeRegressor,0.869402326491702,0.8453610190608106,0.9110492719178634,3,0,nocrop_pad_navier
ExtraTreesRegressor,0.9005393410043473,0.8972326546610747,0.754901621387938,3,0,nocrop_pad_navier
GammaRegressor,0.9353517624484745,0.9100046459218472,0.7198766116717609,3,0,nocrop_pad_navier
GaussianProcessRegressor,0.9152442861224652,0.336561987357769,2.9421213804791764,3,0,nocrop_pad_navier
GradientBoostingRegressor,0.9264219490724519,0.9061678279858707,0.7419040711297965,3,0,nocrop_pad_navier
HistGradientBoostingRegressor,0.9254816171614176,0.9096485695645716,0.6702411844163559,3,0,nocrop_pad_navier
HuberRegressor,0.5762808873526204,0.5421927728047107,1.9797380561908364,3,0,nocrop_pad_navier
KNeighborsRegressor,0.9450393400435945,0.9326495778270538,0.6926261866856889,3,0,nocrop_pad_navier
KernelRidge,0.555372807068761,0.5571494265948836,2.911342106393973,3,0,nocrop_pad_navier
Lars,-0.4492619901936806,-0.22444726370597548,9.200737327408185e+25,3,0,nocrop_pad_navier
LarsCV,0.8854987698423354,0.887754689130059,0.7773523717781734,3,0,nocrop_pad_navier
Lasso,0.8688400490270659,0.8709425673021276,1.132391374064204,3,0,nocrop_pad_navier
LassoCV,0.9323033089166598,0.9266788060489833,1.118610191382366,3,0,nocrop_pad_navier
LassoLars,0.8688400490270659,0.8709119061551243,1.1324192244258384,3,0,nocrop_pad_navier
LassoLarsCV,0.9304865537815381,0.9265746214244559,1.1153713314151894,3,0,nocrop_pad_navier
LinearRegression,0.48916901824652564,0.486919937513968,28.426950737801448,3,0,nocrop_pad_navier
LinearSVR,0.49982320937791797,0.4890819992607941,2.0213967606056307,3,0,nocrop_pad_navier
MLPRegressor,0.8982160557881881,0.9062033460170884,0.682343145867231,3,0,nocrop_pad_navier
NuSVR,0.8339829844006611,0.8957069397827836,0.7637655200833052,3,0,nocrop_pad_navier
OrthogonalMatchingPursuit,0.6700131353409388,0.6278332406345359,1.0911340245348224,3,0,nocrop_pad_navier
OrthogonalMatchingPursuitCV,0.8569233670390636,0.8814276436343962,0.7952544191276475,3,0,nocrop_pad_navier
PassiveAggressiveRegressor,0.7015754067561905,0.6632810512166316,1.6165229193714024,3,0,nocrop_pad_navier
PoissonRegressor,0.9667292791042222,0.9360217725891163,0.6609578193432684,3,0,nocrop_pad_navier
QuantileRegressor,,,1.3649120535012882,3,0,nocrop_pad_navier
RandomForestRegressor,0.9130888139282529,0.8812085941728147,0.8326438243009741,3,0,nocrop_pad_navier
Ridge,0.555372807068761,0.5571494265959569,1.6890772369922353,3,0,nocrop_pad_navier
RidgeCV,0.5040109839266733,0.381507654334879,2.545941503266107,3,0,nocrop_pad_navier
SGDRegressor,0.6878727620929835,0.608313961786038,3.573862695564419,3,0,nocrop_pad_navier
SVR,0.8499026861779149,0.8988200197701622,0.748070733129901,3,0,nocrop_pad_navier
TransformedTargetRegressor,0.48916901824652564,0.486919937513968,28.426950737801448,3,0,nocrop_pad_navier
TweedieRegressor,0.9530266344410153,0.9367739057378123,0.5937636163825328,3,0,nocrop_pad_navier
XGBRegressor,0.9019419434381836,0.8766276941822103,0.8780518127744583,3,0,nocrop_pad_navier
AdaBoostRegressor,0.921236023199968,0.914255701899856,0.5424125475680727,3,1,nocrop_pad_navier
BaggingRegressor,0.9035157384285731,0.9106759129774815,0.5518152840929841,3,1,nocrop_pad_navier
BayesianRidge,0.9390323852701855,0.920569055462265,0.8511755246844356,3,1,nocrop_pad_navier
DecisionTreeRegressor,0.8666182589918101,0.8634331557459781,0.691302182042377,3,1,nocrop_pad_navier
DummyRegressor,,,1.3352987737210988,3,1,nocrop_pad_navier
ElasticNet,0.9381086257096496,0.9111091329701091,0.7799697630477423,3,1,nocrop_pad_navier
ElasticNetCV,0.9559063932426429,0.9359956508297123,0.5740622731792445,3,1,nocrop_pad_navier
ExtraTreeRegressor,0.8494482517375463,0.8404856641304861,0.7338050337700109,3,1,nocrop_pad_navier
ExtraTreesRegressor,0.9404632813678472,0.9381836710921947,0.46283453302113986,3,1,nocrop_pad_navier
GammaRegressor,0.961448950605859,0.9551718871140418,0.40832396994942943,3,1,nocrop_pad_navier
GaussianProcessRegressor,0.5854788094677107,0.31846346085439386,2.988873403691257,3,1,nocrop_pad_navier
GradientBoostingRegressor,0.9202800661913049,0.9240166276015518,0.5109482983664911,3,1,nocrop_pad_navier
HistGradientBoostingRegressor,0.9497772124454598,0.9510083888242958,0.4151995897468194,3,1,nocrop_pad_navier
HuberRegressor,0.9351833871012856,0.9140167704395019,0.8352095015157079,3,1,nocrop_pad_navier
KNeighborsRegressor,0.8846197626360003,0.8606238176992437,0.7408281130623002,3,1,nocrop_pad_navier
KernelRidge,0.9361071466618216,0.91732257544052,1.9040887633594015,3,1,nocrop_pad_navier
Lars,0.42662295704087155,0.44598928119590275,2.832067831726909e+30,3,1,nocrop_pad_navier
LarsCV,0.42662295704087155,0.44598928119590286,2.832066664649657e+30,3,1,nocrop_pad_navier
Lasso,0.9474078052857119,0.9117340430280303,1.1052051008863681,3,1,nocrop_pad_navier
LassoCV,0.9553521375063212,0.9308503569054657,0.583728131485092,3,1,nocrop_pad_navier
LassoLars,0.9474078052857119,0.9117340430280301,1.1052051008863681,3,1,nocrop_pad_navier
LassoLarsCV,0.9552289695649165,0.930507706382016,0.583311023396006,3,1,nocrop_pad_navier
LinearRegression,0.22191783842609614,-0.029069724168636193,17.21197991103364,3,1,nocrop_pad_navier
LinearSVR,0.9282859823826167,0.906344800265491,0.8898696838577231,3,1,nocrop_pad_navier
MLPRegressor,0.9439898949117288,0.9527993551517792,0.4165273541266646,3,1,nocrop_pad_navier
NuSVR,0.9208651139129777,0.9280527680360434,0.52861718822139,3,1,nocrop_pad_navier
OrthogonalMatchingPursuit,0.837018537801661,0.7090384026563941,2.0347521741512313,3,1,nocrop_pad_navier
OrthogonalMatchingPursuitCV,0.9474078052857119,0.9117340430280303,0.6278906521221075,3,1,nocrop_pad_navier
PassiveAggressiveRegressor,0.8825906761214366,0.8252063177783749,0.8916372201104724,3,1,nocrop_pad_navier
PoissonRegressor,0.9647744850237885,0.9591948731899183,0.41847841516230405,3,1,nocrop_pad_navier
QuantileRegressor,,,1.4007656465489593,3,1,nocrop_pad_navier
RandomForestRegressor,0.9300719175329865,0.9279443289297784,0.5015146369095149,3,1,nocrop_pad_navier
Ridge,0.9361071466618216,0.9173225754409311,0.9568574289450725,3,1,nocrop_pad_navier
RidgeCV,0.9361071466618216,0.917322575440982,0.956857428945118,3,1,nocrop_pad_navier
SGDRegressor,0.8841302753889965,0.7848213029291351,1.091824594553414,3,1,nocrop_pad_navier
SVR,0.9237595605359904,0.9304642683989968,0.5250616667053297,3,1,nocrop_pad_navier
TransformedTargetRegressor,0.22191783842609614,-0.029069724168636193,17.21197991103364,3,1,nocrop_pad_navier
TweedieRegressor,0.9584621280267925,0.9426807198016534,0.4828446226842417,3,1,nocrop_pad_navier
XGBRegressor,0.9350910111452321,0.9362810369839858,0.47482099601488686,3,1,nocrop_pad_navier
AdaBoostRegressor,0.9739606250574052,0.9721495711277233,0.4701863006504562,3,2,nocrop_pad_navier
BaggingRegressor,0.9489403584986869,0.9359994519260739,0.5628602294806716,3,2,nocrop_pad_navier
BayesianRidge,0.9430202730804472,0.9330915474379002,1.1979127150588174,3,2,nocrop_pad_navier
DecisionTreeRegressor,0.9455269444229227,0.9339530804573413,0.5355467718393849,3,2,nocrop_pad_navier
DummyRegressor,,,1.519074617397827,3,2,nocrop_pad_navier
ElasticNet,0.9610271995609265,0.9510785837229125,0.9002789268514313,3,2,nocrop_pad_navier
ElasticNetCV,0.9575738164002866,0.9408513295020101,0.9174417996932794,3,2,nocrop_pad_navier
ExtraTreeRegressor,0.7967587883086314,0.7761358925451396,0.9882935484617079,3,2,nocrop_pad_navier
ExtraTreesRegressor,0.9575738164002866,0.9470825228776976,0.5950909431368012,3,2,nocrop_pad_navier
GammaRegressor,0.9780474451383661,0.9532606042003913,0.7375512722578669,3,2,nocrop_pad_navier
GaussianProcessRegressor,0.8968929408633288,0.35294465732482955,3.2182972879058336,3,2,nocrop_pad_navier
GradientBoostingRegressor,0.9546137736911666,0.9559591722777856,0.4897706892317499,3,2,nocrop_pad_navier
HistGradientBoostingRegressor,0.9584318678277932,0.954680810125303,0.4879628403189416,3,2,nocrop_pad_navier
HuberRegressor,0.9297000808894077,0.9400073432486145,1.0920149964151304,3,2,nocrop_pad_navier
KNeighborsRegressor,0.956082642163647,0.9178801770816186,0.8984651663656269,3,2,nocrop_pad_navier
KernelRidge,0.9430202730804472,0.9323563532004439,3.7447424540755043,3,2,nocrop_pad_navier
Lars,0.37074534931726705,0.4965856513943065,5.774147432858175e+17,3,2,nocrop_pad_navier
LarsCV,0.9452403051122871,0.9426535713960198,0.699605435853852,3,2,nocrop_pad_navier
Lasso,0.9634939018185265,0.9417241675993008,1.343763497128586,3,2,nocrop_pad_navier
LassoCV,0.949680369175967,0.9402153072224255,0.8969626585353567,3,2,nocrop_pad_navier
LassoLars,0.9634939018185265,0.941724167599301,1.3437634971285861,3,2,nocrop_pad_navier
LassoLarsCV,0.949680369175967,0.9402141905725033,0.89635480346879,3,2,nocrop_pad_navier
LassoLarsIC,0.9489403584986869,0.9424693470306914,0.855607301299335,3,2,nocrop_pad_navier
LinearRegression,0.6928966641598159,0.6766230499136432,14.509968040459437,3,2,nocrop_pad_navier
LinearSVR,0.9348801556303674,0.9365318214774766,0.8252645663227597,3,2,nocrop_pad_navier
MLPRegressor,0.974347391751966,0.9732543410813006,0.4472202677982497,3,2,nocrop_pad_navier
NuSVR,0.919586601633248,0.9403080423153071,0.7360762077347903,3,2,nocrop_pad_navier
OrthogonalMatchingPursuit,0.9279733893090877,0.9261748957258128,1.0269673721787338,3,2,nocrop_pad_navier
OrthogonalMatchingPursuitCV,0.9543671034654068,0.94591688013719,0.9920339685375328,3,2,nocrop_pad_navier
PassiveAggressiveRegressor,0.8894928340905289,0.9128160014167634,1.3012615863621184,3,2,nocrop_pad_navier
PoissonRegressor,0.976814094009566,0.9627580077166412,0.7030622641627754,3,2,nocrop_pad_navier
QuantileRegressor,,,1.5865409131079844,3,2,nocrop_pad_navier
RANSACRegressor,0.8401587889385308,0.7321695848643175,136.66082428166095,3,2,nocrop_pad_navier
RandomForestRegressor,0.9667006147534063,0.950313499551117,0.5303591110162346,3,2,nocrop_pad_navier
Ridge,0.9430202730804472,0.9323563532006436,1.268580490787955,3,2,nocrop_pad_navier
RidgeCV,0.9435136135319672,0.934328894313019,1.5428975220610075,3,2,nocrop_pad_navier
SGDRegressor,-0.978294115364126,-0.8341359019631374,9.646593094214678,3,2,nocrop_pad_navier
SVR,0.9341401449530875,0.9403225604801275,0.7317268614393694,3,2,nocrop_pad_navier
TransformedTargetRegressor,0.6928966641598159,0.6766230499136432,14.509968040459437,3,2,nocrop_pad_navier
TweedieRegressor,0.9684273063337262,0.9514203673516736,0.742447119389886,3,2,nocrop_pad_navier
XGBRegressor,0.9417869219516474,0.933303917675837,0.6247434413535429,3,2,nocrop_pad_navier
AdaBoostRegressor,0.9623250719801604,0.8926303374297723,1.1070571766237824,3,3,nocrop_pad_navier
BaggingRegressor,0.9412235277231841,0.8688744561247772,1.0520535132908337,3,3,nocrop_pad_navier
BayesianRidge,0.9259110483952288,0.9073178092774685,1.5103779555110493,3,3,nocrop_pad_navier
DecisionTreeRegressor,0.9567067250713143,0.9237121651538914,0.9739826699584088,3,3,nocrop_pad_navier
DummyRegressor,,,1.26316492708183,3,3,nocrop_pad_navier
ElasticNet,0.9597466882005492,0.8891429473965095,0.9731005945163657,3,3,nocrop_pad_navier
ElasticNetCV,0.9553011296859817,0.882368948932532,1.219620126459203,3,3,nocrop_pad_navier
ExtraTreeRegressor,0.8721665410823125,0.8101795543907363,1.382043090300833,3,3,nocrop_pad_navier
ExtraTreesRegressor,0.9698726825948422,0.9126006589749166,0.9750448519745486,3,3,nocrop_pad_navier
GammaRegressor,0.9590057617814545,0.8978753476658415,1.2522272212211158,3,3,nocrop_pad_navier
GaussianProcessRegressor,0.9604876146196439,0.47250646634311844,2.3871954927395405,3,3,nocrop_pad_navier
GradientBoostingRegressor,0.9707331647955094,0.9077039359536341,1.0316808734530933,3,3,nocrop_pad_navier
HistGradientBoostingRegressor,0.9724622060559593,0.9163337825487833,1.0365039609595246,3,3,nocrop_pad_navier
HuberRegressor,0.8328012950623397,0.8735542469448762,1.6872341810537295,3,3,nocrop_pad_navier
KNeighborsRegressor,0.7993581839941726,0.717595452969461,1.4766732181168074,3,3,nocrop_pad_navier
KernelRidge,0.9130683237975888,0.9155998986468065,1.4651099469262652,3,3,nocrop_pad_navier
Lars,0.7429022228788605,0.5583017930119757,3.410861953855931e+21,3,3,nocrop_pad_navier
LarsCV,0.9553011296859817,0.8852067456095434,1.0118666688053182,3,3,nocrop_pad_navier
Lasso,0.9686378052296843,0.9085817241866747,1.0675180440710543,3,3,nocrop_pad_navier
LassoCV,0.9535723013747608,0.8814931559111613,1.135090199940323,3,3,nocrop_pad_navier
LassoLars,0.9686378052296843,0.9085889113877176,1.0675030179274205,3,3,nocrop_pad_navier
LassoLarsCV,0.9535723013747608,0.8813704111119003,1.1399256223424354,3,3,nocrop_pad_navier
LassoLarsIC,0.7480887078125227,0.7640271108805469,5.4490329522822805,3,3,nocrop_pad_navier
LinearRegression,0.5381595557357172,0.46376709909446423,21.941905514881256,3,3,nocrop_pad_navier
LinearSVR,0.9436932824534991,0.9423322883438093,0.8435883697328671,3,3,nocrop_pad_navier
MLPRegressor,0.9654271240802746,0.8663000655992489,1.1396855779404242,3,3,nocrop_pad_navier
NuSVR,0.962463418403896,0.8787286516588998,1.2123412798393038,3,3,nocrop_pad_navier
OrthogonalMatchingPursuit,0.9367779692086162,0.9137333913769301,0.8627839601125454,3,3,nocrop_pad_navier
OrthogonalMatchingPursuitCV,0.95505415421295,0.9115494218702866,1.0675654883170378,3,3,nocrop_pad_navier
PassiveAggressiveRegressor,0.7574737757877211,0.7527002697420067,1.5104363640215075,3,3,nocrop_pad_navier
PoissonRegressor,0.9429523560344049,0.8799465519973144,1.3554679228659814,3,3,nocrop_pad_navier
QuantileRegressor,,,1.185181493448912,3,3,nocrop_pad_navier
RANSACRegressor,0.5381595557357172,0.463767099094031,21.941905514974376,3,3,nocrop_pad_navier
RandomForestRegressor,0.9693787316487791,0.8917244581461198,1.030893542364902,3,3,nocrop_pad_navier
Ridge,0.9130683237975888,0.9155998986492763,1.3982898015552097,3,3,nocrop_pad_navier
RidgeCV,0.9130683237975888,0.9155998986500941,1.3982898015561653,3,3,nocrop_pad_navier
SGDRegressor,-0.9772819467857882,-0.7507723933733398,14.3672384455761,3,3,nocrop_pad_navier
SVR,0.9599936636735806,0.883795483740337,1.1657258066879528,3,3,nocrop_pad_navier
TransformedTargetRegressor,0.5381595557357172,0.46376709909446423,21.941905514881256,3,3,nocrop_pad_navier
TweedieRegressor,0.9565360070511393,0.8767275926331844,1.2920951746772862,3,3,nocrop_pad_navier
XGBRegressor,0.9634513202960222,0.905611283181027,0.9735290330632618,3,3,nocrop_pad_navier
AdaBoostRegressor,0.9683989704691193,0.9682014011185214,0.46186027156748743,3,4,nocrop_pad_navier
BaggingRegressor,0.9623880634604923,0.9613826660249993,0.42748059040430575,3,4,nocrop_pad_navier
BayesianRidge,0.9501856791755474,0.9526022666759711,0.8455716965740288,3,4,nocrop_pad_navier
DecisionTreeRegressor,0.8529884188149289,0.7826388612662837,0.9547521794360728,3,4,nocrop_pad_navier
DummyRegressor,,,1.4925990032211263,3,4,nocrop_pad_navier
ElasticNet,0.9607898795919886,0.9385945410176272,0.9283602521572051,3,4,nocrop_pad_navier
ElasticNetCV,0.954624646791732,0.9419902698192493,1.087353061174811,3,4,nocrop_pad_navier
ExtraTreeRegressor,0.8825861349450935,0.8957937836454459,0.6721683902323778,3,4,nocrop_pad_navier
ExtraTreesRegressor,0.9625161447760604,0.9473659576105449,0.4948910669060901,3,4,nocrop_pad_navier
GammaRegressor,0.9694212055123479,0.955444433610949,0.5521937358543401,3,4,nocrop_pad_navier
GaussianProcessRegressor,0.9531449909196704,0.43678300229492906,3.042345390212847,3,4,nocrop_pad_navier
GradientBoostingRegressor,0.9699105739514058,0.9576262921635094,0.4428639461969569,3,4,nocrop_pad_navier
HistGradientBoostingRegressor,0.9602966609679681,0.95842673242959,0.45399488762099083,3,4,nocrop_pad_navier
HuberRegressor,0.9265111852225619,0.9415565503894999,0.7580977969122485,3,4,nocrop_pad_navier
KNeighborsRegressor,0.955953297264236,0.8877128231390673,0.9546636887515358,3,4,nocrop_pad_navier
KernelRidge,0.9435272277512701,0.9473822065235253,2.056913551698257,3,4,nocrop_pad_navier
Lars,0.22022211562516578,0.34700341549659375,4.5199098693632454e+17,3,4,nocrop_pad_navier
LarsCV,0.9578305678478654,0.9373996073816377,0.7998685533063693,3,4,nocrop_pad_navier
Lasso,0.9701610334483786,0.9384618199302739,1.320906249457243,3,4,nocrop_pad_navier
LassoCV,0.9524051629836395,0.9420157732302513,1.067112930812287,3,4,nocrop_pad_navier
LassoLars,0.9701610334483786,0.938461819930274,1.3209062494572432,3,4,nocrop_pad_navier
LassoLarsCV,0.9524051629836395,0.9421432879132593,1.069213464693133,3,4,nocrop_pad_navier
LassoLarsIC,-0.21307044557686808,-0.24390436196639048,2.9081134520949523,3,4,nocrop_pad_navier
LinearRegression,-0.04956847171406306,-0.11487647990204146,73.59595944147856,3,4,nocrop_pad_navier
LinearSVR,0.9277442317826132,0.9433352755576166,0.5983750215451987,3,4,nocrop_pad_navier
MLPRegressor,0.9706542520723991,0.9635725571472008,0.48124265327645854,3,4,nocrop_pad_navier
NuSVR,0.9625161447760604,0.9471172611587018,0.6718850807549996,3,4,nocrop_pad_navier
OrthogonalMatchingPursuit,0.9672017217042553,0.9463666382050395,1.6799739431470018,3,4,nocrop_pad_navier
OrthogonalMatchingPursuitCV,0.9669551123922452,0.9410364434922546,1.4526214022532302,3,4,nocrop_pad_navier
PassiveAggressiveRegressor,0.922812045542408,0.9340218895411252,0.9838182306028284,3,4,nocrop_pad_navier
PoissonRegressor,0.9679415496402862,0.9608643355335174,0.6795819217205586,3,4,nocrop_pad_navier
QuantileRegressor,,,1.5145558128853582,3,4,nocrop_pad_navier
RANSACRegressor,-0.04956847171406306,-0.1148764799073548,73.59595944127872,3,4,nocrop_pad_navier
RandomForestRegressor,0.9699144241363682,0.9517953372170144,0.4659449727944426,3,4,nocrop_pad_navier
Ridge,0.9435272277512701,0.9473822065234904,0.7928531651528763,3,4,nocrop_pad_navier
RidgeCV,0.9435272277512701,0.9473822065235369,0.7928531651540929,3,4,nocrop_pad_navier
SGDRegressor,0.9496924605515267,0.9457368743371394,1.1429224746613265,3,4,nocrop_pad_navier
SVR,0.9625161447760604,0.9472247268117596,0.6629805434591244,3,4,nocrop_pad_navier
TransformedTargetRegressor,-0.04956847171406306,-0.11487647990204146,73.59595944147856,3,4,nocrop_pad_navier
TweedieRegressor,0.9635025820241014,0.9386184732769454,0.6815516007128544,3,4,nocrop_pad_navier
XGBRegressor,0.9491992419275062,0.9271625496730139,0.5608396616067914,3,4,nocrop_pad_navier
AdaBoostRegressor,0.9601931312704071,0.9505473708745593,0.4889856776977527,4,0,crop_pad_navier
BaggingRegressor,0.9631640392626627,0.9459679515015792,0.5738477961127395,4,0,crop_pad_navier
BayesianRidge,0.5842253420112887,0.5751390507900905,1.3701945284540558,4,0,crop_pad_navier
DecisionTreeRegressor,0.9288983486891015,0.8893925088915967,0.6402282728678189,4,0,crop_pad_navier
DummyRegressor,,,1.3529230092088063,4,0,crop_pad_navier
ElasticNet,0.9483769729935002,0.9408859097600953,0.7878699805233419,4,0,crop_pad_navier
ElasticNetCV,0.9445587079637527,0.9379802396196714,0.5366686617953907,4,0,crop_pad_navier
ExtraTreeRegressor,0.8755048072207189,0.8541917019813176,0.8662928846925648,4,0,crop_pad_navier
ExtraTreesRegressor,0.9570296542302666,0.9528644808142419,0.519366482460553,4,0,crop_pad_navier
GammaRegressor,0.9659286751463718,0.936949269965119,0.5467771053448655,4,0,crop_pad_navier
GaussianProcessRegressor,0.8100880355048218,0.325999160797999,2.947662972848444,4,0,crop_pad_navier
GradientBoostingRegressor,0.9602628625215852,0.9647157613415687,0.40436298594859843,4,0,crop_pad_navier
HistGradientBoostingRegressor,0.95867639950379,0.9631088221884487,0.44158228106276765,4,0,crop_pad_navier
HuberRegressor,0.622808294287689,0.5676437789016828,1.3986301776363783,4,0,crop_pad_navier
KNeighborsRegressor,0.965019727242253,0.9561827911693973,0.4881289046821617,4,0,crop_pad_navier
KernelRidge,0.49246381145767876,0.4801043539458523,2.4799036053905583,4,0,crop_pad_navier
Lars,0.4233963238631328,0.36384018821588443,4.615845031892382e+29,4,0,crop_pad_navier
LarsCV,0.8988319049865343,0.8918716283435772,1.338220150828834,4,0,crop_pad_navier
Lasso,0.951640973744736,0.9460094826427831,1.145407178883989,4,0,crop_pad_navier
LassoCV,0.9473916142761462,0.9373004734501132,0.5369848369855956,4,0,crop_pad_navier
LassoLars,0.951640973744736,0.9460101600645191,1.1454101612617928,4,0,crop_pad_navier
LassoLarsCV,0.9473916142761462,0.937373035450609,0.534396789175184,4,0,crop_pad_navier
LinearRegression,0.39512884565903417,0.3034337149261581,25.01648093477717,4,0,crop_pad_navier
LinearSVR,0.10709617559243462,0.09709652144668278,2.285636152634961,4,0,crop_pad_navier
MLPRegressor,0.9179232301352719,0.9113557859228465,0.8877585061333897,4,0,crop_pad_navier
NuSVR,0.884020731766304,0.9114914797449412,0.6665817882612325,4,0,crop_pad_navier
OrthogonalMatchingPursuit,0.432110590019734,0.3833832806341915,2.5835747736458208,4,0,crop_pad_navier
OrthogonalMatchingPursuitCV,0.7875479548453445,0.7816368702790998,1.1426948592523378,4,0,crop_pad_navier
PassiveAggressiveRegressor,0.624932974021984,0.6033192374451449,1.513698206077682,4,0,crop_pad_navier
PoissonRegressor,0.9740886770244613,0.9536560521394293,0.49361287539813764,4,0,crop_pad_navier
QuantileRegressor,,,1.3649120535012882,4,0,crop_pad_navier
RandomForestRegressor,0.9640035770040039,0.962904685263429,0.4869070985612243,4,0,crop_pad_navier
Ridge,0.49246381145767876,0.48010435395264833,1.6026263331038046,4,0,crop_pad_navier
RidgeCV,0.12895882213373094,0.12747807892113086,2.6065013134914157,4,0,crop_pad_navier
SGDRegressor,0.7805888589040304,0.7704567842581626,0.9905409383662682,4,0,crop_pad_navier
SVR,0.88257348615019,0.9105845971651192,0.6732724138153057,4,0,crop_pad_navier
TransformedTargetRegressor,0.39512884565903417,0.3034337149261581,25.01648093477717,4,0,crop_pad_navier
TweedieRegressor,0.9666369017244704,0.9461850137519687,0.48091685683279745,4,0,crop_pad_navier
XGBRegressor,0.9592467113443138,0.9605628307327034,0.45207723997614824,4,0,crop_pad_navier
AdaBoostRegressor,0.9569485083894841,0.9494245028041006,0.47584957802760286,4,1,crop_pad_navier
BaggingRegressor,0.9477740353420192,0.9410631897408347,0.4982199997023887,4,1,crop_pad_navier
BayesianRidge,0.9180322512606672,0.89736511276912,0.6820429724641867,4,1,crop_pad_navier
DecisionTreeRegressor,0.8886277861101389,0.9012017236491943,0.6232043169696879,4,1,crop_pad_navier
DummyRegressor,,,1.3355107363375145,4,1,crop_pad_navier
ElasticNet,0.9571688646420422,0.9287629325893028,0.7480182392575109,4,1,crop_pad_navier
ElasticNetCV,0.945252366311128,0.9211292420372527,0.583849040692622,4,1,crop_pad_navier
ExtraTreeRegressor,0.9178901480058624,0.9200901636891586,0.5614693623231691,4,1,crop_pad_navier
ExtraTreesRegressor,0.9520720383934409,0.9456702085134588,0.4587554225461725,4,1,crop_pad_navier
GammaRegressor,0.9499327480845103,0.9438626440577049,0.461899953446049,4,1,crop_pad_navier
GaussianProcessRegressor,0.5728540954737188,0.3788682589482595,2.9653945278832463,4,1,crop_pad_navier
GradientBoostingRegressor,0.9601556872211084,0.9488102842374196,0.4787615199474712,4,1,crop_pad_navier
HistGradientBoostingRegressor,0.9604463401468527,0.9558937614206247,0.4437446776921278,4,1,crop_pad_navier
HuberRegressor,0.8534306659938504,0.8394515387252781,0.8094998842891196,4,1,crop_pad_navier
KNeighborsRegressor,0.9262233793614425,0.9158326585838444,0.5991610514020761,4,1,crop_pad_navier
KernelRidge,0.9146451328720353,0.8771641341403522,2.3379079806756056,4,1,crop_pad_navier
Lars,-0.3491811138826044,-0.3054502991416278,1.7238827479010585e+28,4,1,crop_pad_navier
LarsCV,0.47453528624733826,0.38361359896104885,302.1611074425675,4,1,crop_pad_navier
Lasso,0.9006963635079419,0.8768748979186025,1.1501986249494327,4,1,crop_pad_navier
LassoCV,0.9470075094761463,0.9237624092511146,0.579994999171853,4,1,crop_pad_navier
LassoLars,0.9006963635079419,0.8769210350070188,1.1502056237923106,4,1,crop_pad_navier
LassoLarsCV,0.9474078052857119,0.9235692390934326,0.5816661504657488,4,1,crop_pad_navier
LinearRegression,0.05905902790360099,0.1370551139367406,4.891877041639061,4,1,crop_pad_navier
LinearSVR,0.9251144078914433,0.8818598251588415,0.8006541163666789,4,1,crop_pad_navier
MLPRegressor,0.9521497710297967,0.9401332817973378,0.5147188253736666,4,1,crop_pad_navier
NuSVR,0.9496864122017007,0.9424699221401229,0.5221681227797885,4,1,crop_pad_navier
OrthogonalMatchingPursuit,0.7602849103064714,0.7673748850217283,0.9818605635735285,4,1,crop_pad_navier
OrthogonalMatchingPursuitCV,0.8074582318645093,0.8008293336784424,0.9246286247716118,4,1,crop_pad_navier
PassiveAggressiveRegressor,0.9417420799810912,0.8896494210304069,0.9794732004780722,4,1,crop_pad_navier
PoissonRegressor,0.948362356831599,0.9408488052479544,0.5002744351203317,4,1,crop_pad_navier
QuantileRegressor,,,1.3734513222108595,4,1,crop_pad_navier
RandomForestRegressor,0.9590927190349138,0.9518530580217881,0.44534487919186166,4,1,crop_pad_navier
Ridge,0.9146451328720353,0.8771641341402637,0.7390108601322302,4,1,crop_pad_navier
RidgeCV,0.8958620218078035,0.8408828156604088,0.7693522667101271,4,1,crop_pad_navier
SGDRegressor,0.9000497318155667,0.8830499453202085,0.6836123603907941,4,1,crop_pad_navier
SVR,0.9500867080112662,0.9420238002400146,0.5195466345070735,4,1,crop_pad_navier
TransformedTargetRegressor,0.05905902790360099,0.1370551139367406,4.891877041639061,4,1,crop_pad_navier
TweedieRegressor,0.9540280821362199,0.9296508412434253,0.5426777510194873,4,1,crop_pad_navier
XGBRegressor,0.9379854577682448,0.9381604709654376,0.5118412843214618,4,1,crop_pad_navier
AdaBoostRegressor,0.964700338589191,0.9618102848948948,0.4383834881940446,4,2,crop_pad_navier
BaggingRegressor,0.9669388063585374,0.960722602296274,0.45571088838550194,4,2,crop_pad_navier
BayesianRidge,0.8781460037055694,0.8985297235244282,1.1085911911432542,4,2,crop_pad_navier
DecisionTreeRegressor,0.9278483537874002,0.9483301991186076,0.5002585538395672,4,2,crop_pad_navier
DummyRegressor,,,1.5198131680662983,4,2,crop_pad_navier
ElasticNet,0.9568338057230067,0.947618115127511,0.8084273021020137,4,2,crop_pad_navier
ElasticNetCV,0.9526404118850867,0.9401072566157854,0.6290559973485755,4,2,crop_pad_navier
ExtraTreeRegressor,0.9661990995172562,0.9568180061051819,0.46400616821108204,4,2,crop_pad_navier
ExtraTreesRegressor,0.9621323769699853,0.9596076064540571,0.4448085019963936,4,2,crop_pad_navier
GammaRegressor,0.9659606040761265,0.9488373486586732,0.5766574121049266,4,2,crop_pad_navier
GaussianProcessRegressor,0.8672925137721298,0.3673230268720725,3.2313661071979087,4,2,crop_pad_navier
GradientBoostingRegressor,0.9648460836742596,0.960275124761215,0.41912175446551414,4,2,crop_pad_navier
HistGradientBoostingRegressor,0.9563404652714865,0.9595669239196662,0.42279325211316626,4,2,crop_pad_navier
HuberRegressor,0.8996063133466887,0.9115501112739659,1.3292820539700063,4,2,crop_pad_navier
KNeighborsRegressor,0.9447191177668336,0.9083717206679385,0.7712814013056453,4,2,crop_pad_navier
KernelRidge,0.8954129195087689,0.9009436776297316,3.682215168190359,4,2,crop_pad_navier
Lars,-0.2775040039799903,-0.27338002090830715,5.731411595188904e+18,4,2,crop_pad_navier
LarsCV,0.9479536775956471,0.9481289100642517,0.8188789179103606,4,2,crop_pad_navier
Lasso,0.9222999741166078,0.910178584424434,1.3023160833273584,4,2,crop_pad_navier
LassoCV,0.9553537843684468,0.9429268652982998,0.6145577678715507,4,2,crop_pad_navier
LassoLars,0.9222999741166078,0.9101785844244337,1.3023160833273586,4,2,crop_pad_navier
LassoLarsCV,0.9553537843684468,0.9427906089274867,0.6183705508264999,4,2,crop_pad_navier
LassoLarsIC,0.7627043380498935,0.6637239346559657,1.1823202663801509,4,2,crop_pad_navier
LinearRegression,-0.11174161226927609,-0.12048695974931542,35.75140345310077,4,2,crop_pad_navier
LinearSVR,0.9176132398271681,0.9051957054029204,1.3654384344098163,4,2,crop_pad_navier
MLPRegressor,0.9602871888836465,0.9396257304819539,0.6037130220205639,4,2,crop_pad_navier
NuSVR,0.919586601633248,0.9321212375632475,0.6630758525724035,4,2,crop_pad_navier
OrthogonalMatchingPursuit,0.8912195256708489,0.9196093412955685,0.8590432143018347,4,2,crop_pad_navier
OrthogonalMatchingPursuitCV,0.9565871354972466,0.9438240812846808,0.6136940378940062,4,2,crop_pad_navier
PassiveAggressiveRegressor,0.835718724874851,0.8942007420759581,1.2624703747485508,4,2,crop_pad_navier
PoissonRegressor,0.9622605506897264,0.9552227046845517,0.5551847572387926,4,2,crop_pad_navier
QuantileRegressor,,,1.5693041506481078,4,2,crop_pad_navier
RANSACRegressor,-0.11174161226927609,-0.12048695974888504,35.751403453123054,4,2,crop_pad_navier
RandomForestRegressor,0.967066389159575,0.9583403228154883,0.4492460302436235,4,2,crop_pad_navier
Ridge,0.8954129195087689,0.9009436776301031,1.2319549311565385,4,2,crop_pad_navier
RidgeCV,0.9003463240239687,0.8961563935533402,1.3959414968341073,4,2,crop_pad_navier
SGDRegressor,0.887272802058689,0.8926169348347092,1.0503330758203828,4,2,crop_pad_navier
SVR,0.9190932611817278,0.9330705158285705,0.6675733708602196,4,2,crop_pad_navier
TransformedTargetRegressor,-0.11174161226927609,-0.12048695974931542,35.75140345310077,4,2,crop_pad_navier
TweedieRegressor,0.9634939018185265,0.9493217516232976,0.6245134916223585,4,2,crop_pad_navier
XGBRegressor,0.948200347821407,0.9464933003264149,0.4888418149745338,4,2,crop_pad_navier
AdaBoostRegressor,0.9749282989406824,0.9459941681395077,0.45568937250018127,4,3,crop_pad_navier
BaggingRegressor,0.9596278709065995,0.9174120735118597,0.48411980207240096,4,3,crop_pad_navier
BayesianRidge,0.9366619954577282,0.8966948900739202,0.5206297570249238,4,3,crop_pad_navier
DecisionTreeRegressor,0.9378559049269619,0.9368292244144905,0.5587856291193833,4,3,crop_pad_navier
DummyRegressor,,,1.2896088875589067,4,3,crop_pad_navier
ElasticNet,0.961603430084997,0.8922597721900868,0.8005526803882402,4,3,crop_pad_navier
ElasticNetCV,0.9630850994687952,0.9055332476034108,0.5805753751359584,4,3,crop_pad_navier
ExtraTreeRegressor,0.8673867776438157,0.8273409657764933,0.7722699411921752,4,3,crop_pad_navier
ExtraTreesRegressor,0.9650606586471926,0.9455520774340755,0.4130621039554928,4,3,crop_pad_navier
GammaRegressor,0.9633320443660948,0.9333087080883309,0.44679363395273963,4,3,crop_pad_navier
GaussianProcessRegressor,0.9238208607981443,0.7387754560650185,2.4452005825556236,4,3,crop_pad_navier
GradientBoostingRegressor,0.9749384545391804,0.9573286528755643,0.3449232957742795,4,3,crop_pad_navier
HistGradientBoostingRegressor,0.9670362178255903,0.9521118248367841,0.3632510503372176,4,3,crop_pad_navier
HuberRegressor,0.873691046646307,0.8736614832944375,0.5816746708173082,4,3,crop_pad_navier
KNeighborsRegressor,0.9770127553624411,0.9666940569582398,0.3037921249348208,4,3,crop_pad_navier
KernelRidge,0.9371558852523275,0.9076998153069106,2.7586900987478367,4,3,crop_pad_navier
Lars,0.8865321813058908,0.5655778268794581,3.2446445912537984e+17,4,3,crop_pad_navier
LarsCV,0.8865321813058908,0.5655778268653313,3.244644591088743e+17,4,3,crop_pad_navier
Lasso,0.9591339811120001,0.87001677616809,1.1085647155714269,4,3,crop_pad_navier
LassoCV,0.9618503749822969,0.903331129623047,0.5076686310837354,4,3,crop_pad_navier
LassoLars,0.9591339811120001,0.8700374471369686,1.1085282637519454,4,3,crop_pad_navier
LassoLarsCV,0.9618503749822969,0.9033396479026589,0.5079094505048345,4,3,crop_pad_navier
LassoLarsIC,0.8502312814028363,0.8457986967717702,0.7227732389066194,4,3,crop_pad_navier
LinearRegression,0.5934085882111576,0.667654938033806,71.89339434917375,4,3,crop_pad_navier
LinearSVR,0.931229207717135,0.9195171178039966,0.5639149353457678,4,3,crop_pad_navier
MLPRegressor,0.910485836343961,0.9341600461153446,0.501107720357475,4,3,crop_pad_navier
NuSVR,0.9453050668632174,0.9581567903650893,0.3772662006264021,4,3,crop_pad_navier
OrthogonalMatchingPursuit,0.9539481382687066,0.8600157502016111,0.7110546422568053,4,3,crop_pad_navier
OrthogonalMatchingPursuitCV,0.9428356178902206,0.882997151667371,0.6895102219942129,4,3,crop_pad_navier
PassiveAggressiveRegressor,0.9660484382363913,0.8713701349668646,0.7789657957154782,4,3,crop_pad_navier
PoissonRegressor,0.9598748158038991,0.9310412978037645,0.44885189700498607,4,3,crop_pad_navier
QuantileRegressor,,,1.20956140526368,4,3,crop_pad_navier
RANSACRegressor,0.5934085882111576,0.6676549380361381,71.8933943490316,4,3,crop_pad_navier
RandomForestRegressor,0.9662953831336911,0.9229593359892263,0.47481975028280066,4,3,crop_pad_navier
Ridge,0.9371558852523275,0.9076998153071313,0.5083792852361434,4,3,crop_pad_navier
RidgeCV,0.9662953831336911,0.9515259400133883,0.5344849387225098,4,3,crop_pad_navier
SGDRegressor,0.9324639322036335,0.8879122159506477,0.5527913649272719,4,3,crop_pad_navier
SVR,0.9453050668632174,0.9590605436372874,0.3714985525251412,4,3,crop_pad_navier
TransformedTargetRegressor,0.5934085882111576,0.667654938033806,71.89339434917375,4,3,crop_pad_navier
TweedieRegressor,0.9658014933390917,0.9117911807244132,0.5144373348865134,4,3,crop_pad_navier
XGBRegressor,0.9425886729929208,0.9199153556409694,0.4760467235421275,4,3,crop_pad_navier
AdaBoostRegressor,0.9748024905192225,0.9621791510043307,0.4604311202116215,4,4,crop_pad_navier
BaggingRegressor,0.9798994813245863,0.9606353394987748,0.5237439819422174,4,4,crop_pad_navier
BayesianRidge,0.9294704969666852,0.9373500420089983,0.6481422846751808,4,4,crop_pad_navier
DecisionTreeRegressor,0.9725003924597233,0.94295907068482,0.5960357545396545,4,4,crop_pad_navier
DummyRegressor,,,1.4927652021903488,4,4,crop_pad_navier
ElasticNet,0.9600500516559577,0.942727556788917,0.8364076879498102,4,4,crop_pad_navier
ElasticNetCV,0.9595568330319372,0.9485460789335776,0.6117784968380651,4,4,crop_pad_navier
ExtraTreeRegressor,0.9358030970309331,0.8676987782523143,0.7700901201180601,4,4,crop_pad_navier
ExtraTreesRegressor,0.9763262662486352,0.9770393305761836,0.360800507850969,4,4,crop_pad_navier
GammaRegressor,0.9674483310162657,0.9554109032753587,0.47629222666145415,4,4,crop_pad_navier
GaussianProcessRegressor,0.947226367431424,0.40771009828645066,3.0511376617670605,4,4,crop_pad_navier
GradientBoostingRegressor,0.9785457500567275,0.9606861635192685,0.4537512103857277,4,4,crop_pad_navier
HistGradientBoostingRegressor,0.9729935700542393,0.9586765261525187,0.4640998093114012,4,4,crop_pad_navier
HuberRegressor,0.8754630576364372,0.902570014959288,1.0420428668298354,4,4,crop_pad_navier
KNeighborsRegressor,0.9728633205959079,0.9467404407656735,0.5149020663495482,4,4,crop_pad_navier
KernelRidge,0.876942713508499,0.911296948308514,2.896615769859199,4,4,crop_pad_navier
Lars,-0.25006184237840773,-0.38178249793506847,5.5364050136652584e+25,4,4,crop_pad_navier
LarsCV,-0.25006184237840773,-0.38178249793506847,5.5364050136652584e+25,4,4,crop_pad_navier
Lasso,0.932183199398798,0.9052662927911865,1.297776939057312,4,4,crop_pad_navier
LassoCV,0.8774359321325194,0.9075812902675052,0.7715826602469471,4,4,crop_pad_navier
LassoLars,0.932183199398798,0.9052662927911863,1.297776939057312,4,4,crop_pad_navier
LassoLarsCV,0.8764494948844782,0.9092547389184663,0.7460467297107303,4,4,crop_pad_navier
LassoLarsIC,0.2786685225715983,0.3382151605647551,3.1858155257780085,4,4,crop_pad_navier
LinearRegression,-0.2865600205559268,-0.33077671780883416,50.45759130071936,4,4,crop_pad_navier
LinearSVR,0.8446368936351543,0.9010119416395286,1.1462820122121797,4,4,crop_pad_navier
MLPRegressor,0.8742300110763859,0.9264873590057574,0.6183200236211761,4,4,crop_pad_navier
NuSVR,0.9635025820241014,0.9593920532818861,0.4622795177227109,4,4,crop_pad_navier
OrthogonalMatchingPursuit,0.9457467115593624,0.9546886712394764,0.8411507446791733,4,4,crop_pad_navier
OrthogonalMatchingPursuitCV,0.9590636144079169,0.9544127191078001,0.7827799932573238,4,4,crop_pad_navier
PassiveAggressiveRegressor,0.8838477742447863,0.9140330644185192,0.697234454466606,4,4,crop_pad_navier
PoissonRegressor,0.9689279868883274,0.9580086259573507,0.5004297236269896,4,4,crop_pad_navier
QuantileRegressor,,,1.5145558128853582,4,4,crop_pad_navier
RANSACRegressor,-0.2865600205559268,-0.33077671780864487,50.45759130078353,4,4,crop_pad_navier
RandomForestRegressor,0.9828591575833064,0.9645713468923266,0.4762047539372255,4,4,crop_pad_navier
Ridge,0.876942713508499,0.911296948308556,0.8188569723647513,4,4,crop_pad_navier
RidgeCV,0.7812583004485164,0.8335888303114708,1.4490193912937968,4,4,crop_pad_navier
SGDRegressor,0.9565975212878142,0.9583554556638524,0.5908808077324149,4,4,crop_pad_navier
SVR,0.9605432702799784,0.9594981991870943,0.47188736219433125,4,4,crop_pad_navier
TransformedTargetRegressor,-0.2865600205559268,-0.33077671780883416,50.45759130071936,4,4,crop_pad_navier
TweedieRegressor,0.9689279868883274,0.9451507321678227,0.5196170068124026,4,4,crop_pad_navier
XGBRegressor,0.9642424099601323,0.9464625741355294,0.5732984111646516,4,4,crop_pad_navier
