dataset,worker,median_time,time_iqr,median_speedup,speedup_iqr,median_efficiency
APSIPA,1,3.7257927656173706,1.622959315776825,1.0,0.0,1.0
APSIPA,2,2.7728174924850464,1.21202951669693,1.3671243428140847,0.05683628029932586,0.6835621714070423
APSIPA,4,2.283519744873047,0.9320001602172852,1.6734978876714082,0.10896793755485246,0.41837447191785204
APSIPA,8,2.058370351791382,0.8415665626525879,1.8712603837708026,0.16797690913761598,0.23390754797135033
APSIPA,16,1.9849684238433838,0.8221582174301143,1.917918007268146,0.23076984752423657,0.11986987545425913
APSIPA,32,1.8992229700088499,0.7566431164741516,2.0076380957560858,0.2657152154244258,0.06273869049237768
ICIP2023,1,6.7413705587387085,6.825492560863495,1.0,0.0,1.0
ICIP2023,2,4.69633686542511,4.510099232196808,1.4638728894183781,0.0888418151937529,0.7319364447091891
ICIP2023,4,3.6244579553604126,3.5107362866401672,1.8954361132224302,0.2100061909068638,0.47385902830560755
ICIP2023,8,3.1526381969451904,2.9993743300437927,2.2072715318029497,0.32514298962351385,0.2759089414753687
ICIP2023,16,2.964484214782715,2.858146548271179,2.346000359661381,0.39536938878414674,0.14662502247883633
ICIP2023,32,2.668994665145874,2.4822998046875,2.5041341594790696,0.5634680658519762,0.07825419248372092
LS-PCQA,1,2.75663423538208,0.4206459522247319,1.0,0.0,1.0
LS-PCQA,2,1.77141535282135,0.29366534948349,1.5503631415571595,0.10909901905904329,0.7751815707785797
LS-PCQA,4,1.3213050365447998,0.21173882484436035,2.0831323236069927,0.1951113010516181,0.5207830809017482
LS-PCQA,8,1.0921449661254883,0.16780376434326172,2.5224204013547507,0.29303741400848704,0.31530255016934383
LS-PCQA,16,0.9919272661209106,0.1631794571876526,2.783391188732657,0.3697119638830677,0.17396194929579106
LS-PCQA,32,0.9507036209106445,0.17362892627716064,2.8827411697794147,0.413149955801535,0.09008566155560671
QoMEX2019,1,3.291513085365296,10.904280960559845,1.0,0.0,1.0
QoMEX2019,2,2.338850975036621,8.426496624946594,1.437843104434772,0.13530177194564041,0.718921552217386
QoMEX2019,4,1.823533058166504,6.046587586402893,1.8913350245975007,0.20295391106575167,0.4728337561493752
QoMEX2019,8,1.4815417528152466,4.959542751312256,2.267813806786431,0.19408989966672596,0.28347672584830386
QoMEX2019,16,1.357182502746582,4.718599498271942,2.452355304912322,0.14066634430264546,0.15327220655702012
QoMEX2019,32,1.20036780834198,4.46840637922287,2.6442486426110685,0.23049565580332665,0.08263277008159589
SJTU-PCQA,1,4.757777690887451,2.3885406255722046,1.0,0.0,1.0
SJTU-PCQA,2,3.824802041053772,2.0944586992263794,1.2648993240926838,0.08718331920393396,0.6324496620463419
SJTU-PCQA,4,3.203339457511902,1.715727984905243,1.4985679318917535,0.07293088665103653,0.3746419829729384
SJTU-PCQA,8,3.001618981361389,1.6323208808898926,1.5903588587866009,0.1028816231039471,0.1987948573483251
SJTU-PCQA,16,2.8618550300598145,1.573714673519135,1.668626475683443,0.11868982133932104,0.10428915473021519
SJTU-PCQA,32,2.8744627237319946,1.639045238494873,1.692872518745582,0.13853429839016584,0.05290226621079944
UnB_PC,1,2.8787275552749634,1.0394951701164241,1.0,0.0,1.0
UnB_PC,2,2.0665364265441895,0.9107642769813538,1.4539584801730279,0.12692783151614062,0.7269792400865139
UnB_PC,4,1.5461596250534058,0.6992713809013364,1.94784004016611,0.2630540192169464,0.4869600100415275
UnB_PC,8,1.2710033655166626,0.6336830258369446,2.278453503830317,0.41594123178009146,0.2848066879787896
UnB_PC,16,1.2038334608078003,0.6480415463447571,2.403142573361814,0.5462605240083089,0.15019641083511337
UnB_PC,32,1.0406990051269531,0.5770403146743772,2.7481744592703805,0.7171795347489178,0.08588045185219939
WPC,1,4.739505290985107,3.1053218841552734,1.0,0.0,1.0
WPC,2,3.1877747774124146,1.9322586059570308,1.5293558431394998,0.035489696834162476,0.7646779215697499
WPC,4,2.4441800117492676,1.7895570993423462,1.9233196842629279,0.15775031410340068,0.48082992106573197
WPC,8,2.0630606412887573,1.3888612985610964,2.3415446314277735,0.17114463526038515,0.2926930789284717
WPC,16,1.989101529121399,1.5877408981323242,2.3654814554800483,0.26993986917189927,0.14784259096750302
WPC,32,1.8016750812530518,1.2899953722953796,2.656496944737218,0.21043002281383183,0.08301552952303806
WPC2,1,4.287403464317322,2.4905800223350525,1.0,0.0,1.0
WPC2,2,2.9629727602005005,1.5373061895370483,1.524594178419326,0.10360920644415406,0.762297089209663
WPC2,4,2.2569276094436646,1.2731427550315857,1.9806457881280755,0.11019741766969537,0.49516144703201886
WPC2,8,1.8938111066818237,1.0764862298965454,2.3380056831598095,0.158437406918992,0.2922507103949762
WPC2,16,1.6656246185302734,1.0377595424652095,2.5835418704315036,0.1431014973542708,0.16147136690196898
WPC2,32,1.619735598564148,1.0621972680091858,2.6901219283252624,0.17431336801950792,0.08406631026016445
