path,rows,columns,feature_columns,reference_groups,errors
pointpcap_features/pointpca2_matlab/APSIPA/PointPCA2.csv,232,10,1,8,
pointpcap_features/pointpca2_matlab/ICIP2023/PointPCA2.csv,898,10,1,45,
pointpcap_features/pointpca2_matlab/LS-PCQA/PointPCA2.csv,930,10,1,85,
pointpcap_features/pointpca2_matlab/QoMEX2019/PointPCA2.csv,12,10,1,4,
pointpcap_features/pointpca2_matlab/SJTU-PCQA/PointPCA2.csv,378,10,1,9,
pointpcap_features/pointpca2_matlab/UnB_PC/PointPCA2.csv,60,10,1,6,
pointpcap_features/pointpca2_matlab/WPC/PointPCA2.csv,740,10,1,20,
pointpcap_features/pointpca2_matlab/WPC2/PointPCA2.csv,400,10,1,16,
pointpcap_features/pointpca3/APSIPA/1/PointPCA3-Rust.csv,232,49,40,8,
pointpcap_features/pointpca3/APSIPA/16/PointPCA3-Rust.csv,232,49,40,8,
pointpcap_features/pointpca3/APSIPA/2/PointPCA3-Rust.csv,232,49,40,8,
pointpcap_features/pointpca3/APSIPA/32/PointPCA3-Rust.csv,232,49,40,8,
pointpcap_features/pointpca3/APSIPA/4/PointPCA3-Rust.csv,232,49,40,8,
pointpcap_features/pointpca3/APSIPA/8/PointPCA3-Rust.csv,232,49,40,8,
pointpcap_features/pointpca3/ICIP2023/1/PointPCA3-Rust.csv,898,49,40,45,
pointpcap_features/pointpca3/ICIP2023/16/PointPCA3-Rust.csv,898,49,40,45,
pointpcap_features/pointpca3/ICIP2023/2/PointPCA3-Rust.csv,898,49,40,45,
pointpcap_features/pointpca3/ICIP2023/32/PointPCA3-Rust.csv,898,49,40,45,
pointpcap_features/pointpca3/ICIP2023/4/PointPCA3-Rust.csv,898,49,40,45,
pointpcap_features/pointpca3/ICIP2023/8/PointPCA3-Rust.csv,898,49,40,45,
pointpcap_features/pointpca3/LS-PCQA/1/PointPCA3-Rust.csv,930,49,40,85,
pointpcap_features/pointpca3/LS-PCQA/16/PointPCA3-Rust.csv,930,49,40,85,
pointpcap_features/pointpca3/LS-PCQA/2/PointPCA3-Rust.csv,930,49,40,85,
pointpcap_features/pointpca3/LS-PCQA/32/PointPCA3-Rust.csv,930,49,40,85,
pointpcap_features/pointpca3/LS-PCQA/4/PointPCA3-Rust.csv,930,49,40,85,
pointpcap_features/pointpca3/LS-PCQA/8/PointPCA3-Rust.csv,930,49,40,85,
pointpcap_features/pointpca3/QoMEX2019/1/PointPCA3-Rust.csv,12,49,40,4,
pointpcap_features/pointpca3/QoMEX2019/16/PointPCA3-Rust.csv,12,49,40,4,
pointpcap_features/pointpca3/QoMEX2019/2/PointPCA3-Rust.csv,12,49,40,4,
pointpcap_features/pointpca3/QoMEX2019/32/PointPCA3-Rust.csv,12,49,40,4,
pointpcap_features/pointpca3/QoMEX2019/4/PointPCA3-Rust.csv,12,49,40,4,
pointpcap_features/pointpca3/QoMEX2019/8/PointPCA3-Rust.csv,12,49,40,4,
pointpcap_features/pointpca3/SJTU-PCQA/1/PointPCA3-Rust.csv,378,49,40,9,
pointpcap_features/pointpca3/SJTU-PCQA/16/PointPCA3-Rust.csv,378,49,40,9,
pointpcap_features/pointpca3/SJTU-PCQA/2/PointPCA3-Rust.csv,378,49,40,9,
pointpcap_features/pointpca3/SJTU-PCQA/32/PointPCA3-Rust.csv,378,49,40,9,
pointpcap_features/pointpca3/SJTU-PCQA/4/PointPCA3-Rust.csv,378,49,40,9,
pointpcap_features/pointpca3/SJTU-PCQA/8/PointPCA3-Rust.csv,378,49,40,9,
pointpcap_features/pointpca3/UnB_PC/1/PointPCA3-Rust.csv,60,49,40,6,
pointpcap_features/pointpca3/UnB_PC/16/PointPCA3-Rust.csv,60,49,40,6,
pointpcap_features/pointpca3/UnB_PC/2/PointPCA3-Rust.csv,60,49,40,6,
pointpcap_features/pointpca3/UnB_PC/32/PointPCA3-Rust.csv,60,49,40,6,
pointpcap_features/pointpca3/UnB_PC/4/PointPCA3-Rust.csv,60,49,40,6,
pointpcap_features/pointpca3/UnB_PC/8/PointPCA3-Rust.csv,60,49,40,6,
pointpcap_features/pointpca3/WPC/1/PointPCA3-Rust.csv,740,49,40,20,
pointpcap_features/pointpca3/WPC/16/PointPCA3-Rust.csv,740,49,40,20,
pointpcap_features/pointpca3/WPC/2/PointPCA3-Rust.csv,740,49,40,20,
pointpcap_features/pointpca3/WPC/32/PointPCA3-Rust.csv,740,49,40,20,
pointpcap_features/pointpca3/WPC/4/PointPCA3-Rust.csv,740,49,40,20,
pointpcap_features/pointpca3/WPC/8/PointPCA3-Rust.csv,740,49,40,20,
pointpcap_features/pointpca3/WPC2/1/PointPCA3-Rust.csv,400,49,40,16,
pointpcap_features/pointpca3/WPC2/16/PointPCA3-Rust.csv,400,49,40,16,
pointpcap_features/pointpca3/WPC2/2/PointPCA3-Rust.csv,400,49,40,16,
pointpcap_features/pointpca3/WPC2/32/PointPCA3-Rust.csv,400,49,40,16,
pointpcap_features/pointpca3/WPC2/4/PointPCA3-Rust.csv,400,49,40,16,
pointpcap_features/pointpca3/WPC2/8/PointPCA3-Rust.csv,400,49,40,16,
pointpcap_features/cubemap/crop_padding/FSRFastPadding/APSIPA/AHIQMetric/Cubemap.csv,232,15,6,8,
pointpcap_features/cubemap/crop_padding/FSRFastPadding/APSIPA/CKDNMetric/Cubemap.csv,232,15,6,8,
pointpcap_features/cubemap/crop_padding/FSRFastPadding/APSIPA/CW_SSIMMetric/Cubemap.csv,232,15,6,8,
pointpcap_features/cubemap/crop_padding/FSRFastPadding/APSIPA/DISTSMetric/Cubemap.csv,232,15,6,8,
pointpcap_features/cubemap/crop_padding/FSRFastPadding/APSIPA/DSSMetric/Cubemap.csv,232,15,6,8,
pointpcap_features/cubemap/crop_padding/FSRFastPadding/APSIPA/FSIMMetric/Cubemap.csv,232,15,6,8,
pointpcap_features/cubemap/crop_padding/FSRFastPadding/APSIPA/GMSDMetric/Cubemap.csv,232,15,6,8,
pointpcap_features/cubemap/crop_padding/FSRFastPadding/APSIPA/HaarPSIMetric/Cubemap.csv,232,15,6,8,
pointpcap_features/cubemap/crop_padding/FSRFastPadding/APSIPA/MADMetric/Cubemap.csv,232,15,6,8,
pointpcap_features/cubemap/crop_padding/FSRFastPadding/APSIPA/MDSIMetric/Cubemap.csv,232,15,6,8,
pointpcap_features/cubemap/crop_padding/FSRFastPadding/APSIPA/MSGMSDMetric/Cubemap.csv,232,15,6,8,
pointpcap_features/cubemap/crop_padding/FSRFastPadding/APSIPA/MSSSIMMetric/Cubemap.csv,232,15,6,8,
pointpcap_features/cubemap/crop_padding/FSRFastPadding/APSIPA/NLPDMetric/Cubemap.csv,232,15,6,8,
pointpcap_features/cubemap/crop_padding/FSRFastPadding/APSIPA/PIEAPPMetric/Cubemap.csv,232,15,6,8,
pointpcap_features/cubemap/crop_padding/FSRFastPadding/APSIPA/PSNRMetric/Cubemap.csv,232,15,6,8,
pointpcap_features/cubemap/crop_padding/FSRFastPadding/APSIPA/SRSSIMMetric/Cubemap.csv,232,15,6,8,
pointpcap_features/cubemap/crop_padding/FSRFastPadding/APSIPA/SSIMCMetric/Cubemap.csv,232,15,6,8,
pointpcap_features/cubemap/crop_padding/FSRFastPadding/APSIPA/SSIMMetric/Cubemap.csv,232,15,6,8,
pointpcap_features/cubemap/crop_padding/FSRFastPadding/APSIPA/TOPIQ_FRMetric/Cubemap.csv,232,15,6,8,
pointpcap_features/cubemap/crop_padding/FSRFastPadding/APSIPA/VIFMetric/Cubemap.csv,232,15,6,8,
pointpcap_features/cubemap/crop_padding/FSRFastPadding/APSIPA/VSIMetric/Cubemap.csv,232,15,6,8,
pointpcap_features/cubemap/crop_padding/FSRFastPadding/APSIPA/WADIQAM_FRMetric/Cubemap.csv,232,15,6,8,
pointpcap_features/cubemap/crop_padding/NavierStokesPadding/APSIPA/AHIQMetric/Cubemap.csv,232,15,6,8,
pointpcap_features/cubemap/crop_padding/NavierStokesPadding/APSIPA/CKDNMetric/Cubemap.csv,232,15,6,8,
pointpcap_features/cubemap/crop_padding/NavierStokesPadding/APSIPA/CW_SSIMMetric/Cubemap.csv,232,15,6,8,
pointpcap_features/cubemap/crop_padding/NavierStokesPadding/APSIPA/DISTSMetric/Cubemap.csv,232,15,6,8,
pointpcap_features/cubemap/crop_padding/NavierStokesPadding/APSIPA/DSSMetric/Cubemap.csv,232,15,6,8,
pointpcap_features/cubemap/crop_padding/NavierStokesPadding/APSIPA/FSIMMetric/Cubemap.csv,232,15,6,8,
pointpcap_features/cubemap/crop_padding/NavierStokesPadding/APSIPA/GMSDMetric/Cubemap.csv,232,15,6,8,
pointpcap_features/cubemap/crop_padding/NavierStokesPadding/APSIPA/HaarPSIMetric/Cubemap.csv,232,15,6,8,
pointpcap_features/cubemap/crop_padding/NavierStokesPadding/APSIPA/MADMetric/Cubemap.csv,232,15,6,8,
pointpcap_features/cubemap/crop_padding/NavierStokesPadding/APSIPA/MDSIMetric/Cubemap.csv,232,15,6,8,
pointpcap_features/cubemap/crop_padding/NavierStokesPadding/APSIPA/MSGMSDMetric/Cubemap.csv,232,15,6,8,
pointpcap_features/cubemap/crop_padding/NavierStokesPadding/APSIPA/MSSSIMMetric/Cubemap.csv,232,15,6,8,
pointpcap_features/cubemap/crop_padding/NavierStokesPadding/APSIPA/NLPDMetric/Cubemap.csv,232,15,6,8,
pointpcap_features/cubemap/crop_padding/NavierStokesPadding/APSIPA/PIEAPPMetric/Cubemap.csv,232,15,6,8,
pointpcap_features/cubemap/crop_padding/NavierStokesPadding/APSIPA/PSNRMetric/Cubemap.csv,232,15,6,8,
pointpcap_features/cubemap/crop_padding/NavierStokesPadding/APSIPA/SRSSIMMetric/Cubemap.csv,232,15,6,8,
pointpcap_features/cubemap/crop_padding/NavierStokesPadding/APSIPA/SSIMCMetric/Cubemap.csv,232,15,6,8,
pointpcap_features/cubemap/crop_padding/NavierStokesPadding/APSIPA/SSIMMetric/Cubemap.csv,232,15,6,8,
pointpcap_features/cubemap/crop_padding/NavierStokesPadding/APSIPA/TOPIQ_FRMetric/Cubemap.csv,232,15,6,8,
pointpcap_features/cubemap/crop_padding/NavierStokesPadding/APSIPA/VIFMetric/Cubemap.csv,232,15,6,8,
pointpcap_features/cubemap/crop_padding/NavierStokesPadding/APSIPA/VSIMetric/Cubemap.csv,232,15,6,8,
pointpcap_features/cubemap/crop_padding/NavierStokesPadding/APSIPA/WADIQAM_FRMetric/Cubemap.csv,232,15,6,8,
pointpcap_features/cubemap/crop_padding/ShiftmapPadding/APSIPA/AHIQMetric/Cubemap.csv,232,15,6,8,
pointpcap_features/cubemap/crop_padding/ShiftmapPadding/APSIPA/CKDNMetric/Cubemap.csv,232,15,6,8,
pointpcap_features/cubemap/crop_padding/ShiftmapPadding/APSIPA/CW_SSIMMetric/Cubemap.csv,232,15,6,8,
pointpcap_features/cubemap/crop_padding/ShiftmapPadding/APSIPA/DISTSMetric/Cubemap.csv,232,15,6,8,
pointpcap_features/cubemap/crop_padding/ShiftmapPadding/APSIPA/DSSMetric/Cubemap.csv,232,15,6,8,
pointpcap_features/cubemap/crop_padding/ShiftmapPadding/APSIPA/FSIMMetric/Cubemap.csv,232,15,6,8,
pointpcap_features/cubemap/crop_padding/ShiftmapPadding/APSIPA/GMSDMetric/Cubemap.csv,232,15,6,8,
pointpcap_features/cubemap/crop_padding/ShiftmapPadding/APSIPA/HaarPSIMetric/Cubemap.csv,232,15,6,8,
pointpcap_features/cubemap/crop_padding/ShiftmapPadding/APSIPA/MADMetric/Cubemap.csv,232,15,6,8,
pointpcap_features/cubemap/crop_padding/ShiftmapPadding/APSIPA/MDSIMetric/Cubemap.csv,232,15,6,8,
pointpcap_features/cubemap/crop_padding/ShiftmapPadding/APSIPA/MSGMSDMetric/Cubemap.csv,232,15,6,8,
pointpcap_features/cubemap/crop_padding/ShiftmapPadding/APSIPA/MSSSIMMetric/Cubemap.csv,232,15,6,8,
pointpcap_features/cubemap/crop_padding/ShiftmapPadding/APSIPA/NLPDMetric/Cubemap.csv,232,15,6,8,
pointpcap_features/cubemap/crop_padding/ShiftmapPadding/APSIPA/PIEAPPMetric/Cubemap.csv,232,15,6,8,
pointpcap_features/cubemap/crop_padding/ShiftmapPadding/APSIPA/PSNRMetric/Cubemap.csv,232,15,6,8,
pointpcap_features/cubemap/crop_padding/ShiftmapPadding/APSIPA/SRSSIMMetric/Cubemap.csv,232,15,6,8,
pointpcap_features/cubemap/crop_padding/ShiftmapPadding/APSIPA/SSIMCMetric/Cubemap.csv,232,15,6,8,
pointpcap_features/cubemap/crop_padding/ShiftmapPadding/APSIPA/SSIMMetric/Cubemap.csv,232,15,6,8,
pointpcap_features/cubemap/crop_padding/ShiftmapPadding/APSIPA/TOPIQ_FRMetric/Cubemap.csv,232,15,6,8,
pointpcap_features/cubemap/crop_padding/ShiftmapPadding/APSIPA/VIFMetric/Cubemap.csv,232,15,6,8,
pointpcap_features/cubemap/crop_padding/ShiftmapPadding/APSIPA/VSIMetric/Cubemap.csv,232,15,6,8,
pointpcap_features/cubemap/crop_padding/ShiftmapPadding/APSIPA/WADIQAM_FRMetric/Cubemap.csv,232,15,6,8,
pointpcap_features/cubemap/crop_padding/TeleaPadding/APSIPA/AHIQMetric/Cubemap.csv,232,15,6,8,
pointpcap_features/cubemap/crop_padding/TeleaPadding/APSIPA/CKDNMetric/Cubemap.csv,232,15,6,8,
pointpcap_features/cubemap/crop_padding/TeleaPadding/APSIPA/CW_SSIMMetric/Cubemap.csv,232,15,6,8,
pointpcap_features/cubemap/crop_padding/TeleaPadding/APSIPA/DISTSMetric/Cubemap.csv,232,15,6,8,
pointpcap_features/cubemap/crop_padding/TeleaPadding/APSIPA/DSSMetric/Cubemap.csv,232,15,6,8,
pointpcap_features/cubemap/crop_padding/TeleaPadding/APSIPA/FSIMMetric/Cubemap.csv,232,15,6,8,
pointpcap_features/cubemap/crop_padding/TeleaPadding/APSIPA/GMSDMetric/Cubemap.csv,232,15,6,8,
pointpcap_features/cubemap/crop_padding/TeleaPadding/APSIPA/HaarPSIMetric/Cubemap.csv,232,15,6,8,
pointpcap_features/cubemap/crop_padding/TeleaPadding/APSIPA/MADMetric/Cubemap.csv,232,15,6,8,
pointpcap_features/cubemap/crop_padding/TeleaPadding/APSIPA/MDSIMetric/Cubemap.csv,232,15,6,8,
pointpcap_features/cubemap/crop_padding/TeleaPadding/APSIPA/MSGMSDMetric/Cubemap.csv,232,15,6,8,
pointpcap_features/cubemap/crop_padding/TeleaPadding/APSIPA/MSSSIMMetric/Cubemap.csv,232,15,6,8,
pointpcap_features/cubemap/crop_padding/TeleaPadding/APSIPA/NLPDMetric/Cubemap.csv,232,15,6,8,
pointpcap_features/cubemap/crop_padding/TeleaPadding/APSIPA/PIEAPPMetric/Cubemap.csv,232,15,6,8,
pointpcap_features/cubemap/crop_padding/TeleaPadding/APSIPA/PSNRMetric/Cubemap.csv,232,15,6,8,
pointpcap_features/cubemap/crop_padding/TeleaPadding/APSIPA/SRSSIMMetric/Cubemap.csv,232,15,6,8,
pointpcap_features/cubemap/crop_padding/TeleaPadding/APSIPA/SSIMCMetric/Cubemap.csv,232,15,6,8,
pointpcap_features/cubemap/crop_padding/TeleaPadding/APSIPA/SSIMMetric/Cubemap.csv,232,15,6,8,
pointpcap_features/cubemap/crop_padding/TeleaPadding/APSIPA/TOPIQ_FRMetric/Cubemap.csv,232,15,6,8,
pointpcap_features/cubemap/crop_padding/TeleaPadding/APSIPA/VIFMetric/Cubemap.csv,232,15,6,8,
pointpcap_features/cubemap/crop_padding/TeleaPadding/APSIPA/VSIMetric/Cubemap.csv,232,15,6,8,
pointpcap_features/cubemap/crop_padding/TeleaPadding/APSIPA/WADIQAM_FRMetric/Cubemap.csv,232,15,6,8,
pointpcap_features/cubemap/nocrop_nopadding/APSIPA/AHIQMetric/Cubemap.csv,232,15,6,8,
pointpcap_features/cubemap/nocrop_nopadding/APSIPA/CKDNMetric/Cubemap.csv,232,15,6,8,
pointpcap_features/cubemap/nocrop_nopadding/APSIPA/CW_SSIMMetric/Cubemap.csv,232,15,6,8,
pointpcap_features/cubemap/nocrop_nopadding/APSIPA/DISTSMetric/Cubemap.csv,232,15,6,8,
pointpcap_features/cubemap/nocrop_nopadding/APSIPA/DSSMetric/Cubemap.csv,232,15,6,8,
pointpcap_features/cubemap/nocrop_nopadding/APSIPA/FSIMMetric/Cubemap.csv,232,15,6,8,
pointpcap_features/cubemap/nocrop_nopadding/APSIPA/GMSDMetric/Cubemap.csv,232,15,6,8,
pointpcap_features/cubemap/nocrop_nopadding/APSIPA/HaarPSIMetric/Cubemap.csv,232,15,6,8,
pointpcap_features/cubemap/nocrop_nopadding/APSIPA/MADMetric/Cubemap.csv,232,15,6,8,
pointpcap_features/cubemap/nocrop_nopadding/APSIPA/MDSIMetric/Cubemap.csv,232,15,6,8,
pointpcap_features/cubemap/nocrop_nopadding/APSIPA/MSGMSDMetric/Cubemap.csv,232,15,6,8,
pointpcap_features/cubemap/nocrop_nopadding/APSIPA/MSSSIMMetric/Cubemap.csv,232,15,6,8,
pointpcap_features/cubemap/nocrop_nopadding/APSIPA/NLPDMetric/Cubemap.csv,232,15,6,8,
pointpcap_features/cubemap/nocrop_nopadding/APSIPA/PIEAPPMetric/Cubemap.csv,232,15,6,8,
pointpcap_features/cubemap/nocrop_nopadding/APSIPA/PSNRMetric/Cubemap.csv,232,15,6,8,
pointpcap_features/cubemap/nocrop_nopadding/APSIPA/SRSSIMMetric/Cubemap.csv,232,15,6,8,
pointpcap_features/cubemap/nocrop_nopadding/APSIPA/SSIMCMetric/Cubemap.csv,232,15,6,8,
pointpcap_features/cubemap/nocrop_nopadding/APSIPA/SSIMMetric/Cubemap.csv,232,15,6,8,
pointpcap_features/cubemap/nocrop_nopadding/APSIPA/TOPIQ_FRMetric/Cubemap.csv,232,15,6,8,
pointpcap_features/cubemap/nocrop_nopadding/APSIPA/VIFMetric/Cubemap.csv,232,15,6,8,
pointpcap_features/cubemap/nocrop_nopadding/APSIPA/VSIMetric/Cubemap.csv,232,15,6,8,
pointpcap_features/cubemap/nocrop_nopadding/APSIPA/WADIQAM_FRMetric/Cubemap.csv,232,15,6,8,
pointpcap_features/cubemap/only_crop/APSIPA/AHIQMetric/Cubemap.csv,232,15,6,8,
pointpcap_features/cubemap/only_crop/APSIPA/CKDNMetric/Cubemap.csv,232,15,6,8,
pointpcap_features/cubemap/only_crop/APSIPA/CW_SSIMMetric/Cubemap.csv,232,15,6,8,
pointpcap_features/cubemap/only_crop/APSIPA/DISTSMetric/Cubemap.csv,232,15,6,8,
pointpcap_features/cubemap/only_crop/APSIPA/DSSMetric/Cubemap.csv,232,15,6,8,
pointpcap_features/cubemap/only_crop/APSIPA/FSIMMetric/Cubemap.csv,232,15,6,8,
pointpcap_features/cubemap/only_crop/APSIPA/GMSDMetric/Cubemap.csv,232,15,6,8,
pointpcap_features/cubemap/only_crop/APSIPA/HaarPSIMetric/Cubemap.csv,232,15,6,8,
pointpcap_features/cubemap/only_crop/APSIPA/MADMetric/Cubemap.csv,232,15,6,8,
pointpcap_features/cubemap/only_crop/APSIPA/MDSIMetric/Cubemap.csv,232,15,6,8,
pointpcap_features/cubemap/only_crop/APSIPA/MSGMSDMetric/Cubemap.csv,232,15,6,8,
pointpcap_features/cubemap/only_crop/APSIPA/MSSSIMMetric/Cubemap.csv,232,15,6,8,
pointpcap_features/cubemap/only_crop/APSIPA/NLPDMetric/Cubemap.csv,232,15,6,8,
pointpcap_features/cubemap/only_crop/APSIPA/PIEAPPMetric/Cubemap.csv,232,15,6,8,
pointpcap_features/cubemap/only_crop/APSIPA/PSNRMetric/Cubemap.csv,232,15,6,8,
pointpcap_features/cubemap/only_crop/APSIPA/SRSSIMMetric/Cubemap.csv,232,15,6,8,
pointpcap_features/cubemap/only_crop/APSIPA/SSIMCMetric/Cubemap.csv,232,15,6,8,
pointpcap_features/cubemap/only_crop/APSIPA/SSIMMetric/Cubemap.csv,232,15,6,8,
pointpcap_features/cubemap/only_crop/APSIPA/TOPIQ_FRMetric/Cubemap.csv,232,15,6,8,
pointpcap_features/cubemap/only_crop/APSIPA/VIFMetric/Cubemap.csv,232,15,6,8,
pointpcap_features/cubemap/only_crop/APSIPA/VSIMetric/Cubemap.csv,232,15,6,8,
pointpcap_features/cubemap/only_crop/APSIPA/WADIQAM_FRMetric/Cubemap.csv,232,15,6,8,
pointpcap_features/cubemap/only_padding/FSRFastPadding/APSIPA/AHIQMetric/Cubemap.csv,232,15,6,8,
pointpcap_features/cubemap/only_padding/FSRFastPadding/APSIPA/CKDNMetric/Cubemap.csv,232,15,6,8,
pointpcap_features/cubemap/only_padding/FSRFastPadding/APSIPA/CW_SSIMMetric/Cubemap.csv,232,15,6,8,
pointpcap_features/cubemap/only_padding/FSRFastPadding/APSIPA/DISTSMetric/Cubemap.csv,232,15,6,8,
pointpcap_features/cubemap/only_padding/FSRFastPadding/APSIPA/DSSMetric/Cubemap.csv,232,15,6,8,
pointpcap_features/cubemap/only_padding/FSRFastPadding/APSIPA/FSIMMetric/Cubemap.csv,232,15,6,8,
pointpcap_features/cubemap/only_padding/FSRFastPadding/APSIPA/GMSDMetric/Cubemap.csv,232,15,6,8,
pointpcap_features/cubemap/only_padding/FSRFastPadding/APSIPA/HaarPSIMetric/Cubemap.csv,232,15,6,8,
pointpcap_features/cubemap/only_padding/FSRFastPadding/APSIPA/MADMetric/Cubemap.csv,232,15,6,8,
pointpcap_features/cubemap/only_padding/FSRFastPadding/APSIPA/MDSIMetric/Cubemap.csv,232,15,6,8,
pointpcap_features/cubemap/only_padding/FSRFastPadding/APSIPA/MSGMSDMetric/Cubemap.csv,232,15,6,8,
pointpcap_features/cubemap/only_padding/FSRFastPadding/APSIPA/MSSSIMMetric/Cubemap.csv,232,15,6,8,
pointpcap_features/cubemap/only_padding/FSRFastPadding/APSIPA/NLPDMetric/Cubemap.csv,232,15,6,8,
pointpcap_features/cubemap/only_padding/FSRFastPadding/APSIPA/PIEAPPMetric/Cubemap.csv,232,15,6,8,
pointpcap_features/cubemap/only_padding/FSRFastPadding/APSIPA/PSNRMetric/Cubemap.csv,232,15,6,8,
pointpcap_features/cubemap/only_padding/FSRFastPadding/APSIPA/SRSSIMMetric/Cubemap.csv,232,15,6,8,
pointpcap_features/cubemap/only_padding/FSRFastPadding/APSIPA/SSIMCMetric/Cubemap.csv,232,15,6,8,
pointpcap_features/cubemap/only_padding/FSRFastPadding/APSIPA/SSIMMetric/Cubemap.csv,232,15,6,8,
pointpcap_features/cubemap/only_padding/FSRFastPadding/APSIPA/TOPIQ_FRMetric/Cubemap.csv,232,15,6,8,
pointpcap_features/cubemap/only_padding/FSRFastPadding/APSIPA/VIFMetric/Cubemap.csv,232,15,6,8,
pointpcap_features/cubemap/only_padding/FSRFastPadding/APSIPA/VSIMetric/Cubemap.csv,232,15,6,8,
pointpcap_features/cubemap/only_padding/FSRFastPadding/APSIPA/WADIQAM_FRMetric/Cubemap.csv,232,15,6,8,
pointpcap_features/cubemap/only_padding/NavierStokesPadding/APSIPA/AHIQMetric/Cubemap.csv,232,15,6,8,
pointpcap_features/cubemap/only_padding/NavierStokesPadding/APSIPA/CKDNMetric/Cubemap.csv,232,15,6,8,
pointpcap_features/cubemap/only_padding/NavierStokesPadding/APSIPA/CW_SSIMMetric/Cubemap.csv,232,15,6,8,
pointpcap_features/cubemap/only_padding/NavierStokesPadding/APSIPA/DISTSMetric/Cubemap.csv,232,15,6,8,
pointpcap_features/cubemap/only_padding/NavierStokesPadding/APSIPA/DSSMetric/Cubemap.csv,232,15,6,8,
pointpcap_features/cubemap/only_padding/NavierStokesPadding/APSIPA/FSIMMetric/Cubemap.csv,232,15,6,8,
pointpcap_features/cubemap/only_padding/NavierStokesPadding/APSIPA/GMSDMetric/Cubemap.csv,232,15,6,8,
pointpcap_features/cubemap/only_padding/NavierStokesPadding/APSIPA/HaarPSIMetric/Cubemap.csv,232,15,6,8,
pointpcap_features/cubemap/only_padding/NavierStokesPadding/APSIPA/MADMetric/Cubemap.csv,232,15,6,8,
pointpcap_features/cubemap/only_padding/NavierStokesPadding/APSIPA/MDSIMetric/Cubemap.csv,232,15,6,8,
pointpcap_features/cubemap/only_padding/NavierStokesPadding/APSIPA/MSGMSDMetric/Cubemap.csv,232,15,6,8,
pointpcap_features/cubemap/only_padding/NavierStokesPadding/APSIPA/MSSSIMMetric/Cubemap.csv,232,15,6,8,
pointpcap_features/cubemap/only_padding/NavierStokesPadding/APSIPA/NLPDMetric/Cubemap.csv,232,15,6,8,
pointpcap_features/cubemap/only_padding/NavierStokesPadding/APSIPA/PIEAPPMetric/Cubemap.csv,232,15,6,8,
pointpcap_features/cubemap/only_padding/NavierStokesPadding/APSIPA/PSNRMetric/Cubemap.csv,232,15,6,8,
pointpcap_features/cubemap/only_padding/NavierStokesPadding/APSIPA/SRSSIMMetric/Cubemap.csv,232,15,6,8,
pointpcap_features/cubemap/only_padding/NavierStokesPadding/APSIPA/SSIMCMetric/Cubemap.csv,232,15,6,8,
pointpcap_features/cubemap/only_padding/NavierStokesPadding/APSIPA/SSIMMetric/Cubemap.csv,232,15,6,8,
pointpcap_features/cubemap/only_padding/NavierStokesPadding/APSIPA/TOPIQ_FRMetric/Cubemap.csv,232,15,6,8,
pointpcap_features/cubemap/only_padding/NavierStokesPadding/APSIPA/VIFMetric/Cubemap.csv,232,15,6,8,
pointpcap_features/cubemap/only_padding/NavierStokesPadding/APSIPA/VSIMetric/Cubemap.csv,232,15,6,8,
pointpcap_features/cubemap/only_padding/NavierStokesPadding/APSIPA/WADIQAM_FRMetric/Cubemap.csv,232,15,6,8,
pointpcap_features/cubemap/only_padding/ShiftmapPadding/APSIPA/AHIQMetric/Cubemap.csv,232,15,6,8,
pointpcap_features/cubemap/only_padding/ShiftmapPadding/APSIPA/CKDNMetric/Cubemap.csv,232,15,6,8,
pointpcap_features/cubemap/only_padding/ShiftmapPadding/APSIPA/CW_SSIMMetric/Cubemap.csv,232,15,6,8,
pointpcap_features/cubemap/only_padding/ShiftmapPadding/APSIPA/DISTSMetric/Cubemap.csv,232,15,6,8,
pointpcap_features/cubemap/only_padding/ShiftmapPadding/APSIPA/DSSMetric/Cubemap.csv,232,15,6,8,
pointpcap_features/cubemap/only_padding/ShiftmapPadding/APSIPA/FSIMMetric/Cubemap.csv,232,15,6,8,
pointpcap_features/cubemap/only_padding/ShiftmapPadding/APSIPA/GMSDMetric/Cubemap.csv,232,15,6,8,
pointpcap_features/cubemap/only_padding/ShiftmapPadding/APSIPA/HaarPSIMetric/Cubemap.csv,232,15,6,8,
pointpcap_features/cubemap/only_padding/ShiftmapPadding/APSIPA/MADMetric/Cubemap.csv,232,15,6,8,
pointpcap_features/cubemap/only_padding/ShiftmapPadding/APSIPA/MDSIMetric/Cubemap.csv,232,15,6,8,
pointpcap_features/cubemap/only_padding/ShiftmapPadding/APSIPA/MSGMSDMetric/Cubemap.csv,232,15,6,8,
pointpcap_features/cubemap/only_padding/ShiftmapPadding/APSIPA/MSSSIMMetric/Cubemap.csv,232,15,6,8,
pointpcap_features/cubemap/only_padding/ShiftmapPadding/APSIPA/NLPDMetric/Cubemap.csv,232,15,6,8,
pointpcap_features/cubemap/only_padding/ShiftmapPadding/APSIPA/PIEAPPMetric/Cubemap.csv,232,15,6,8,
pointpcap_features/cubemap/only_padding/ShiftmapPadding/APSIPA/PSNRMetric/Cubemap.csv,232,15,6,8,
pointpcap_features/cubemap/only_padding/ShiftmapPadding/APSIPA/SRSSIMMetric/Cubemap.csv,232,15,6,8,
pointpcap_features/cubemap/only_padding/ShiftmapPadding/APSIPA/SSIMCMetric/Cubemap.csv,232,15,6,8,
pointpcap_features/cubemap/only_padding/ShiftmapPadding/APSIPA/SSIMMetric/Cubemap.csv,232,15,6,8,
pointpcap_features/cubemap/only_padding/ShiftmapPadding/APSIPA/TOPIQ_FRMetric/Cubemap.csv,232,15,6,8,
pointpcap_features/cubemap/only_padding/ShiftmapPadding/APSIPA/VIFMetric/Cubemap.csv,232,15,6,8,
pointpcap_features/cubemap/only_padding/ShiftmapPadding/APSIPA/VSIMetric/Cubemap.csv,232,15,6,8,
pointpcap_features/cubemap/only_padding/ShiftmapPadding/APSIPA/WADIQAM_FRMetric/Cubemap.csv,232,15,6,8,
pointpcap_features/cubemap/only_padding/TeleaPadding/APSIPA/AHIQMetric/Cubemap.csv,232,15,6,8,
pointpcap_features/cubemap/only_padding/TeleaPadding/APSIPA/CKDNMetric/Cubemap.csv,232,15,6,8,
pointpcap_features/cubemap/only_padding/TeleaPadding/APSIPA/CW_SSIMMetric/Cubemap.csv,232,15,6,8,
pointpcap_features/cubemap/only_padding/TeleaPadding/APSIPA/DISTSMetric/Cubemap.csv,232,15,6,8,
pointpcap_features/cubemap/only_padding/TeleaPadding/APSIPA/DSSMetric/Cubemap.csv,232,15,6,8,
pointpcap_features/cubemap/only_padding/TeleaPadding/APSIPA/FSIMMetric/Cubemap.csv,232,15,6,8,
pointpcap_features/cubemap/only_padding/TeleaPadding/APSIPA/GMSDMetric/Cubemap.csv,232,15,6,8,
pointpcap_features/cubemap/only_padding/TeleaPadding/APSIPA/HaarPSIMetric/Cubemap.csv,232,15,6,8,
pointpcap_features/cubemap/only_padding/TeleaPadding/APSIPA/MADMetric/Cubemap.csv,232,15,6,8,
pointpcap_features/cubemap/only_padding/TeleaPadding/APSIPA/MDSIMetric/Cubemap.csv,232,15,6,8,
pointpcap_features/cubemap/only_padding/TeleaPadding/APSIPA/MSGMSDMetric/Cubemap.csv,232,15,6,8,
pointpcap_features/cubemap/only_padding/TeleaPadding/APSIPA/MSSSIMMetric/Cubemap.csv,232,15,6,8,
pointpcap_features/cubemap/only_padding/TeleaPadding/APSIPA/NLPDMetric/Cubemap.csv,232,15,6,8,
pointpcap_features/cubemap/only_padding/TeleaPadding/APSIPA/PIEAPPMetric/Cubemap.csv,232,15,6,8,
pointpcap_features/cubemap/only_padding/TeleaPadding/APSIPA/PSNRMetric/Cubemap.csv,232,15,6,8,
pointpcap_features/cubemap/only_padding/TeleaPadding/APSIPA/SRSSIMMetric/Cubemap.csv,232,15,6,8,
pointpcap_features/cubemap/only_padding/TeleaPadding/APSIPA/SSIMCMetric/Cubemap.csv,232,15,6,8,
pointpcap_features/cubemap/only_padding/TeleaPadding/APSIPA/SSIMMetric/Cubemap.csv,232,15,6,8,
pointpcap_features/cubemap/only_padding/TeleaPadding/APSIPA/TOPIQ_FRMetric/Cubemap.csv,232,15,6,8,
pointpcap_features/cubemap/only_padding/TeleaPadding/APSIPA/VIFMetric/Cubemap.csv,232,15,6,8,
pointpcap_features/cubemap/only_padding/TeleaPadding/APSIPA/VSIMetric/Cubemap.csv,232,15,6,8,
pointpcap_features/cubemap/only_padding/TeleaPadding/APSIPA/WADIQAM_FRMetric/Cubemap.csv,232,15,6,8,
