dataset,outer_fold,inner_fold,model,split_hash,status,srocc,plcc,rmse,error
APSIPA,1,0,AdaBoostRegressor,d4c64be11a8580753401099fceca8a67da12e0670a7ff2cb93c95c1b54bea7c4,complete,0.9659021256973086,0.9515493580213478,0.44635799689600325,
APSIPA,1,0,BaggingRegressor,d4c64be11a8580753401099fceca8a67da12e0670a7ff2cb93c95c1b54bea7c4,complete,0.9583368614766623,0.9518091730667418,0.44892688138224274,
APSIPA,1,0,BayesianRidge,d4c64be11a8580753401099fceca8a67da12e0670a7ff2cb93c95c1b54bea7c4,complete,0.9400575651362753,0.9180581596648881,0.5298113254598371,
APSIPA,1,0,DecisionTreeRegressor,d4c64be11a8580753401099fceca8a67da12e0670a7ff2cb93c95c1b54bea7c4,complete,0.9086352039348748,0.9097185622465519,0.6280014139013295,
APSIPA,1,0,DummyRegressor,d4c64be11a8580753401099fceca8a67da12e0670a7ff2cb93c95c1b54bea7c4,complete,,,1.350171191858504,
APSIPA,1,0,ElasticNet,d4c64be11a8580753401099fceca8a67da12e0670a7ff2cb93c95c1b54bea7c4,complete,0.9319891944992543,0.9163660163507233,0.8935104098100896,
APSIPA,1,0,ElasticNetCV,d4c64be11a8580753401099fceca8a67da12e0670a7ff2cb93c95c1b54bea7c4,complete,0.9361773563566392,0.9253353116150347,0.5504324924615174,
APSIPA,1,0,ExtraTreeRegressor,d4c64be11a8580753401099fceca8a67da12e0670a7ff2cb93c95c1b54bea7c4,complete,0.9053248579282377,0.8907086915407616,0.644213299972974,
APSIPA,1,0,ExtraTreesRegressor,d4c64be11a8580753401099fceca8a67da12e0670a7ff2cb93c95c1b54bea7c4,complete,0.9620454148875464,0.958907505363089,0.39650880268090943,
APSIPA,1,0,GammaRegressor,d4c64be11a8580753401099fceca8a67da12e0670a7ff2cb93c95c1b54bea7c4,complete,0.9534535240183523,0.9287595745972961,0.6100954502470243,
APSIPA,1,0,GaussianProcessRegressor,d4c64be11a8580753401099fceca8a67da12e0670a7ff2cb93c95c1b54bea7c4,complete,0.8893068979232576,0.7244333152086719,2.1575010579863814,
APSIPA,1,0,GradientBoostingRegressor,d4c64be11a8580753401099fceca8a67da12e0670a7ff2cb93c95c1b54bea7c4,complete,0.9608136025765509,0.9481227419665555,0.46292240748776575,
APSIPA,1,0,HistGradientBoostingRegressor,d4c64be11a8580753401099fceca8a67da12e0670a7ff2cb93c95c1b54bea7c4,complete,0.9506950181069718,0.9522061543373965,0.41041579676646467,
APSIPA,1,0,HuberRegressor,d4c64be11a8580753401099fceca8a67da12e0670a7ff2cb93c95c1b54bea7c4,complete,0.7449384950745758,0.7162229454442253,1.1229474352141304,
APSIPA,1,0,KNeighborsRegressor,d4c64be11a8580753401099fceca8a67da12e0670a7ff2cb93c95c1b54bea7c4,complete,0.9621999505069196,0.9586951896390307,0.3805825842682187,
APSIPA,1,0,KernelRidge,d4c64be11a8580753401099fceca8a67da12e0670a7ff2cb93c95c1b54bea7c4,complete,0.9400267698285004,0.9189367238323211,2.600243925418946,
APSIPA,1,0,Lars,d4c64be11a8580753401099fceca8a67da12e0670a7ff2cb93c95c1b54bea7c4,complete,-0.18172311117962264,-0.26985597187512766,134758.4209952409,
APSIPA,1,0,LarsCV,d4c64be11a8580753401099fceca8a67da12e0670a7ff2cb93c95c1b54bea7c4,complete,0.9304802244182847,0.9203153160923997,0.7044674503430545,
APSIPA,1,0,Lasso,d4c64be11a8580753401099fceca8a67da12e0670a7ff2cb93c95c1b54bea7c4,complete,0.9132040567565717,0.9102196806419822,1.218858769196973,
APSIPA,1,0,LassoCV,d4c64be11a8580753401099fceca8a67da12e0670a7ff2cb93c95c1b54bea7c4,complete,0.9249986596343543,0.9213171679942376,0.5796464942740502,
APSIPA,1,0,LassoLars,d4c64be11a8580753401099fceca8a67da12e0670a7ff2cb93c95c1b54bea7c4,complete,0.9132040567565717,0.9102196806419821,1.2188587691969732,
APSIPA,1,0,LassoLarsCV,d4c64be11a8580753401099fceca8a67da12e0670a7ff2cb93c95c1b54bea7c4,complete,0.9263536531764495,0.9219823731632715,0.57994827473829,
APSIPA,1,0,LassoLarsIC,d4c64be11a8580753401099fceca8a67da12e0670a7ff2cb93c95c1b54bea7c4,complete,0.20149369877110168,0.07005532640047259,2.4543901850695398,
APSIPA,1,0,LinearRegression,d4c64be11a8580753401099fceca8a67da12e0670a7ff2cb93c95c1b54bea7c4,complete,0.2018016518488506,0.0687107279351859,2.458226375192394,
APSIPA,1,0,LinearSVR,d4c64be11a8580753401099fceca8a67da12e0670a7ff2cb93c95c1b54bea7c4,complete,0.930110680724986,0.870313153024901,0.7117707734526295,
APSIPA,1,0,MLPRegressor,d4c64be11a8580753401099fceca8a67da12e0670a7ff2cb93c95c1b54bea7c4,complete,0.8644550845489217,0.9152051412444011,0.6456227799199847,
APSIPA,1,0,NuSVR,d4c64be11a8580753401099fceca8a67da12e0670a7ff2cb93c95c1b54bea7c4,complete,0.9367624672043622,0.9519401176100509,0.4364740773051558,
APSIPA,1,0,OrthogonalMatchingPursuit,d4c64be11a8580753401099fceca8a67da12e0670a7ff2cb93c95c1b54bea7c4,complete,0.9163759734573853,0.9083293795669649,0.6671881736120622,
APSIPA,1,0,OrthogonalMatchingPursuitCV,d4c64be11a8580753401099fceca8a67da12e0670a7ff2cb93c95c1b54bea7c4,complete,0.9132040567565717,0.9102196806419822,0.6997990805849088,
APSIPA,1,0,PassiveAggressiveRegressor,d4c64be11a8580753401099fceca8a67da12e0670a7ff2cb93c95c1b54bea7c4,complete,0.93460679566012,0.8736531530450496,0.8248961727517967,
APSIPA,1,0,PoissonRegressor,d4c64be11a8580753401099fceca8a67da12e0670a7ff2cb93c95c1b54bea7c4,complete,0.951575010244084,0.9352329635056439,0.5462029656871703,
APSIPA,1,0,QuantileRegressor,d4c64be11a8580753401099fceca8a67da12e0670a7ff2cb93c95c1b54bea7c4,complete,,,1.4064736412205796,
APSIPA,1,0,RANSACRegressor,d4c64be11a8580753401099fceca8a67da12e0670a7ff2cb93c95c1b54bea7c4,complete,0.21673737611967198,0.1379375235347069,2.9428950308026676,
APSIPA,1,0,RandomForestRegressor,d4c64be11a8580753401099fceca8a67da12e0670a7ff2cb93c95c1b54bea7c4,complete,0.9577890085672348,0.9578121449166701,0.3899835664641127,
APSIPA,1,0,Ridge,d4c64be11a8580753401099fceca8a67da12e0670a7ff2cb93c95c1b54bea7c4,complete,0.9400267698285004,0.9189367238322972,0.5294936910070372,
APSIPA,1,0,RidgeCV,d4c64be11a8580753401099fceca8a67da12e0670a7ff2cb93c95c1b54bea7c4,complete,0.9168071077662339,0.8855807101418497,0.8053931128359921,
APSIPA,1,0,SGDRegressor,d4c64be11a8580753401099fceca8a67da12e0670a7ff2cb93c95c1b54bea7c4,complete,0.9338985035812973,0.9272881678280681,0.5866431712885669,
APSIPA,1,0,SVR,d4c64be11a8580753401099fceca8a67da12e0670a7ff2cb93c95c1b54bea7c4,complete,0.9434450489915132,0.9564014069993206,0.4072184189531686,
APSIPA,1,0,TransformedTargetRegressor,d4c64be11a8580753401099fceca8a67da12e0670a7ff2cb93c95c1b54bea7c4,complete,0.2018016518488506,0.0687107279351859,2.458226375192394,
APSIPA,1,0,TweedieRegressor,d4c64be11a8580753401099fceca8a67da12e0670a7ff2cb93c95c1b54bea7c4,complete,0.9523756882462312,0.924118612652903,0.5701192678335971,
APSIPA,1,0,XGBRegressor,d4c64be11a8580753401099fceca8a67da12e0670a7ff2cb93c95c1b54bea7c4,complete,0.9483722982354956,0.9387848312964397,0.5150354630032276,
