outer_fold,inner_fold,model,error
0,0,LassoLarsIC,"ValueError: You are using LassoLarsIC in the case where the number of samples is smaller than the number of features. In this setting, getting a good estimate for the variance of the noise is not possible. Provide an estimate of the noise variance in the constructor."
0,0,RANSACRegressor,ValueError: `min_samples` may not be larger than number of samples: n_samples = 116.
0,1,LassoLarsIC,"ValueError: You are using LassoLarsIC in the case where the number of samples is smaller than the number of features. In this setting, getting a good estimate for the variance of the noise is not possible. Provide an estimate of the noise variance in the constructor."
0,1,RANSACRegressor,ValueError: `min_samples` may not be larger than number of samples: n_samples = 145.
0,2,LassoLarsIC,"ValueError: You are using LassoLarsIC in the case where the number of samples is smaller than the number of features. In this setting, getting a good estimate for the variance of the noise is not possible. Provide an estimate of the noise variance in the constructor."
0,2,RANSACRegressor,ValueError: `min_samples` may not be larger than number of samples: n_samples = 145.
0,3,LassoLarsIC,"ValueError: You are using LassoLarsIC in the case where the number of samples is smaller than the number of features. In this setting, getting a good estimate for the variance of the noise is not possible. Provide an estimate of the noise variance in the constructor."
0,3,RANSACRegressor,ValueError: `min_samples` may not be larger than number of samples: n_samples = 145.
0,4,LassoLarsIC,"ValueError: You are using LassoLarsIC in the case where the number of samples is smaller than the number of features. In this setting, getting a good estimate for the variance of the noise is not possible. Provide an estimate of the noise variance in the constructor."
0,4,RANSACRegressor,ValueError: `min_samples` may not be larger than number of samples: n_samples = 145.
1,0,LassoLarsIC,"ValueError: You are using LassoLarsIC in the case where the number of samples is smaller than the number of features. In this setting, getting a good estimate for the variance of the noise is not possible. Provide an estimate of the noise variance in the constructor."
1,0,RANSACRegressor,ValueError: `min_samples` may not be larger than number of samples: n_samples = 116.
1,1,LassoLarsIC,"ValueError: You are using LassoLarsIC in the case where the number of samples is smaller than the number of features. In this setting, getting a good estimate for the variance of the noise is not possible. Provide an estimate of the noise variance in the constructor."
1,1,RANSACRegressor,ValueError: `min_samples` may not be larger than number of samples: n_samples = 145.
1,2,LassoLarsIC,"ValueError: You are using LassoLarsIC in the case where the number of samples is smaller than the number of features. In this setting, getting a good estimate for the variance of the noise is not possible. Provide an estimate of the noise variance in the constructor."
1,2,RANSACRegressor,ValueError: `min_samples` may not be larger than number of samples: n_samples = 145.
1,3,LassoLarsIC,"ValueError: You are using LassoLarsIC in the case where the number of samples is smaller than the number of features. In this setting, getting a good estimate for the variance of the noise is not possible. Provide an estimate of the noise variance in the constructor."
1,3,RANSACRegressor,ValueError: `min_samples` may not be larger than number of samples: n_samples = 145.
1,4,LassoLarsIC,"ValueError: You are using LassoLarsIC in the case where the number of samples is smaller than the number of features. In this setting, getting a good estimate for the variance of the noise is not possible. Provide an estimate of the noise variance in the constructor."
1,4,RANSACRegressor,ValueError: `min_samples` may not be larger than number of samples: n_samples = 145.
2,0,LassoLarsIC,"ValueError: You are using LassoLarsIC in the case where the number of samples is smaller than the number of features. In this setting, getting a good estimate for the variance of the noise is not possible. Provide an estimate of the noise variance in the constructor."
2,0,RANSACRegressor,ValueError: `min_samples` may not be larger than number of samples: n_samples = 116.
2,1,LassoLarsIC,"ValueError: You are using LassoLarsIC in the case where the number of samples is smaller than the number of features. In this setting, getting a good estimate for the variance of the noise is not possible. Provide an estimate of the noise variance in the constructor."
2,1,RANSACRegressor,ValueError: `min_samples` may not be larger than number of samples: n_samples = 145.
2,2,LassoLarsIC,"ValueError: You are using LassoLarsIC in the case where the number of samples is smaller than the number of features. In this setting, getting a good estimate for the variance of the noise is not possible. Provide an estimate of the noise variance in the constructor."
2,2,RANSACRegressor,ValueError: `min_samples` may not be larger than number of samples: n_samples = 145.
2,3,LassoLarsIC,"ValueError: You are using LassoLarsIC in the case where the number of samples is smaller than the number of features. In this setting, getting a good estimate for the variance of the noise is not possible. Provide an estimate of the noise variance in the constructor."
2,3,RANSACRegressor,ValueError: `min_samples` may not be larger than number of samples: n_samples = 145.
2,4,LassoLarsIC,"ValueError: You are using LassoLarsIC in the case where the number of samples is smaller than the number of features. In this setting, getting a good estimate for the variance of the noise is not possible. Provide an estimate of the noise variance in the constructor."
2,4,RANSACRegressor,ValueError: `min_samples` may not be larger than number of samples: n_samples = 145.
3,0,LassoLarsIC,"ValueError: You are using LassoLarsIC in the case where the number of samples is smaller than the number of features. In this setting, getting a good estimate for the variance of the noise is not possible. Provide an estimate of the noise variance in the constructor."
3,0,RANSACRegressor,ValueError: `min_samples` may not be larger than number of samples: n_samples = 145.
3,1,LassoLarsIC,"ValueError: You are using LassoLarsIC in the case where the number of samples is smaller than the number of features. In this setting, getting a good estimate for the variance of the noise is not possible. Provide an estimate of the noise variance in the constructor."
3,1,RANSACRegressor,ValueError: `min_samples` may not be larger than number of samples: n_samples = 145.
4,0,LassoLarsIC,"ValueError: You are using LassoLarsIC in the case where the number of samples is smaller than the number of features. In this setting, getting a good estimate for the variance of the noise is not possible. Provide an estimate of the noise variance in the constructor."
4,0,RANSACRegressor,ValueError: `min_samples` may not be larger than number of samples: n_samples = 145.
4,1,LassoLarsIC,"ValueError: You are using LassoLarsIC in the case where the number of samples is smaller than the number of features. In this setting, getting a good estimate for the variance of the noise is not possible. Provide an estimate of the noise variance in the constructor."
4,1,RANSACRegressor,ValueError: `min_samples` may not be larger than number of samples: n_samples = 145.
