SIGNAL,REF,ATTACK,CLASS,SCORE,REF_NUM_POINTS,TEST_NUM_POINTS,TIME_TAKEN_SECONDS,PEAK_RAM_USAGE_GiB,QUALITY_INDEX_PointPCA2_0,QUALITY_INDEX_PointPCA2_1,QUALITY_INDEX_PointPCA2_2,QUALITY_INDEX_PointPCA2_3,QUALITY_INDEX_PointPCA2_4,QUALITY_INDEX_PointPCA2_5,QUALITY_INDEX_PointPCA2_6,QUALITY_INDEX_PointPCA2_7,QUALITY_INDEX_PointPCA2_8,QUALITY_INDEX_PointPCA2_9,QUALITY_INDEX_PointPCA2_10,QUALITY_INDEX_PointPCA2_11,QUALITY_INDEX_PointPCA2_12,QUALITY_INDEX_PointPCA2_13,QUALITY_INDEX_PointPCA2_14,QUALITY_INDEX_PointPCA2_15,QUALITY_INDEX_PointPCA2_16,QUALITY_INDEX_PointPCA2_17,QUALITY_INDEX_PointPCA2_18,QUALITY_INDEX_PointPCA2_19,QUALITY_INDEX_PointPCA2_20,QUALITY_INDEX_PointPCA2_21,QUALITY_INDEX_PointPCA2_22,QUALITY_INDEX_PointPCA2_23,QUALITY_INDEX_PointPCA2_24,QUALITY_INDEX_PointPCA2_25,QUALITY_INDEX_PointPCA2_26,QUALITY_INDEX_PointPCA2_27,QUALITY_INDEX_PointPCA2_28,QUALITY_INDEX_PointPCA2_29,QUALITY_INDEX_PointPCA2_30,QUALITY_INDEX_PointPCA2_31,QUALITY_INDEX_PointPCA2_32,QUALITY_INDEX_PointPCA2_33,QUALITY_INDEX_PointPCA2_34,QUALITY_INDEX_PointPCA2_35,QUALITY_INDEX_PointPCA2_36,QUALITY_INDEX_PointPCA2_37,QUALITY_INDEX_PointPCA2_38,QUALITY_INDEX_PointPCA2_39
amphoriskos_vox10_octree08_jpeg010.ply,amphoriskos_vox10.ply,Compression,1,1.35,828820,137664,104.98298215866089,2.0378150939941406,0.9223527253158817,0.9782687844742798,0.9869157069452286,0.5921554325651013,0.30654923979535786,0.28715415402653605,0.9735612520488115,0.8961749534912088,0.9019249059879567,0.5827973457752771,0.37668368032709226,0.5304016162213583,0.0018812666596772687,0.0009436208954175589,0.0009422889399470308,0.0009350758370307337,0.00018094694539787725,0.0003524971339343257,0.0019416454233229393,0.0009569672684710434,0.0009984353785305793,0.0009373607808453139,0.00036790029968130657,0.000637245710439311,0.30729044677006223,0.27347403521093705,0.09006307878937589,0.999941169144107,0.9999252943992857,0.94727591918511,0.19578660372060736,0.32742146557154533,0.9753086161185576,0.9364638016253056,0.2822209758513549,0.4335234291912975,0.4062892509554306,0.5030056864163158,0.540315161516685,0.006474867284622557
amphoriskos_vox10_octree08_jpeg050.ply,amphoriskos_vox10.ply,Compression,1,1.55,828820,137664,107.14061570167542,2.162242889404297,0.931809596703614,0.985139293517597,0.991847806587068,0.591676965728236,0.3727905794722897,0.3374282251276363,0.9648423177878934,0.9891890991758261,0.990731639279785,0.5783672116359028,0.41242574433228213,0.5272170403314851,0.0018812666596772687,0.0009436208954175589,0.0009422889399470308,0.0009350758370307337,0.00018094694539787725,0.0003524971339343257,0.0019416454233229393,0.0009569672684710434,0.0009984353785305793,0.0009373607808453139,0.00036790029968130657,0.000637245710439311,0.30729044677006223,0.27347403521093705,0.09006307878937589,0.999941169144107,0.9999252943992857,0.94727591918511,0.19578660372060736,0.32742146557154533,0.9753086161185576,0.9364638016253056,0.2822209758513549,0.4335234291912975,0.4062892509554306,0.5030056864163158,0.540315161516685,0.006474867284622557
amphoriskos_vox10_octree08_jpeg090.ply,amphoriskos_vox10.ply,Compression,1,1.6,828820,137664,106.18329882621765,1.7425003051757812,0.9356471352995592,0.9876747112076757,0.9936299997152525,0.5722888094763049,0.3980799564486031,0.36683579105139874,0.96010589686805,0.9819650912575282,0.9854103262864764,0.5631478174560389,0.4224670783010344,0.5089740071531887,0.0018812666596772687,0.0009436208954175589,0.0009422889399470308,0.0009350758370307337,0.00018094694539787725,0.0003524971339343257,0.0019416454233229393,0.0009569672684710434,0.0009984353785305793,0.0009373607808453139,0.00036790029968130657,0.000637245710439311,0.30729044677006223,0.27347403521093705,0.09006307878937589,0.999941169144107,0.9999252943992857,0.94727591918511,0.19578660372060736,0.32742146557154533,0.9753086161185576,0.9364638016253056,0.2822209758513549,0.4335234291912975,0.4062892509554306,0.5030056864163158,0.540315161516685,0.006474867284622557
amphoriskos_vox10_octree09_jpeg010.ply,amphoriskos_vox10.ply,Compression,1,2.15,828820,446927,106.59288692474365,2.1228408813476562,0.9572583092424695,0.9829464792216737,0.9887995194758581,0.6990350478540404,0.3144097543525692,0.3069078637112352,0.9574705926898721,0.8962242963579632,0.9013886681691334,0.6812254636791625,0.4083669669785754,0.6339232520861562,0.0009485377556103981,0.0004777444713237116,0.00047870529847076693,0.0004638666690405847,0.00018094694539787725,0.0003524971339343257,0.0010663215308385034,0.0005086236243315222,0.000584127268345706,0.0005003157712402945,0.00024295230315866083,0.00026725295552863825,0.7299199501093846,0.6720638483710768,0.40959825029016916,1.0004957097474367,1.0007269080968964,0.917932706259189,0.5908259802910747,0.7224551565890734,0.9913307668393049,0.9344657803694892,0.3211056824135428,0.6446243262657532,0.6156947154425446,0.5329561153793829,0.49983888541413407,0.0011727529440531464
amphoriskos_vox10_octree09_jpeg050.ply,amphoriskos_vox10.ply,Compression,1,3.2,828820,446927,105.18128228187561,2.0772247314453125,0.9705499196126969,0.9900998257108864,0.9943606116345919,0.7591107736682202,0.4389480758359372,0.40130797288854375,0.938143433559095,0.9888830473260257,0.9909371404859472,0.736039020386854,0.5107355638863166,0.6954644679339528,0.0009485377556103981,0.0004777444713237116,0.00047870529847076693,0.0004638666690405847,0.00018094694539787725,0.0003524971339343257,0.0010663215308385034,0.0005086236243315222,0.000584127268345706,0.0005003157712402945,0.00024295230315866083,0.00026725295552863825,0.7299199501093846,0.6720638483710768,0.40959825029016916,1.0004957097474367,1.0007269080968964,0.917932706259189,0.5908259802910747,0.7224551565890734,0.9913307668393049,0.9344657803694892,0.3211056824135428,0.6446243262657532,0.6156947154425446,0.5329561153793829,0.49983888541413407,0.0011727529440531464
amphoriskos_vox10_octree09_jpeg090.ply,amphoriskos_vox10.ply,Compression,1,3.8,828820,446927,105.88606977462769,2.045978546142578,0.9759909874747382,0.9927985813068502,0.9961875575402211,0.7739267376403365,0.501337651639725,0.4693750735146133,0.925564918052039,0.9823060650639669,0.9865156243964223,0.7546214255012745,0.5604702186480379,0.7140264807176042,0.0009485377556103981,0.0004777444713237116,0.00047870529847076693,0.0004638666690405847,0.00018094694539787725,0.0003524971339343257,0.0010663215308385034,0.0005086236243315222,0.000584127268345706,0.0005003157712402945,0.00024295230315866083,0.00026725295552863825,0.7299199501093846,0.6720638483710768,0.40959825029016916,1.0004957097474367,1.0007269080968964,0.917932706259189,0.5908259802910747,0.7224551565890734,0.9913307668393049,0.9344657803694892,0.3211056824135428,0.6446243262657532,0.6156947154425446,0.5329561153793829,0.49983888541413407,0.0011727529440531464
amphoriskos_vox10_octree10_jpeg010.ply,amphoriskos_vox10.ply,Compression,1,2.85,828820,828820,107.87823295593262,2.054920196533203,0.9719125667547283,0.9850391943814758,0.9898149168135073,0.7590143494041217,0.3218036060051931,0.3131860883194943,0.9389377872414983,0.8656668873617258,0.8784700768087859,0.7400333445863962,0.4215811888360408,0.6981007790402454,0.0005015263090639134,0.0002572598107301435,0.00025977391822206575,0.00023363869943144943,0.00018094694539787725,0.0003524971339343257,0.0006965722402360766,0.00030888655415388367,0.0004244864360134359,0.0003143086518816733,0.00011046237040943797,0.0002300549262965737,0.9829280077991837,0.9816411665866522,0.9723940269127238,0.9754095329206269,0.9742074566933341,0.8362501785561824,0.989977652642549,0.9962903041078897,0.9994037510064205,0.9661847416755058,0.6586222745806727,0.9725582654960241,0.9660752544801221,0.770604965128825,0.17249563328470194,0.0001508122891389256
amphoriskos_vox10_octree10_jpeg050.ply,amphoriskos_vox10.ply,Compression,1,3.9,828820,828820,106.91554665565491,2.0685806274414062,0.9871805566208134,0.992418267456714,0.9953946245849347,0.8705457837797885,0.4873424691360939,0.4542748521923466,0.9117301962677383,0.9818281316305656,0.9844695267609095,0.8449856003369309,0.5889702916028428,0.8201736062123124,0.0005015263090639134,0.0002572598107301435,0.00025977391822206575,0.00023363869943144943,0.00018094694539787725,0.0003524971339343257,0.0006965722402360766,0.00030888655415388367,0.0004244864360134359,0.0003143086518816733,0.00011046237040943797,0.0002300549262965737,0.9829280077991837,0.9816411665866522,0.9723940269127238,0.9754095329206269,0.9742074566933341,0.8362501785561824,0.989977652642549,0.9962903041078897,0.9994037510064205,0.9661847416755058,0.6586222745806727,0.9725582654960241,0.9660752544801221,0.770604965128825,0.17249563328470194,0.0001508122891389256
amphoriskos_vox10_octree10_jpeg090.ply,amphoriskos_vox10.ply,Compression,1,4.6,828820,828820,107.39470911026001,2.030994415283203,0.992574875154342,0.9949511571334047,0.9971617779966886,0.928975919797962,0.5686788809366865,0.5419921959419339,0.8929395015569772,0.9734963285155384,0.9782702004077942,0.9038302846490853,0.6632340455373332,0.8920992154666253,0.0005015263090639134,0.0002572598107301435,0.00025977391822206575,0.00023363869943144943,0.00018094694539787725,0.0003524971339343257,0.0006965722402360766,0.00030888655415388367,0.0004244864360134359,0.0003143086518816733,0.00011046237040943797,0.0002300549262965737,0.9829280077991837,0.9816411665866522,0.9723940269127238,0.9754095329206269,0.9742074566933341,0.8362501785561824,0.989977652642549,0.9962903041078897,0.9994037510064205,0.9661847416755058,0.6586222745806727,0.9725582654960241,0.9660752544801221,0.770604965128825,0.17249563328470194,0.0001508122891389256
amphoriskos_vox10_hidden.ply,amphoriskos_vox10.ply,Compression,1,4.9,828820,828820,105.5779676437378,2.0626296997070312,1.0,1.0,1.0,1.0,1.0,1.0,7.687984721708553e-17,7.478420251840123e-17,7.370884676769718e-17,1.0,1.0,1.0,0.0,0.0,0.0,0.0,0.00018094694539787725,0.0003524971339343257,0.0004875439690857909,0.00018094694539787725,0.0003524971339343257,1.4702173756946334e-17,6.3405711859544906e-18,9.134917464617831e-18,1.0,1.0,1.0,6.060599146290686e-17,6.23414104609815e-17,7.465145125384295e-17,1.0,1.0,1.0,1.0,1.0,1.0,1.0,1.0,0.0,1.1499666567052564e-17
biplane_vox10_octree08_jpeg010.ply,biplane_vox10.ply,Compression,1,1.25,773447,62153,99.07935404777527,1.8661918640136719,0.9024979162941058,0.9716141000456849,0.9910585333607334,0.6226716465886094,0.37328336217506386,0.36190385546172765,0.99347982041034,0.9551309268350111,0.9208203980085626,0.6301109899538282,0.4663876671820764,0.5872701097959079,0.0019089298288887733,0.0009608194983332867,0.000955487915475902,0.0009713762997684852,0.0002531985981718735,0.0005315802813574269,0.002051376419750964,0.0010074075517345798,0.0011068534284058807,0.0025340380578921344,0.0009187315674893238,0.00180498847156949,0.22855541239963448,0.20315741771204596,0.11629194879201224,1.0005540223222797,0.9926728052061712,0.9716002194113544,0.14975762561304864,0.22709060213960602,0.7433845208926538,0.7095837660040737,0.35587058967416973,0.52987221440547,0.48109441821599097,0.49628961090355467,0.4908039752081188,0.1263475583918168
biplane_vox10_octree08_jpeg050.ply,biplane_vox10.ply,Compression,1,1.6,773447,62153,100.0868558883667,1.8699874877929688,0.9095955777794263,0.9757483879566823,0.9945904304996152,0.6608061887657622,0.4898261441461521,0.6105813221647801,0.9918627895758151,0.997768992504446,0.9996133474726281,0.6707810853071682,0.6471713736962118,0.6314779264933106,0.0019089298288887733,0.0009608194983332867,0.000955487915475902,0.0009713762997684852,0.0002531985981718735,0.0005315802813574269,0.002051376419750964,0.0010074075517345798,0.0011068534284058807,0.0025340380578921344,0.0009187315674893238,0.00180498847156949,0.22855541239963448,0.20315741771204596,0.11629194879201224,1.0005540223222797,0.9926728052061712,0.9716002194113544,0.14975762561304864,0.22709060213960602,0.7433845208926538,0.7095837660040737,0.35587058967416973,0.52987221440547,0.48109441821599097,0.49628961090355467,0.4908039752081188,0.1263475583918168
biplane_vox10_octree08_jpeg090.ply,biplane_vox10.ply,Compression,1,1.65,773447,62153,98.49501872062683,1.8548049926757812,0.9114508016892334,0.9776727169940093,0.995618650134005,0.6682969556860825,0.5261658600968604,0.6611293341935472,0.99114498432865,0.9961879764954358,0.9991370594753148,0.6773436072041227,0.6676997697646154,0.638746876727151,0.0019089298288887733,0.0009608194983332867,0.000955487915475902,0.0009713762997684852,0.0002531985981718735,0.0005315802813574269,0.002051376419750964,0.0010074075517345798,0.0011068534284058807,0.0025340380578921344,0.0009187315674893238,0.00180498847156949,0.22855541239963448,0.20315741771204596,0.11629194879201224,1.0005540223222797,0.9926728052061712,0.9716002194113544,0.14975762561304864,0.22709060213960602,0.7433845208926538,0.7095837660040737,0.35587058967416973,0.52987221440547,0.48109441821599097,0.49628961090355467,0.4908039752081188,0.1263475583918168
biplane_vox10_octree09_jpeg010.ply,biplane_vox10.ply,Compression,1,2.0,773447,252822,98.52830982208252,1.8926124572753906,0.943777529283463,0.9766396095250848,0.991157002051622,0.662590591997748,0.40931561480378115,0.4065497419765446,0.9815260857370994,0.9197614221749647,0.9003524129366135,0.6682248332561255,0.5003841170724133,0.6266444699012105,0.000997560730141384,0.0004928947685898126,0.0004883373568174011,0.0005159443792779948,0.0002531985981718735,0.0005315802813574269,0.0012512425019796456,0.0005782676123055275,0.0007545492625065477,0.0008328310475632988,0.00033635835481083575,0.0005842927858929967,0.571065905508866,0.5343998480835974,0.3899251538873605,0.9980860405343066,0.9874087955941261,0.955534121342066,0.46772391098039806,0.5599377571948013,0.849056041338703,0.7975863587162397,0.41234897379403174,0.6832495128661483,0.6460503819028146,0.5546912990477558,0.43138295246303143,0.060503301451225615
biplane_vox10_octree09_jpeg050.ply,biplane_vox10.ply,Compression,1,3.25,773447,252822,100.12767219543457,1.885406494140625,0.952132378483511,0.9829216969477332,0.9955588299898245,0.7543645032474151,0.4902232860368124,0.6147093527723207,0.9778865033214132,0.991899286470808,0.9984323422826737,0.7603914973852753,0.6623169755396987,0.7281863206223057,0.000997560730141384,0.0004928947685898126,0.0004883373568174011,0.0005159443792779948,0.0002531985981718735,0.0005315802813574269,0.0012512425019796456,0.0005782676123055275,0.0007545492625065477,0.0008328310475632988,0.00033635835481083575,0.0005842927858929967,0.571065905508866,0.5343998480835974,0.3899251538873605,0.9980860405343066,0.9874087955941261,0.955534121342066,0.46772391098039806,0.5599377571948013,0.849056041338703,0.7975863587162397,0.41234897379403174,0.6832495128661483,0.6460503819028146,0.5546912990477558,0.43138295246303143,0.060503301451225615
biplane_vox10_octree09_jpeg090.ply,biplane_vox10.ply,Compression,1,3.55,773447,252822,99.42564582824707,1.8723030090332031,0.9546020923890862,0.9857961220515751,0.9968165832477799,0.7721700923135453,0.5147353848947562,0.655947341628783,0.9758360892957624,0.9872793206469068,0.9965269046741038,0.7761327216573707,0.6822368775209007,0.7463993600077555,0.000997560730141384,0.0004928947685898126,0.0004883373568174011,0.0005159443792779948,0.0002531985981718735,0.0005315802813574269,0.0012512425019796456,0.0005782676123055275,0.0007545492625065477,0.0008328310475632988,0.00033635835481083575,0.0005842927858929967,0.571065905508866,0.5343998480835974,0.3899251538873605,0.9980860405343066,0.9874087955941261,0.955534121342066,0.46772391098039806,0.5599377571948013,0.849056041338703,0.7975863587162397,0.41234897379403174,0.6832495128661483,0.6460503819028146,0.5546912990477558,0.43138295246303143,0.060503301451225615
biplane_vox10_octree10_jpeg010.ply,biplane_vox10.ply,Compression,1,3.1,773447,773447,100.886971950531,1.8673095703125,0.9764551896424358,0.9823986019101888,0.9906609026316489,0.7197573569431946,0.4048188512230894,0.4290600473292027,0.9580163333312878,0.8830080332255094,0.8809297165554756,0.7230904089273805,0.5095729371425431,0.6847439217924339,0.0006286877148852953,0.0003016353285792237,0.00029587134103288456,0.0003756499344526383,0.0002531985981718735,0.0005315802813574269,0.0009486202703446441,0.000403518959030195,0.0006404038302695214,0.00036544467147372816,0.00010814581663948312,0.0003042855032381457,0.9690432083449781,0.968718816335736,0.9334443614968978,0.9920670597727329,0.9805931625744051,0.916878826873543,0.9794877612054251,0.9890151597094966,0.959683397943222,0.9029257885914297,0.613105344891646,0.9294718639131381,0.9147464708323634,0.7187435225176059,0.22548331809801345,0.019232104975224783
biplane_vox10_octree10_jpeg050.ply,biplane_vox10.ply,Compression,1,4.2,773447,773447,100.79024982452393,1.9381904602050781,0.9851955526475856,0.989557958323208,0.9965563077116796,0.881437383510604,0.48630964911892677,0.6180396406157708,0.9464979918176951,0.9791075626226393,0.9921547452615299,0.8838082726831692,0.6911758308586025,0.8649742216005956,0.0006286877148852953,0.0003016353285792237,0.00029587134103288456,0.0003756499344526383,0.0002531985981718735,0.0005315802813574269,0.0009486202703446441,0.000403518959030195,0.0006404038302695214,0.00036544467147372816,0.00010814581663948312,0.0003042855032381457,0.9690432083449781,0.968718816335736,0.9334443614968978,0.9920670597727329,0.9805931625744051,0.916878826873543,0.9794877612054251,0.9890151597094966,0.959683397943222,0.9029257885914297,0.613105344891646,0.9294718639131381,0.9147464708323634,0.7187435225176059,0.22548331809801345,0.019232104975224783
biplane_vox10_octree10_jpeg090.ply,biplane_vox10.ply,Compression,1,4.3,773447,773447,100.84916758537292,1.8883934020996094,0.9876216928646738,0.9927563739036387,0.9979586783235753,0.9167731056761256,0.5108855640264409,0.6723678037221176,0.938356918229645,0.9700946275634048,0.9895144673383536,0.9168809257474307,0.7189554411511603,0.9046588669883197,0.0006286877148852953,0.0003016353285792237,0.00029587134103288456,0.0003756499344526383,0.0002531985981718735,0.0005315802813574269,0.0009486202703446441,0.000403518959030195,0.0006404038302695214,0.00036544467147372816,0.00010814581663948312,0.0003042855032381457,0.9690432083449781,0.968718816335736,0.9334443614968978,0.9920670597727329,0.9805931625744051,0.916878826873543,0.9794877612054251,0.9890151597094966,0.959683397943222,0.9029257885914297,0.613105344891646,0.9294718639131381,0.9147464708323634,0.7187435225176059,0.22548331809801345,0.019232104975224783
biplane_vox10_hidden.ply,biplane_vox10.ply,Compression,1,4.65,773447,773447,98.64414930343628,1.8882331848144531,1.0,1.0,1.0,1.0,1.0,1.0,7.702176884315086e-17,7.675394420667871e-17,7.477217646984079e-17,1.0,1.0,1.0,0.0,0.0,0.0,0.0,0.0002531985981718735,0.0005315802813574269,0.0006974276940065691,0.0002531985981718735,0.0005315802813574269,1.0530196597107316e-17,5.6942525491979874e-18,3.767843199982659e-18,1.0,1.0,1.0,7.879608549585835e-17,7.630533152984779e-17,7.931762359721385e-17,1.0,1.0,1.0,1.0,1.0,1.0,1.0,1.0,0.0,1.1559311749872872e-17
longdress_vox10_1300_vox10_octree08_jpeg010.ply,longdress_vox10_1300_vox10.ply,Compression,1,1.2,857966,66586,108.14272117614746,2.111724853515625,0.9491594496761615,0.9747367406486473,0.9716213793023235,0.5377644381533225,0.4233147292445307,0.3970998045594483,0.9922553719626865,0.9887075069997865,0.9950853414175042,0.5554232773783432,0.5024071125847634,0.4991580994997109,0.0018761391953047524,0.0009431587024217106,0.0009383537729224194,0.0009421991931419968,9.364317796138606e-05,0.00036260813876901483,0.0019226615791756289,0.0009437695730658918,0.0010010649804866828,0.0015740525531857915,0.0004908509308363931,0.0012692842885953998,0.1712693018875969,0.15879654020791675,0.05622390409391131,1.0000304937045827,0.9997630801481934,0.9483872566117914,0.11038421628799887,0.18736432242077522,0.9077421359158374,0.8893543367897621,0.331474227144604,0.49854074757743466,0.46932160774036047,0.5048462966637207,0.5197556434124936,0.039685840314756346
longdress_vox10_1300_vox10_octree08_jpeg050.ply,longdress_vox10_1300_vox10.ply,Compression,1,1.25,857966,66586,107.48034262657166,2.0959625244140625,0.9529235231985197,0.9791730332709747,0.9763016554534796,0.5491551747378015,0.4897714112234138,0.45347482518840226,0.9897958711987614,0.9960441998851538,0.9949483913955623,0.5715003373830008,0.5339329234351767,0.5174192079259735,0.0018761391953047524,0.0009431587024217106,0.0009383537729224194,0.0009421991931419968,9.364317796138606e-05,0.00036260813876901483,0.0019226615791756289,0.0009437695730658918,0.0010010649804866828,0.0015740525531857915,0.0004908509308363931,0.0012692842885953998,0.1712693018875969,0.15879654020791675,0.05622390409391131,1.0000304937045827,0.9997630801481934,0.9483872566117914,0.11038421628799887,0.18736432242077522,0.9077421359158374,0.8893543367897621,0.331474227144604,0.49854074757743466,0.46932160774036047,0.5048462966637207,0.5197556434124936,0.039685840314756346
longdress_vox10_1300_vox10_octree08_jpeg090.ply,longdress_vox10_1300_vox10.ply,Compression,1,1.45,857966,66586,109.01575446128845,2.0789031982421875,0.9543280353709931,0.9812611295645799,0.9786776181735449,0.5469626333743506,0.5113152099613356,0.4899336658105076,0.9882560693143589,0.9927514258102338,0.9919020116286781,0.5722722025426126,0.547634196068077,0.5174010174049058,0.0018761391953047524,0.0009431587024217106,0.0009383537729224194,0.0009421991931419968,9.364317796138606e-05,0.00036260813876901483,0.0019226615791756289,0.0009437695730658918,0.0010010649804866828,0.0015740525531857915,0.0004908509308363931,0.0012692842885953998,0.1712693018875969,0.15879654020791675,0.05622390409391131,1.0000304937045827,0.9997630801481934,0.9483872566117914,0.11038421628799887,0.18736432242077522,0.9077421359158374,0.8893543367897621,0.331474227144604,0.49854074757743466,0.46932160774036047,0.5048462966637207,0.5197556434124936,0.039685840314756346
longdress_vox10_1300_vox10_octree09_jpeg010.ply,longdress_vox10_1300_vox10.ply,Compression,1,1.6,857966,254254,110.29498195648193,2.13128662109375,0.9684669277775214,0.9792330604935994,0.9776317325091006,0.6190772296351205,0.42798101948763917,0.43347946313359925,0.9776070121848308,0.9785672474842865,0.9902479594101569,0.6232655077174036,0.5354095790092546,0.5682996403666778,0.0009376857148693146,0.000471577919538994,0.00046859529418285997,0.00047138154426192344,9.364317796138606e-05,0.00036260813876901483,0.001025960260305301,0.0004789685972874366,0.000580470106613912,0.0005435774249743031,0.00019677453644392542,0.0003977518562612839,0.48639156680722534,0.4563093520369943,0.2938002578544961,0.9998240278847318,0.9996652346766294,0.9283869118900006,0.40015722594688324,0.4994255249528052,0.9727654098583689,0.936880208745853,0.34852528453928366,0.715373415312373,0.6896433610900902,0.5327786146790927,0.4944269622795037,0.008488872715955822
longdress_vox10_1300_vox10_octree09_jpeg050.ply,longdress_vox10_1300_vox10.ply,Compression,1,2.15,857966,254254,110.11344289779663,2.093189239501953,0.9739250824492256,0.9851182253359314,0.9835912879703389,0.6716643302519029,0.5316851055815632,0.5088941042538216,0.9684422414151059,0.9903840169079285,0.9895535485204443,0.6732826614726186,0.6027712947929461,0.6228854248071555,0.0009376857148693146,0.000471577919538994,0.00046859529418285997,0.00047138154426192344,9.364317796138606e-05,0.00036260813876901483,0.001025960260305301,0.0004789685972874366,0.000580470106613912,0.0005435774249743031,0.00019677453644392542,0.0003977518562612839,0.48639156680722534,0.4563093520369943,0.2938002578544961,0.9998240278847318,0.9996652346766294,0.9283869118900006,0.40015722594688324,0.4994255249528052,0.9727654098583689,0.936880208745853,0.34852528453928366,0.715373415312373,0.6896433610900902,0.5327786146790927,0.4944269622795037,0.008488872715955822
longdress_vox10_1300_vox10_octree09_jpeg090.ply,longdress_vox10_1300_vox10.ply,Compression,1,3.1,857966,254254,110.32959032058716,2.100231170654297,0.9757237990864801,0.9877657073265618,0.9863352734461264,0.6877190089657591,0.5763803425069061,0.5551473884659789,0.9631970565331222,0.9812177826283128,0.9809044068366282,0.694618057616256,0.6356262299639497,0.6436347244110701,0.0009376857148693146,0.000471577919538994,0.00046859529418285997,0.00047138154426192344,9.364317796138606e-05,0.00036260813876901483,0.001025960260305301,0.0004789685972874366,0.000580470106613912,0.0005435774249743031,0.00019677453644392542,0.0003977518562612839,0.48639156680722534,0.4563093520369943,0.2938002578544961,0.9998240278847318,0.9996652346766294,0.9283869118900006,0.40015722594688324,0.4994255249528052,0.9727654098583689,0.936880208745853,0.34852528453928366,0.715373415312373,0.6896433610900902,0.5327786146790927,0.4944269622795037,0.008488872715955822
longdress_vox10_1300_vox10_octree10_jpeg010.ply,longdress_vox10_1300_vox10.ply,Compression,1,2.6,857966,857966,110.99863624572754,2.1136817932128906,0.9843907838795583,0.9836284802620395,0.9832843699520339,0.7175522496186993,0.4298853404727679,0.44224235135565587,0.9500752715763539,0.9591973670702788,0.9775260551069664,0.7012330731107878,0.5584526215764489,0.6532402652407499,0.0004670664298222157,0.00023518831232330857,0.0002337990858064973,0.0002343865619645373,9.364317796138606e-05,0.00036260813876901483,0.0006255526033648615,0.00025227007556074415,0.000421529011140426,0.00030521248581747806,0.00012381302392978173,0.00020098279043264834,0.9579556628584078,0.9615538554835242,0.9204903180856226,0.9884627958287628,0.9880623530117737,0.8867224038002015,0.9532618649025727,0.9666831971112875,0.9957994614030292,0.9540560068367878,0.5077516908516367,0.9324340576674744,0.9235698081119714,0.6574264877379841,0.32447476737130804,0.0017461140981010188
longdress_vox10_1300_vox10_octree10_jpeg050.ply,longdress_vox10_1300_vox10.ply,Compression,1,3.3,857966,857966,110.08955502510071,2.1256065368652344,0.9921154717149262,0.9906320387699916,0.9901071580182129,0.8355017788898962,0.5725615071035913,0.5557233752626346,0.9261480801229849,0.9810828498937133,0.981027482286727,0.8001798393022903,0.6740378813835894,0.7665185156435054,0.0004670664298222157,0.00023518831232330857,0.0002337990858064973,0.0002343865619645373,9.364317796138606e-05,0.00036260813876901483,0.0006255526033648615,0.00025227007556074415,0.000421529011140426,0.00030521248581747806,0.00012381302392978173,0.00020098279043264834,0.9579556628584078,0.9615538554835242,0.9204903180856226,0.9884627958287628,0.9880623530117737,0.8867224038002015,0.9532618649025727,0.9666831971112875,0.9957994614030292,0.9540560068367878,0.5077516908516367,0.9324340576674744,0.9235698081119714,0.6574264877379841,0.32447476737130804,0.0017461140981010188
longdress_vox10_1300_vox10_octree10_jpeg090.ply,longdress_vox10_1300_vox10.ply,Compression,1,4.0,857966,857966,110.78370428085327,2.089080810546875,0.9945645861598558,0.9935766444486765,0.9930643530413465,0.8999120016423722,0.6419557105959364,0.6285408436550586,0.9082322570782286,0.9653411956544871,0.9654731441269971,0.8639531616904441,0.7369629989106677,0.84152396881265,0.0004670664298222157,0.00023518831232330857,0.0002337990858064973,0.0002343865619645373,9.364317796138606e-05,0.00036260813876901483,0.0006255526033648615,0.00025227007556074415,0.000421529011140426,0.00030521248581747806,0.00012381302392978173,0.00020098279043264834,0.9579556628584078,0.9615538554835242,0.9204903180856226,0.9884627958287628,0.9880623530117737,0.8867224038002015,0.9532618649025727,0.9666831971112875,0.9957994614030292,0.9540560068367878,0.5077516908516367,0.9324340576674744,0.9235698081119714,0.6574264877379841,0.32447476737130804,0.0017461140981010188
longdress_vox10_1300_vox10_hidden.ply,longdress_vox10_1300_vox10.ply,Compression,1,4.95,857966,857966,110.15792775154114,2.1497116088867188,1.0,1.0,1.0,1.0,1.0,1.0,7.675165478682983e-17,7.611077890634422e-17,7.617764011327772e-17,1.0,1.0,1.0,0.0,0.0,0.0,0.0,9.364317796138606e-05,0.00036260813876901483,0.0004099892882955047,9.364317796138606e-05,0.00036260813876901483,9.97532916062615e-18,5.159563906240669e-18,4.1190416327384005e-18,1.0,1.0,1.0,8.823546351292108e-17,9.37132323176692e-17,6.928972932098133e-17,1.0,1.0,1.0,1.0,1.0,1.0,1.0,0.9999970094474566,2.6717501132648013e-06,1.1539918727903767e-17
loot_vox10_1200_vox10_octree08_jpeg010.ply,loot_vox10_1200_vox10.ply,Compression,1,1.3,805285,63151,102.93904113769531,1.9567718505859375,0.9668757440889344,0.9864832521963189,0.9870263138364151,0.43754768327548066,0.21126870587762844,0.19738005669797537,0.9606723524511775,0.8107357280876334,0.8961752404979847,0.41877019473718546,0.2401639457793911,0.3366737501689562,0.0018748366853432088,0.0009444098798820776,0.0009390235167841398,0.0009390351056394097,9.385696505952818e-05,0.00035412873537365655,0.001919151885839523,0.0009436074592249625,0.000995909212600972,0.0013900089401291467,0.00044394428249162324,0.00109512027137502,0.1650327553682739,0.15205991494057952,0.06371674533120487,1.0003308544116989,0.9998750251796312,0.9477619721195387,0.11328688373553988,0.18560905643179598,0.9439056892166172,0.9221044853839494,0.3245693556499517,0.550010444319287,0.5217413030050884,0.5057036515180313,0.5251834151524555,0.02674895631672267
loot_vox10_1200_vox10_octree08_jpeg050.ply,loot_vox10_1200_vox10.ply,Compression,1,1.4,805285,63151,102.90725493431091,1.9709625244140625,0.9754828852023635,0.9947401088983863,0.9950649755624849,0.5103852307483594,0.34508292465218504,0.3146000896620389,0.9910473575925938,0.9090692410731558,0.923352689347703,0.5104923517035441,0.3720629676461986,0.38805209749095004,0.0018748366853432088,0.0009444098798820776,0.0009390235167841398,0.0009390351056394097,9.385696505952818e-05,0.00035412873537365655,0.001919151885839523,0.0009436074592249625,0.000995909212600972,0.0013900089401291467,0.00044394428249162324,0.00109512027137502,0.1650327553682739,0.15205991494057952,0.06371674533120487,1.0003308544116989,0.9998750251796312,0.9477619721195387,0.11328688373553988,0.18560905643179598,0.9439056892166172,0.9221044853839494,0.3245693556499517,0.550010444319287,0.5217413030050884,0.5057036515180313,0.5251834151524555,0.02674895631672267
loot_vox10_1200_vox10_octree08_jpeg090.ply,loot_vox10_1200_vox10.ply,Compression,1,1.45,805285,63151,102.5606734752655,1.9441986083984375,0.9768420051650827,0.9964266947509435,0.9964780173534025,0.5127160441012306,0.4370931551632622,0.44206311997912184,0.98824876543609,0.9691525258289804,0.9743085269951794,0.5154450312851554,0.4581457397466781,0.39233622191102613,0.0018748366853432088,0.0009444098798820776,0.0009390235167841398,0.0009390351056394097,9.385696505952818e-05,0.00035412873537365655,0.001919151885839523,0.0009436074592249625,0.000995909212600972,0.0013900089401291467,0.00044394428249162324,0.00109512027137502,0.1650327553682739,0.15205991494057952,0.06371674533120487,1.0003308544116989,0.9998750251796312,0.9477619721195387,0.11328688373553988,0.18560905643179598,0.9439056892166172,0.9221044853839494,0.3245693556499517,0.550010444319287,0.5217413030050884,0.5057036515180313,0.5251834151524555,0.02674895631672267
loot_vox10_1200_vox10_octree09_jpeg010.ply,loot_vox10_1200_vox10.ply,Compression,1,1.25,805285,241480,103.41251850128174,1.9810867309570312,0.9768918288986894,0.9867539480788471,0.9865108966380347,0.49248813587282325,0.2129936555173588,0.23720828610736344,0.9587539180746814,0.7515807166209271,0.874463418261933,0.4738429515837264,0.2697309541343884,0.3813665428592206,0.0009372592010112599,0.0004718448219977789,0.0004699361814892216,0.0004691553773472987,9.385696505952818e-05,0.00035412873537365655,0.001022431761963395,0.0004793093146866612,0.0005751397616200767,0.0004945322195467167,0.00019386414042305917,0.0003380192577875253,0.4874317173726805,0.45669217713860966,0.30846664443194705,0.999832665968278,0.9997443750266952,0.9337765037348924,0.4073768750535393,0.502127659463339,0.9781557988266583,0.9384604922091707,0.3381250324495786,0.7358380683701874,0.7104527802435391,0.5262713599498438,0.5040879217989649,0.008439164897621764
loot_vox10_1200_vox10_octree09_jpeg050.ply,loot_vox10_1200_vox10.ply,Compression,1,2.1,805285,241480,101.71555829048157,1.9847640991210938,0.9869879668059681,0.99598597972972,0.9959797898206016,0.6396122799973286,0.38260095595225485,0.3567555105081878,0.9732156202748069,0.8967738914405301,0.8960264792015428,0.6203239149427779,0.4220126398751668,0.4972667377454357,0.0009372592010112599,0.0004718448219977789,0.0004699361814892216,0.0004691553773472987,9.385696505952818e-05,0.00035412873537365655,0.001022431761963395,0.0004793093146866612,0.0005751397616200767,0.0004945322195467167,0.00019386414042305917,0.0003380192577875253,0.4874317173726805,0.45669217713860966,0.30846664443194705,0.999832665968278,0.9997443750266952,0.9337765037348924,0.4073768750535393,0.502127659463339,0.9781557988266583,0.9384604922091707,0.3381250324495786,0.7358380683701874,0.7104527802435391,0.5262713599498438,0.5040879217989649,0.008439164897621764
loot_vox10_1200_vox10_octree09_jpeg090.ply,loot_vox10_1200_vox10.ply,Compression,1,3.15,805285,241480,102.687264919281,1.9641075134277344,0.988584722363039,0.9974702750666323,0.9975752034435896,0.6689240932016467,0.49116805091922916,0.4728509668414385,0.9657367151558273,0.9665893913229299,0.9414065602035774,0.6517620044131003,0.5281144097832348,0.5276544303382197,0.0009372592010112599,0.0004718448219977789,0.0004699361814892216,0.0004691553773472987,9.385696505952818e-05,0.00035412873537365655,0.001022431761963395,0.0004793093146866612,0.0005751397616200767,0.0004945322195467167,0.00019386414042305917,0.0003380192577875253,0.4874317173726805,0.45669217713860966,0.30846664443194705,0.999832665968278,0.9997443750266952,0.9337765037348924,0.4073768750535393,0.502127659463339,0.9781557988266583,0.9384604922091707,0.3381250324495786,0.7358380683701874,0.7104527802435391,0.5262713599498438,0.5040879217989649,0.008439164897621764
loot_vox10_1200_vox10_octree10_jpeg010.ply,loot_vox10_1200_vox10.ply,Compression,1,1.9,805285,805285,103.65366744995117,1.9483261108398438,0.9825333439065222,0.9867674294137513,0.9867645329588907,0.5445152649717413,0.2028077810758405,0.22622134912621075,0.8906809771745642,0.629834515532994,0.7721552666363506,0.5411318207895432,0.26001817096863183,0.44978740060459704,0.0004676325343466761,0.00023608173379055945,0.00023544640427180792,0.00023264427369596683,9.385696505952818e-05,0.00035412873537365655,0.0006224794223057485,0.00025357844516232407,0.00041643395241801106,0.00031128067546146794,0.00013420563047364032,0.0001931650150167094,0.9552543955183866,0.958059038959318,0.9078260508765428,0.9871090192643879,0.9868590824413704,0.8866927154755617,0.9479485988695207,0.9644635786515685,0.9955158738237945,0.9526991034086338,0.4986513264250786,0.9217880764394714,0.9131145429364932,0.6503943775110936,0.33421019440873806,0.001822913600748493
loot_vox10_1200_vox10_octree10_jpeg050.ply,loot_vox10_1200_vox10.ply,Compression,1,3.15,805285,805285,103.03879690170288,1.9817543029785156,0.9952929157262776,0.9968950059034977,0.9969095382736961,0.8035254949656518,0.35203720862666915,0.35602395977144335,0.9330271783207218,0.756861778141211,0.794697627062288,0.7797059247843074,0.40538188195551184,0.6673894974565677,0.0004676325343466761,0.00023608173379055945,0.00023544640427180792,0.00023264427369596683,9.385696505952818e-05,0.00035412873537365655,0.0006224794223057485,0.00025357844516232407,0.00041643395241801106,0.00031128067546146794,0.00013420563047364032,0.0001931650150167094,0.9552543955183866,0.958059038959318,0.9078260508765428,0.9871090192643879,0.9868590824413704,0.8866927154755617,0.9479485988695207,0.9644635786515685,0.9955158738237945,0.9526991034086338,0.4986513264250786,0.9217880764394714,0.9131145429364932,0.6503943775110936,0.33421019440873806,0.001822913600748493
loot_vox10_1200_vox10_octree10_jpeg090.ply,loot_vox10_1200_vox10.ply,Compression,1,4.05,805285,805285,104.97997331619263,1.9758491516113281,0.997510920855667,0.9983265627052398,0.9983989627288836,0.8912711217806324,0.5429238045098251,0.5408544778988531,0.9156901773791148,0.9213045709281293,0.9035949533843071,0.8652224644897865,0.6123629876464636,0.7836527919553024,0.0004676325343466761,0.00023608173379055945,0.00023544640427180792,0.00023264427369596683,9.385696505952818e-05,0.00035412873537365655,0.0006224794223057485,0.00025357844516232407,0.00041643395241801106,0.00031128067546146794,0.00013420563047364032,0.0001931650150167094,0.9552543955183866,0.958059038959318,0.9078260508765428,0.9871090192643879,0.9868590824413704,0.8866927154755617,0.9479485988695207,0.9644635786515685,0.9955158738237945,0.9526991034086338,0.4986513264250786,0.9217880764394714,0.9131145429364932,0.6503943775110936,0.33421019440873806,0.001822913600748493
loot_vox10_1200_vox10_hidden.ply,loot_vox10_1200_vox10.ply,Compression,1,4.95,805285,805285,101.52885699272156,1.9889793395996094,1.0,1.0,1.0,1.0,1.0,1.0,7.615483421546517e-17,6.98554005524726e-17,7.058594654020547e-17,1.0,1.0,1.0,0.0,0.0,0.0,0.0,9.385696505952818e-05,0.00035412873537365655,0.00040174059882572597,9.385696505952818e-05,0.00035412873537365655,1.0881280267897242e-17,5.60212554634025e-18,4.7974291913887205e-18,1.0,1.0,1.0,8.709052213929686e-17,9.233829677706618e-17,6.895986400773978e-17,1.0,1.0,1.0,1.0,1.0,1.0,1.0,0.9999962159404074,3.725441011074884e-06,1.1603997533376404e-17
redandblack_vox10_1550_vox10_octree08_jpeg010.ply,redandblack_vox10_1550_vox10.ply,Compression,1,1.2,757691,61616,96.24776673316956,1.8668479919433594,0.9514599939581071,0.985962787655843,0.9721688944003628,0.3833010600275704,0.3240822197587437,0.28080958473743517,0.9929346638945195,0.9943435409660331,0.9930054538700822,0.36585909434594693,0.35904661972545915,0.2962336200275686,0.0018746468190051864,0.0009426782013051903,0.0009381328902417632,0.0009364533344075524,0.00010795523332435374,0.0003910851050689901,0.0019346276295933015,0.0009486460550429471,0.001007079470676213,0.0016461347805322944,0.0005105376589324271,0.0013047077226135638,0.1801610988251306,0.16526303241250614,0.0612316362350922,1.0000700339825905,0.9992987348080494,0.9431888705006187,0.11808392310198644,0.19532848357413768,0.9004510505718082,0.8835088973063074,0.33252172288002774,0.5078455413156285,0.4746159542042679,0.5043682876584357,0.5203769729455848,0.05087757581790381
redandblack_vox10_1550_vox10_octree08_jpeg050.ply,redandblack_vox10_1550_vox10.ply,Compression,1,1.3,757691,61616,95.55587124824524,1.8236846923828125,0.9595751462576513,0.9911062405079226,0.9779366165483268,0.41712711836723976,0.41413043363400115,0.3070832158958062,0.9896408951720036,0.9966644105272687,0.993503891296908,0.39383560204574425,0.3899974657674147,0.320492626106176,0.0018746468190051864,0.0009426782013051903,0.0009381328902417632,0.0009364533344075524,0.00010795523332435374,0.0003910851050689901,0.0019346276295933015,0.0009486460550429471,0.001007079470676213,0.0016461347805322944,0.0005105376589324271,0.0013047077226135638,0.1801610988251306,0.16526303241250614,0.0612316362350922,1.0000700339825905,0.9992987348080494,0.9431888705006187,0.11808392310198644,0.19532848357413768,0.9004510505718082,0.8835088973063074,0.33252172288002774,0.5078455413156285,0.4746159542042679,0.5043682876584357,0.5203769729455848,0.05087757581790381
redandblack_vox10_1550_vox10_octree08_jpeg090.ply,redandblack_vox10_1550_vox10.ply,Compression,1,1.45,757691,61616,94.83429861068726,1.8373336791992188,0.9621194636710303,0.9928656186826372,0.980426464147013,0.43674082267241526,0.4470553373642083,0.33740391714702,0.9874760781980386,0.9954294063704974,0.9903274940365961,0.4137033767106053,0.41225525544802,0.33431543464384134,0.0018746468190051864,0.0009426782013051903,0.0009381328902417632,0.0009364533344075524,0.00010795523332435374,0.0003910851050689901,0.0019346276295933015,0.0009486460550429471,0.001007079470676213,0.0016461347805322944,0.0005105376589324271,0.0013047077226135638,0.1801610988251306,0.16526303241250614,0.0612316362350922,1.0000700339825905,0.9992987348080494,0.9431888705006187,0.11808392310198644,0.19532848357413768,0.9004510505718082,0.8835088973063074,0.33252172288002774,0.5078455413156285,0.4746159542042679,0.5043682876584357,0.5203769729455848,0.05087757581790381
redandblack_vox10_1550_vox10_octree09_jpeg010.ply,redandblack_vox10_1550_vox10.ply,Compression,1,1.35,757691,235560,95.65499091148376,1.8713569641113281,0.9684935230370971,0.9884190303534637,0.9789861417925964,0.45993176278113457,0.34623305296876683,0.32096446420044805,0.9816241125778501,0.9621926833443649,0.9695754797929687,0.43825246620908886,0.4064878670453889,0.35307966502031934,0.0009384132684147381,0.000471265566257418,0.0004693804629201676,0.0004707632705681746,0.00010795523332435374,0.0003910851050689901,0.0010505482060320598,0.00048806159537289863,0.0006016644520418506,0.0005442280055619194,0.0002102905965372899,0.0003759783943312415,0.5062337763560093,0.47528411283900623,0.3087336560857992,0.9993036669293106,0.9984099129204804,0.9261879055575599,0.4186339826436222,0.5170485234459669,0.9665197622281388,0.9282671636610857,0.3595367312774592,0.7175675748537522,0.6902914861598812,0.5372179186530586,0.48333720988833184,0.015331925058425169
redandblack_vox10_1550_vox10_octree09_jpeg050.ply,redandblack_vox10_1550_vox10.ply,Compression,1,2.2,757691,235560,96.00222063064575,1.8404617309570312,0.9784708940169623,0.9936743448940494,0.9848805602112484,0.5649818399267365,0.4671847745787619,0.38538227278777815,0.9756436526821121,0.991943263742341,0.9857192151891303,0.514304152930557,0.48628995434399414,0.4171869498920966,0.0009384132684147381,0.000471265566257418,0.0004693804629201676,0.0004707632705681746,0.00010795523332435374,0.0003910851050689901,0.0010505482060320598,0.00048806159537289863,0.0006016644520418506,0.0005442280055619194,0.0002102905965372899,0.0003759783943312415,0.5062337763560093,0.47528411283900623,0.3087336560857992,0.9993036669293106,0.9984099129204804,0.9261879055575599,0.4186339826436222,0.5170485234459669,0.9665197622281388,0.9282671636610857,0.3595367312774592,0.7175675748537522,0.6902914861598812,0.5372179186530586,0.48333720988833184,0.015331925058425169
redandblack_vox10_1550_vox10_octree09_jpeg090.ply,redandblack_vox10_1550_vox10.ply,Compression,1,2.7,757691,235560,96.46349239349365,1.8577003479003906,0.9811681275217222,0.9955000230875349,0.9874182452192446,0.6263471898184747,0.5196325237904975,0.4363669891691557,0.968462226424056,0.9903546033264559,0.9798435725147512,0.5612954116835938,0.5365947673515495,0.4560758543674615,0.0009384132684147381,0.000471265566257418,0.0004693804629201676,0.0004707632705681746,0.00010795523332435374,0.0003910851050689901,0.0010505482060320598,0.00048806159537289863,0.0006016644520418506,0.0005442280055619194,0.0002102905965372899,0.0003759783943312415,0.5062337763560093,0.47528411283900623,0.3087336560857992,0.9993036669293106,0.9984099129204804,0.9261879055575599,0.4186339826436222,0.5170485234459669,0.9665197622281388,0.9282671636610857,0.3595367312774592,0.7175675748537522,0.6902914861598812,0.5372179186530586,0.48333720988833184,0.015331925058425169
redandblack_vox10_1550_vox10_octree10_jpeg010.ply,redandblack_vox10_1550_vox10.ply,Compression,1,2.0,757691,757691,97.26630353927612,1.8740768432617188,0.9794736553573145,0.989774287906829,0.9838699105034088,0.5305182189640351,0.32814344429928727,0.35206321411753,0.9531278203934501,0.908443681555747,0.919137384620474,0.5145956840230255,0.4268223972119277,0.42218332174934786,0.0004679339867851721,0.00023561950729929964,0.00023462356382605238,0.00023211727720785913,0.00010795523332435374,0.0003910851050689901,0.0006594094187639081,0.00026379244140857413,0.0004481298419541724,0.0003221018561878102,0.00014972742047204092,0.00017801413719297402,0.9510369347639238,0.9532523116679542,0.894796973236501,0.9828101396645493,0.9821216203152633,0.877027767724221,0.9439019095110073,0.9623440907351954,0.9935091223561013,0.9458605280061245,0.5017776399223717,0.9106270636719869,0.9008997870148866,0.6496499931278329,0.33359306345401274,0.003235839125739086
redandblack_vox10_1550_vox10_octree10_jpeg050.ply,redandblack_vox10_1550_vox10.ply,Compression,1,3.05,757691,757691,98.68570923805237,1.8930130004882812,0.992117815816187,0.9954781294518492,0.9908439425482577,0.7526735016411933,0.4951958360423791,0.462380384077247,0.948833529262395,0.9795958710384347,0.9751706642884291,0.6536875292046294,0.5793870127783805,0.5543892110093622,0.0004679339867851721,0.00023561950729929964,0.00023462356382605238,0.00023211727720785913,0.00010795523332435374,0.0003910851050689901,0.0006594094187639081,0.00026379244140857413,0.0004481298419541724,0.0003221018561878102,0.00014972742047204092,0.00017801413719297402,0.9510369347639238,0.9532523116679542,0.894796973236501,0.9828101396645493,0.9821216203152633,0.877027767724221,0.9439019095110073,0.9623440907351954,0.9935091223561013,0.9458605280061245,0.5017776399223717,0.9106270636719869,0.9008997870148866,0.6496499931278329,0.33359306345401274,0.003235839125739086
redandblack_vox10_1550_vox10_octree10_jpeg090.ply,redandblack_vox10_1550_vox10.ply,Compression,1,3.75,757691,757691,97.00739479064941,1.8940315246582031,0.9956593264392294,0.9972716074786435,0.9934803627233781,0.8648757247209793,0.5752273819210664,0.5375290296850427,0.9284814402340277,0.977885979694443,0.9679184581285292,0.7372442557113574,0.6605165644007521,0.6472110863731679,0.0004679339867851721,0.00023561950729929964,0.00023462356382605238,0.00023211727720785913,0.00010795523332435374,0.0003910851050689901,0.0006594094187639081,0.00026379244140857413,0.0004481298419541724,0.0003221018561878102,0.00014972742047204092,0.00017801413719297402,0.9510369347639238,0.9532523116679542,0.894796973236501,0.9828101396645493,0.9821216203152633,0.877027767724221,0.9439019095110073,0.9623440907351954,0.9935091223561013,0.9458605280061245,0.5017776399223717,0.9106270636719869,0.9008997870148866,0.6496499931278329,0.33359306345401274,0.003235839125739086
redandblack_vox10_1550_vox10_hidden.ply,redandblack_vox10_1550_vox10.ply,Compression,1,5.0,757691,757691,95.27649593353271,1.9018211364746094,1.0,1.0,1.0,1.0,1.0,1.0,7.642457932518512e-17,7.509702118788248e-17,7.48111399737261e-17,1.0,1.0,1.0,0.0,0.0,0.0,0.0,0.00010795523332435374,0.0003910851050689901,0.00045009247483096976,0.00010795523332435374,0.0003910851050689901,1.0118003894653551e-17,5.301050138112621e-18,4.448552249740696e-18,1.0,1.0,1.0,8.61284797878272e-17,9.082875342095506e-17,7.00360532798164e-17,1.0,1.0,1.0,1.0,1.0,1.0,1.0,0.9999999404020383,6.82229131749894e-11,1.1705614395344525e-17
romanoillamp_vox10_octree08_jpeg010.ply,romanoillamp_vox10.ply,Compression,1,1.4,636097,77217,79.27341818809509,1.5487136840820312,0.975021178161765,0.9862855805540925,0.9917336393768003,0.6565970501734776,0.38245914600968456,0.2476574753058181,0.9915373387915598,0.8764654057211703,0.7151118583829886,0.6637776487461154,0.4064094425636215,0.611089664117268,0.0018984052118431794,0.0009600458128463025,0.0009595566718934546,0.0009406034358095206,0.00015192705965982292,0.0003116575712458037,0.001947465978228857,0.0009734162268471419,0.0009895045546407634,0.0011008685370333148,0.0003999596384398169,0.0007959856739746015,0.2371111077812025,0.21364621960045316,0.06562441703232771,0.9999574329783382,0.9994877065535135,0.9503511123772468,0.14555861957193747,0.2582230536201356,0.9607672137776007,0.9300500892414698,0.3085939148658434,0.4181907438553807,0.3944515837898146,0.5068815294872314,0.5307380550363899,0.011055156558590589
romanoillamp_vox10_octree08_jpeg050.ply,romanoillamp_vox10.ply,Compression,1,1.65,636097,77217,79.55377674102783,1.5474929809570312,0.9773847306742194,0.9912693363243132,0.9957124036437701,0.7443429170605156,0.3776835105064305,0.4348518350286132,0.988389779103742,0.9932333089493415,0.9896667772291868,0.7376667097843109,0.5175654834857624,0.6962892081265384,0.0018984052118431794,0.0009600458128463025,0.0009595566718934546,0.0009406034358095206,0.00015192705965982292,0.0003116575712458037,0.001947465978228857,0.0009734162268471419,0.0009895045546407634,0.0011008685370333148,0.0003999596384398169,0.0007959856739746015,0.2371111077812025,0.21364621960045316,0.06562441703232771,0.9999574329783382,0.9994877065535135,0.9503511123772468,0.14555861957193747,0.2582230536201356,0.9607672137776007,0.9300500892414698,0.3085939148658434,0.4181907438553807,0.3944515837898146,0.5068815294872314,0.5307380550363899,0.011055156558590589
romanoillamp_vox10_octree08_jpeg090.ply,romanoillamp_vox10.ply,Compression,1,1.65,636097,77217,81.2610034942627,1.5273895263671875,0.9781044708295118,0.992382865565919,0.9966712167899097,0.7871488166494505,0.42396105138031953,0.4854745646168685,0.9874438199552455,0.9965645992674753,0.9976625333548909,0.7888532463782039,0.5939318750198044,0.751648283656469,0.0018984052118431794,0.0009600458128463025,0.0009595566718934546,0.0009406034358095206,0.00015192705965982292,0.0003116575712458037,0.001947465978228857,0.0009734162268471419,0.0009895045546407634,0.0011008685370333148,0.0003999596384398169,0.0007959856739746015,0.2371111077812025,0.21364621960045316,0.06562441703232771,0.9999574329783382,0.9994877065535135,0.9503511123772468,0.14555861957193747,0.2582230536201356,0.9607672137776007,0.9300500892414698,0.3085939148658434,0.4181907438553807,0.3944515837898146,0.5068815294872314,0.5307380550363899,0.011055156558590589
romanoillamp_vox10_octree09_jpeg010.ply,romanoillamp_vox10.ply,Compression,1,2.15,636097,270130,80.73893213272095,1.5905265808105469,0.9847195066343888,0.9866229285569073,0.9920709541687255,0.6829578491363587,0.32928367336972375,0.21642839750384815,0.9728269323761046,0.7847213311043177,0.6289477693238518,0.6851016362536385,0.3539574688051576,0.637485609909663,0.000978026774403492,0.0004996757675540149,0.00050331426616937,0.00046292347300503506,0.00015192705965982292,0.0003116575712458037,0.0010770517885108015,0.000531198909898597,0.0005612470494508147,0.0004857878052773475,0.00022310431759393348,0.00028476262365169564,0.6229786524520096,0.5750780831183133,0.32682985299825357,1.0000075071940524,1.0002226580059126,0.9374652302467869,0.4921579087904025,0.6261870338549267,0.9893615125317788,0.938889676093647,0.31944462039539157,0.6242739658698059,0.5979416590939107,0.5219837322657516,0.5138117011455138,0.0020888347378190926
romanoillamp_vox10_octree09_jpeg050.ply,romanoillamp_vox10.ply,Compression,1,3.5,636097,270130,81.82861590385437,1.5340003967285156,0.988255687098646,0.993126751129936,0.9962737062195847,0.8078723971338576,0.3988207940057616,0.4538506424221091,0.9618959619221646,0.9931491140830491,0.9908882321839735,0.7935126102827706,0.5307903177596965,0.7631628359871523,0.000978026774403492,0.0004996757675540149,0.00050331426616937,0.00046292347300503506,0.00015192705965982292,0.0003116575712458037,0.0010770517885108015,0.000531198909898597,0.0005612470494508147,0.0004857878052773475,0.00022310431759393348,0.00028476262365169564,0.6229786524520096,0.5750780831183133,0.32682985299825357,1.0000075071940524,1.0002226580059126,0.9374652302467869,0.4921579087904025,0.6261870338549267,0.9893615125317788,0.938889676093647,0.31944462039539157,0.6242739658698059,0.5979416590939107,0.5219837322657516,0.5138117011455138,0.0020888347378190926
romanoillamp_vox10_octree09_jpeg090.ply,romanoillamp_vox10.ply,Compression,1,3.65,636097,270130,80.53864455223083,1.5779190063476562,0.9893145911970044,0.9945975100407068,0.9974716499247125,0.876559474658734,0.45262632020402516,0.5089569458391016,0.9570480132590752,0.987333731633321,0.9917644705104939,0.875387445030728,0.6202348478303931,0.8532071459635752,0.000978026774403492,0.0004996757675540149,0.00050331426616937,0.00046292347300503506,0.00015192705965982292,0.0003116575712458037,0.0010770517885108015,0.000531198909898597,0.0005612470494508147,0.0004857878052773475,0.00022310431759393348,0.00028476262365169564,0.6229786524520096,0.5750780831183133,0.32682985299825357,1.0000075071940524,1.0002226580059126,0.9374652302467869,0.4921579087904025,0.6261870338549267,0.9893615125317788,0.938889676093647,0.31944462039539157,0.6242739658698059,0.5979416590939107,0.5219837322657516,0.5138117011455138,0.0020888347378190926
romanoillamp_vox10_octree10_jpeg010.ply,romanoillamp_vox10.ply,Compression,1,2.6,636097,636097,81.21444654464722,1.5403976440429688,0.9911206934732232,0.9876206899696297,0.9920218941943909,0.6909376026510535,0.3267458328997079,0.22452675299128294,0.9552870644014009,0.8088168006324448,0.637580145927736,0.6928627912887775,0.35655984876597263,0.6462818102611354,0.0005824778865003713,0.00032380694039878597,0.0003310639824533145,0.00023373740211593457,0.00015192705965982292,0.0003116575712458037,0.0007280228716974966,0.0003618821226020439,0.0003903410138872381,0.000308694464329461,0.00010761055456939115,0.0002294934770465712,0.9787908484537716,0.9773542861264048,0.9680849953503946,0.9928323588835996,0.9938889206620608,0.8865836097626942,0.988280657003998,0.9952431336910459,0.9991333621798784,0.9582706172679969,0.5556740656642081,0.9676190613098008,0.9591407442433241,0.7037165401659273,0.25949129450766895,0.000255923148997925
romanoillamp_vox10_octree10_jpeg050.ply,romanoillamp_vox10.ply,Compression,1,4.15,636097,636097,82.31279134750366,1.6034507751464844,0.9958871587215116,0.9944644549230653,0.996813850403604,0.8528408839902278,0.41094526373608986,0.45845101313565995,0.9314752223312462,0.9844145990161824,0.9889313174692959,0.8302126917349475,0.5379120721836066,0.8098619888221936,0.0005824778865003713,0.00032380694039878597,0.0003310639824533145,0.00023373740211593457,0.00015192705965982292,0.0003116575712458037,0.0007280228716974966,0.0003618821226020439,0.0003903410138872381,0.000308694464329461,0.00010761055456939115,0.0002294934770465712,0.9787908484537716,0.9773542861264048,0.9680849953503946,0.9928323588835996,0.9938889206620608,0.8865836097626942,0.988280657003998,0.9952431336910459,0.9991333621798784,0.9582706172679969,0.5556740656642081,0.9676190613098008,0.9591407442433241,0.7037165401659273,0.25949129450766895,0.000255923148997925
romanoillamp_vox10_octree10_jpeg090.ply,romanoillamp_vox10.ply,Compression,1,4.65,636097,636097,81.52277135848999,1.5886344909667969,0.997212223066879,0.9964110877771528,0.9981814515115961,0.949742821393086,0.4784715291289258,0.5455951463831196,0.9180615510700039,0.9737897876330194,0.980562574721249,0.9488724445800045,0.6498996922614727,0.9415865918748639,0.0005824778865003713,0.00032380694039878597,0.0003310639824533145,0.00023373740211593457,0.00015192705965982292,0.0003116575712458037,0.0007280228716974966,0.0003618821226020439,0.0003903410138872381,0.000308694464329461,0.00010761055456939115,0.0002294934770465712,0.9787908484537716,0.9773542861264048,0.9680849953503946,0.9928323588835996,0.9938889206620608,0.8865836097626942,0.988280657003998,0.9952431336910459,0.9991333621798784,0.9582706172679969,0.5556740656642081,0.9676190613098008,0.9591407442433241,0.7037165401659273,0.25949129450766895,0.000255923148997925
romanoillamp_vox10_hidden.ply,romanoillamp_vox10.ply,Compression,1,4.8,636097,636097,80.65189218521118,1.5656509399414062,1.0,1.0,1.0,1.0,1.0,1.0,7.642876070139868e-17,7.63226541341578e-17,7.566218831911713e-17,1.0,1.0,1.0,0.0,0.0,0.0,0.0,0.00015192705965982292,0.0003116575712458037,0.0004208315665491863,0.00015192705965982292,0.0003116575712458037,1.20577811274948e-17,5.967382329107848e-18,5.835054471112417e-18,1.0,1.0,1.0,6.514649522696126e-17,6.644596321965581e-17,8.277640560012771e-17,1.0,1.0,1.0,1.0,1.0,1.0,1.0,0.9999521372612324,4.455354881567491e-05,1.1605821128294864e-17
