path,sha256,bytes
pointpcap_features/pointpca2_matlab/APSIPA/PointPCA2.csv,e3fd0a697ac1908c0d3a518b4e607cb95655b85ed35fe8512e226f41d34935fb,39812
pointpcap_features/pointpca2_matlab/ICIP2023/PointPCA2.csv,1240ec9970145d86fe8624ef17b0a780aec414c941590ed689b901f1938702f7,113588
pointpcap_features/pointpca2_matlab/LS-PCQA/PointPCA2.csv,23b7d00e3aa5cd5c76126d9bfa8f3f9a05071da3828d183f5a82dc3a1f309470,139972
pointpcap_features/pointpca2_matlab/QoMEX2019/PointPCA2.csv,5f8a9e3cec05010c2f200f18f85d4acd7902a399e35cf7b89972be631cffac0c,1657
pointpcap_features/pointpca2_matlab/SJTU-PCQA/PointPCA2.csv,bd093548ca0cb7ff37cfce47f03a9b3c72cca900dd760c7799a797c0a1d1855b,52523
pointpcap_features/pointpca2_matlab/UnB_PC/PointPCA2.csv,3c69b2526a38575b7812106103a4758f042481bc884828146c652c88a4e1d8c6,9351
pointpcap_features/pointpca2_matlab/WPC/PointPCA2.csv,277ca709f67486f1957be46bbf3045248be51220fbe34b60c5d4663606916088,106634
pointpcap_features/pointpca2_matlab/WPC2/PointPCA2.csv,989ffe763990d99f3a30759e4d0c3547d6e922e3423788b5d98cd23a385372a0,51334
pointpcap_features/pointpca3/APSIPA/1/PointPCA3-Rust.csv,ff4beeb1f8e65a3eba1b3e9742fe3c06f2f39f66ea715ff36375f08acbb37bdb,211046
pointpcap_features/pointpca3/APSIPA/16/PointPCA3-Rust.csv,3793b08f57a0e988ddef7c06bca7c6ba98981aa5a46e18b93a5914cd5309c566,211096
pointpcap_features/pointpca3/APSIPA/2/PointPCA3-Rust.csv,0d565e48428c56e174a0c17d19b6440190a9f5cf2cf8f9298dc4707da9d07afa,211007
pointpcap_features/pointpca3/APSIPA/32/PointPCA3-Rust.csv,f92938758eb5b846d939c85fde6e04d38c6809a3f280fcec6064ad5065b7cbfa,211079
pointpcap_features/pointpca3/APSIPA/4/PointPCA3-Rust.csv,140f4c7d4211079be997689c66ed209631c97a1319467338ff3c79b6dca5da84,211099
pointpcap_features/pointpca3/APSIPA/8/PointPCA3-Rust.csv,e4a666b8743a061396aa3ebdfdbc8727e6b5eaf1e36ebfe48f50d315eed28262,211069
pointpcap_features/pointpca3/ICIP2023/1/PointPCA3-Rust.csv,d76f4863ea5558dfd3040c9b3c34f5f6286c89fa70fead72e58d63dfdad730ff,784895
pointpcap_features/pointpca3/ICIP2023/16/PointPCA3-Rust.csv,7b18e79870371b3859f3ce226841c0f263172a56075c4662609c756f8c232374,785504
pointpcap_features/pointpca3/ICIP2023/2/PointPCA3-Rust.csv,29e5f4913f056961a70bbb97b30a07ccc2cc33c99c03cfaf7b1a476c4e6e18b2,785009
pointpcap_features/pointpca3/ICIP2023/32/PointPCA3-Rust.csv,5611232474656210a0a3a4f2b5f2bae91dcca5fe58e9b8f6bc3ec83030259de0,785546
pointpcap_features/pointpca3/ICIP2023/4/PointPCA3-Rust.csv,c5cbe79bff81eb8f11123baef19c8755a51879dd37f43e7df10e9e4283d55575,784950
pointpcap_features/pointpca3/ICIP2023/8/PointPCA3-Rust.csv,dc3e080fe534c7e1a7ee9fe57d132889fd23d99b9474544e8d8a427fc30f5b56,785239
pointpcap_features/pointpca3/LS-PCQA/1/PointPCA3-Rust.csv,458c2a4104a836c4ecee5588bbb2056661ee2b1d2986fc5c72f4607071d10919,720000
pointpcap_features/pointpca3/LS-PCQA/16/PointPCA3-Rust.csv,c6c2ef2caff781d5ce94b1fbc14dc9e2d24342f235b7cb8bc9b3d6d5c2f4e66a,718689
pointpcap_features/pointpca3/LS-PCQA/2/PointPCA3-Rust.csv,e7ee05b0bd35a046ed86844fc73fedc5d0d382ef051f3dc75fee643849a7ac82,719970
pointpcap_features/pointpca3/LS-PCQA/32/PointPCA3-Rust.csv,f0dda74d72dd0aedf9ae83686dcd9f3e831f79acde4809989e70ad7ef5271802,720210
pointpcap_features/pointpca3/LS-PCQA/4/PointPCA3-Rust.csv,ef589f00ad7250a76664fa6f3cea17fd40fd8d07a1a6ae5c7327be53dd24d446,720049
pointpcap_features/pointpca3/LS-PCQA/8/PointPCA3-Rust.csv,4a67ad3d1423822897133b5b33a42308b461cad69cb30ad1bb55992655e3bf54,720031
pointpcap_features/pointpca3/QoMEX2019/1/PointPCA3-Rust.csv,d3edc23febbce89c9aad92905abeabd57ca038a42903aad1b290bc7af5d2fff6,11858
pointpcap_features/pointpca3/QoMEX2019/16/PointPCA3-Rust.csv,5e97ec5998f59f489bec081388be70a5a4592b5bdd26abc7247831bd300b040d,11830
pointpcap_features/pointpca3/QoMEX2019/2/PointPCA3-Rust.csv,4f02a879ca0d42c741d096ebd158ceaa4240c75230ffec6d6cc29b56f9fbe4bc,11864
pointpcap_features/pointpca3/QoMEX2019/32/PointPCA3-Rust.csv,872a7e1c501a944bf84be67c29f450ae322d8fadbd1aa2d8fbeb1f26225d8995,11880
pointpcap_features/pointpca3/QoMEX2019/4/PointPCA3-Rust.csv,daa22f457577681e6b20dfbecc648ccc8f141feedc77553ffaff8a0307c0e78b,11873
pointpcap_features/pointpca3/QoMEX2019/8/PointPCA3-Rust.csv,7ed10d2598e6cd72d51ce053706d9d228b94c22159c60ca1499903181e29e354,11840
pointpcap_features/pointpca3/SJTU-PCQA/1/PointPCA3-Rust.csv,544b11830456205a8020139285a4df9d9cfc29a46d612c5457fcda28aaa094ff,324900
pointpcap_features/pointpca3/SJTU-PCQA/16/PointPCA3-Rust.csv,2c364d0d269ec5aad583b0d4bd73ca89a2cab0c6a4cf0938727757d62d343278,324472
pointpcap_features/pointpca3/SJTU-PCQA/2/PointPCA3-Rust.csv,b8ea8730b47499dea73d89b1fee5be18ac3eb7a078d502d31758a242681d4341,324606
pointpcap_features/pointpca3/SJTU-PCQA/32/PointPCA3-Rust.csv,114bee8905a2377ad3940a2d0e8a8cb7e737100da8cd87161d0d185113eb4a57,324807
pointpcap_features/pointpca3/SJTU-PCQA/4/PointPCA3-Rust.csv,d58bae8831225428046f2f5e4245c829c04655550f56832dc492e4a305b864d6,325159
pointpcap_features/pointpca3/SJTU-PCQA/8/PointPCA3-Rust.csv,2509b63e8166af265e84c8fa0f074986e70aafdd2a686052c17cdd0f8580a377,325218
pointpcap_features/pointpca3/UnB_PC/1/PointPCA3-Rust.csv,94925b6cba3f5d40f2820b155ed9b9a1057ddab336a247983b6117dfdae50a6a,55167
pointpcap_features/pointpca3/UnB_PC/16/PointPCA3-Rust.csv,28cdd7ceaa8b9f4704fa3084e3379fd951fb401bc3f50adbdcbd07d7e49ef66f,55107
pointpcap_features/pointpca3/UnB_PC/2/PointPCA3-Rust.csv,b1139c0f76036d7442d1cfb276be981ca9a64bec5ce0cf1ce7db120cdc8ae0e5,54963
pointpcap_features/pointpca3/UnB_PC/32/PointPCA3-Rust.csv,661a78a81ef39ca4522f75e1cde834f19fce7fb4b55fb5fe3887c33bb20a0d4f,55147
pointpcap_features/pointpca3/UnB_PC/4/PointPCA3-Rust.csv,53fc67e05bb34fb7e7f1afbc33962cd4807c162892f0df776f05ba891f52480f,55045
pointpcap_features/pointpca3/UnB_PC/8/PointPCA3-Rust.csv,906bc11eca9a3070ca5cdfd57334e5ba8a1d709b32586e6e7b3562bdaebe7c93,55120
pointpcap_features/pointpca3/WPC/1/PointPCA3-Rust.csv,ab1b58e9b8d50a831f7e50f55be975bae3bd8f60bb6b002e4cbbd325310c4881,633889
pointpcap_features/pointpca3/WPC/16/PointPCA3-Rust.csv,cba20efdd33316ce12bcd3542a59804385a41c709558981df223d356a3835a51,634515
pointpcap_features/pointpca3/WPC/2/PointPCA3-Rust.csv,5f69bc6a300736c6e4f25c47e9e709570cbcb7497375a52eec4e90199091f5a2,634442
pointpcap_features/pointpca3/WPC/32/PointPCA3-Rust.csv,0392641ddcffd9bd0849bc451870d8a323c131971ca57e491b9696e8592fd6e1,634547
pointpcap_features/pointpca3/WPC/4/PointPCA3-Rust.csv,b4b1f0e74b428b95474b80bd4e2433593bd7051f106ee1ffecc62ef3934edc50,634408
pointpcap_features/pointpca3/WPC/8/PointPCA3-Rust.csv,5fa3ab55a326a998dfdd2e1af45aa3f2687b031d102da7ef2b613c676ff27038,634422
pointpcap_features/pointpca3/WPC2/1/PointPCA3-Rust.csv,8d29192c292e43b98aa8b7f13e7ae40044f88f20796e0d9359d0a4d08a9af08a,350878
pointpcap_features/pointpca3/WPC2/16/PointPCA3-Rust.csv,d556e96c2d83b8b6496a7782079b9339fc6e01fd90cfb0b2637443adeecb63bc,350262
pointpcap_features/pointpca3/WPC2/2/PointPCA3-Rust.csv,673bf04310851ab9fe044e4d9f169d033fd33d9f07c64bd750f7b7bccd69df19,350974
pointpcap_features/pointpca3/WPC2/32/PointPCA3-Rust.csv,c613db15282da2a94b106cdc14ed9045463509b4d3796ff0b88865c34512c6d2,350499
pointpcap_features/pointpca3/WPC2/4/PointPCA3-Rust.csv,a9ffd601a183e9b6899f5e8ba98cc09acb6cbed598f51e8ead43006d5d176eac,351055
pointpcap_features/pointpca3/WPC2/8/PointPCA3-Rust.csv,27ad12f1b8b80a4d455028eb2bdf4249d88f264d95fbf10e5a681a73ffb6489e,351027
pointpcap_features/cubemap/crop_padding/FSRFastPadding/APSIPA/AHIQMetric/Cubemap.csv,c64a1a79e4a503c5fa0efce056a3766559b2bcb1b801824b16507fa6c865063a,62304
pointpcap_features/cubemap/crop_padding/FSRFastPadding/APSIPA/CKDNMetric/Cubemap.csv,f3fa46f2d498d3d92d40536662e382b3f92e0475ce2b4610ced2b7e556791390,62060
pointpcap_features/cubemap/crop_padding/FSRFastPadding/APSIPA/CW_SSIMMetric/Cubemap.csv,41b8334f8e7c1870abf5e8d5d128109ad124ca6531fe7996c6b89cd788cfb0d2,61883
pointpcap_features/cubemap/crop_padding/FSRFastPadding/APSIPA/DISTSMetric/Cubemap.csv,e68f943d0b010fcceac20d13d19b0ca384f43794eb0b032a9f167d6a4fea7a3b,63168
pointpcap_features/cubemap/crop_padding/FSRFastPadding/APSIPA/DSSMetric/Cubemap.csv,b3ce4cc6d10190af3700aa84f4d0198760509065d0d33308d597d081cebb4a14,61987
pointpcap_features/cubemap/crop_padding/FSRFastPadding/APSIPA/FSIMMetric/Cubemap.csv,3cba7916937b4fefc5cc639d6f6180d8a5c6b2a3298496442b6d466d62a9057f,61819
pointpcap_features/cubemap/crop_padding/FSRFastPadding/APSIPA/GMSDMetric/Cubemap.csv,99a0598bec2df49e4e5b587724a4ced78d418fb9f676b7d672b000b369b0fc1a,63296
pointpcap_features/cubemap/crop_padding/FSRFastPadding/APSIPA/HaarPSIMetric/Cubemap.csv,bc81b026972b99668bc4714eb39a1cd0d367d4feaf41e5860879881def7ca790,61897
pointpcap_features/cubemap/crop_padding/FSRFastPadding/APSIPA/MADMetric/Cubemap.csv,f2ef191f6ffcb3e0cd93f9e89470144def29a01914e1e0d50dd35af3da8cd1da,55470
pointpcap_features/cubemap/crop_padding/FSRFastPadding/APSIPA/MDSIMetric/Cubemap.csv,826153c10c45855bf8cab5a8cb66f61ec0b95df4cb827df3ddf8e45408a182ef,62557
pointpcap_features/cubemap/crop_padding/FSRFastPadding/APSIPA/MSGMSDMetric/Cubemap.csv,0c37c8f945528e429787992eae61eb3db42c9ac21319ab6ca9cdc115caf5a6b7,63249
pointpcap_features/cubemap/crop_padding/FSRFastPadding/APSIPA/MSSSIMMetric/Cubemap.csv,7030ec4137746c37926dbf6e741047866371df2e1cd7fe655b15fb56447a6462,61843
pointpcap_features/cubemap/crop_padding/FSRFastPadding/APSIPA/NLPDMetric/Cubemap.csv,6f07717df734426de07b01eb3b66d7ec3d5534b97a798fcaf15e7d4d7aa43be0,62595
pointpcap_features/cubemap/crop_padding/FSRFastPadding/APSIPA/PIEAPPMetric/Cubemap.csv,6ddc3c524ab221f1ea141c77946dd16eb53f19649fe193083ceac8bac2f67136,61921
pointpcap_features/cubemap/crop_padding/FSRFastPadding/APSIPA/PSNRMetric/Cubemap.csv,3b1774d7d9968a2830c9e591cf9963f00a1e50a2154a35c3d773d3d2a110ef5f,61321
pointpcap_features/cubemap/crop_padding/FSRFastPadding/APSIPA/SRSSIMMetric/Cubemap.csv,58aa951bdb2b1a702bfa178f1450d5a35af14cf8e4f25373315b808849b148fb,61828
pointpcap_features/cubemap/crop_padding/FSRFastPadding/APSIPA/SSIMCMetric/Cubemap.csv,c1b746acbfe9cae77b95a51bf2cf0ae8414c38cdd302249d466e7f4eb1245cb9,61836
pointpcap_features/cubemap/crop_padding/FSRFastPadding/APSIPA/SSIMMetric/Cubemap.csv,9b469cbd92feb94ce1d7e3012548423e08fc82bda6b9726a8adacc3a61691f07,61873
pointpcap_features/cubemap/crop_padding/FSRFastPadding/APSIPA/TOPIQ_FRMetric/Cubemap.csv,3fdd4d3a40b4fbc9b6b6380c82ea59a8945ea2941fef2d16b0e8a4a1ef01915f,62016
pointpcap_features/cubemap/crop_padding/FSRFastPadding/APSIPA/VIFMetric/Cubemap.csv,ed7c324a9206a11293a709e079af0e9bd45db968b247bad1c8de796f01819e16,62663
pointpcap_features/cubemap/crop_padding/FSRFastPadding/APSIPA/VSIMetric/Cubemap.csv,224ff9c66b7e00d755285db4ce2b39cd9f294e87074689c601436846887e2663,61792
pointpcap_features/cubemap/crop_padding/FSRFastPadding/APSIPA/WADIQAM_FRMetric/Cubemap.csv,853087cc6f0c86459634f6a76210c4e08c0ab892c152958d66794cf35946d2ad,65290
pointpcap_features/cubemap/crop_padding/NavierStokesPadding/APSIPA/AHIQMetric/Cubemap.csv,896245a63f08cfd0c7c93053eece6ddacd7ec5533e17543510888dd3e02f3014,62338
pointpcap_features/cubemap/crop_padding/NavierStokesPadding/APSIPA/CKDNMetric/Cubemap.csv,98c3a4050b8cabc4ec677c471c92091f272e8686a40ce5619b79cbad42a05a66,61923
pointpcap_features/cubemap/crop_padding/NavierStokesPadding/APSIPA/CW_SSIMMetric/Cubemap.csv,136235e69e4dbc76512bc7acac8aa6a6d281ef4ba11e6659c344bab0a592a8cb,61800
pointpcap_features/cubemap/crop_padding/NavierStokesPadding/APSIPA/DISTSMetric/Cubemap.csv,92ae8db517b85a04bbee4a16204afa801476821ebfc218e0d69b761fcb0ff0fc,63079
pointpcap_features/cubemap/crop_padding/NavierStokesPadding/APSIPA/DSSMetric/Cubemap.csv,0a7e073941196d61c062f73de81127c80bdbe9ef3d893b0d1ad53bb10ea18642,61904
pointpcap_features/cubemap/crop_padding/NavierStokesPadding/APSIPA/FSIMMetric/Cubemap.csv,ea4a848167049774a60ae977ddc7f11c5ed2825aa5e2bea68ba7f17f28ba5477,61715
pointpcap_features/cubemap/crop_padding/NavierStokesPadding/APSIPA/GMSDMetric/Cubemap.csv,813224763428fd099e9eaf2d3616f779b07cdff637e267e1dee8aab952ef956a,63245
pointpcap_features/cubemap/crop_padding/NavierStokesPadding/APSIPA/HaarPSIMetric/Cubemap.csv,c00eb9cf1c0353a52c8b1b75f628620d1177427ef53d5f6463e50349322c8161,61835
pointpcap_features/cubemap/crop_padding/NavierStokesPadding/APSIPA/MADMetric/Cubemap.csv,cebf0bd5a8dc366349a3e141592cecc1918110a6caf637f63eed635693e72776,55419
pointpcap_features/cubemap/crop_padding/NavierStokesPadding/APSIPA/MDSIMetric/Cubemap.csv,a774b4a86e253d8d2db4ad961d12bce79d9a8f676edf4e7f957818ede04431d9,62450
pointpcap_features/cubemap/crop_padding/NavierStokesPadding/APSIPA/MSGMSDMetric/Cubemap.csv,95bdf05f42a36bd8e10419d007a0c19d2382bb435198c0706e29d0402d305a40,63231
pointpcap_features/cubemap/crop_padding/NavierStokesPadding/APSIPA/MSSSIMMetric/Cubemap.csv,cc54bb252011996aed8cdf46fab1cc3e115713f0963f537eaa0d5de93115611a,61784
pointpcap_features/cubemap/crop_padding/NavierStokesPadding/APSIPA/NLPDMetric/Cubemap.csv,74ee6c8d82e737e56bcf6d275047f1caab7ddf5246d5b91adc55892b0e7e6aa9,62550
pointpcap_features/cubemap/crop_padding/NavierStokesPadding/APSIPA/PIEAPPMetric/Cubemap.csv,748974ee7be375c6b15768839c5c7f4f91eeba7888092f531cfa682cb244c98d,61891
pointpcap_features/cubemap/crop_padding/NavierStokesPadding/APSIPA/PSNRMetric/Cubemap.csv,f6042e3d2936c4581f397e3cb9240abc48951864c5bcb096d99569f9917b7ac7,61199
pointpcap_features/cubemap/crop_padding/NavierStokesPadding/APSIPA/SRSSIMMetric/Cubemap.csv,322f7a3ad5cf943fb0f8455b8c316d336215529a98ae86ff7b77f014f0d88a81,61697
pointpcap_features/cubemap/crop_padding/NavierStokesPadding/APSIPA/SSIMCMetric/Cubemap.csv,63ec4554d9d3bda1b0d0f873dfb047d31baf7a9d307325b9935a345feee3a748,61786
pointpcap_features/cubemap/crop_padding/NavierStokesPadding/APSIPA/SSIMMetric/Cubemap.csv,fd3e01e7fb79ddb2c73947d06b0be1ef5cd9a8448ff2d2bbedf366d86722e142,61767
pointpcap_features/cubemap/crop_padding/NavierStokesPadding/APSIPA/TOPIQ_FRMetric/Cubemap.csv,c78571d0253bf59ed4fdc482fc2d0fe0e9ceb860fc75310cee0ad1cb374352ac,61923
pointpcap_features/cubemap/crop_padding/NavierStokesPadding/APSIPA/VIFMetric/Cubemap.csv,5f653b7f87dac5e388be592c530a2e3efce5123390e5cdf3868ce2287f3d4810,62571
pointpcap_features/cubemap/crop_padding/NavierStokesPadding/APSIPA/VSIMetric/Cubemap.csv,d29818c63a342fdfe7dc1f1940c4c35d3faa4c97b0ce1811acac52a273a2ed62,61719
pointpcap_features/cubemap/crop_padding/NavierStokesPadding/APSIPA/WADIQAM_FRMetric/Cubemap.csv,547260d20053dd2db2f9023560eb806b2c793b4d605ab7e58fbe5d642c59b726,65230
pointpcap_features/cubemap/crop_padding/ShiftmapPadding/APSIPA/AHIQMetric/Cubemap.csv,641886f7ba92831ef9c211279ce71ed575e880f8402e3abd127bad3d8b2fb1ad,62881
pointpcap_features/cubemap/crop_padding/ShiftmapPadding/APSIPA/CKDNMetric/Cubemap.csv,6a3396b3ee06a55767ab2e44e461836511221a8f527ddade74ccdb75d111e714,62280
pointpcap_features/cubemap/crop_padding/ShiftmapPadding/APSIPA/CW_SSIMMetric/Cubemap.csv,b07133a48f1e5a5c6e40a4d5960590d86973130bd0eb60173f92ed9858a020c8,62374
pointpcap_features/cubemap/crop_padding/ShiftmapPadding/APSIPA/DISTSMetric/Cubemap.csv,5e894cd925508e5d1035e790b702ab54848b844ff8db8c8948b1e4bca0c23f45,62557
pointpcap_features/cubemap/crop_padding/ShiftmapPadding/APSIPA/DSSMetric/Cubemap.csv,d37be0e5aa10f0872b3acfda53ee3e65322a774be187195d846b34202f878792,62868
pointpcap_features/cubemap/crop_padding/ShiftmapPadding/APSIPA/FSIMMetric/Cubemap.csv,d4aaa291c6e67dc61d28d6c7478ebc58c8d8e1e356d73097cb73c25998d99bf1,61848
pointpcap_features/cubemap/crop_padding/ShiftmapPadding/APSIPA/GMSDMetric/Cubemap.csv,5487a86d8d4f19a635c48c633fbe90cd4595966630ebfeac8b62d03d81489a7c,62611
pointpcap_features/cubemap/crop_padding/ShiftmapPadding/APSIPA/HaarPSIMetric/Cubemap.csv,0be8acad29e11e27de1dbaab93898ab5f00bd07ae07dda34a60d496375208196,62491
pointpcap_features/cubemap/crop_padding/ShiftmapPadding/APSIPA/MADMetric/Cubemap.csv,8361b88e0280454283ef168df5918f50dcc88150af7a795e0fd740ea7667b36a,55533
pointpcap_features/cubemap/crop_padding/ShiftmapPadding/APSIPA/MDSIMetric/Cubemap.csv,5c2e006096b6b320b455c78d46f0ee28ea458c99b62b0e6b2d86d3c0b2ec7a3f,62268
pointpcap_features/cubemap/crop_padding/ShiftmapPadding/APSIPA/MSGMSDMetric/Cubemap.csv,ca76e3ce947a8c933f3e32eba9193775fd7291e4e56dabe6965ad0c2a62ac194,62668
pointpcap_features/cubemap/crop_padding/ShiftmapPadding/APSIPA/MSSSIMMetric/Cubemap.csv,857965a5432f0932cc2d913f922b1e026ce402a3bcc88cc96ea179ac2e14672d,61976
pointpcap_features/cubemap/crop_padding/ShiftmapPadding/APSIPA/NLPDMetric/Cubemap.csv,88ec1dc31f29da2c48e49d8b7db6e4f62a813adafb699f06d8b4fe98383a3bed,61924
pointpcap_features/cubemap/crop_padding/ShiftmapPadding/APSIPA/PIEAPPMetric/Cubemap.csv,9167491aa9ca657f3b0cd339e29d6a21a7b292369215b5ec12465870ef5d7c93,61456
pointpcap_features/cubemap/crop_padding/ShiftmapPadding/APSIPA/PSNRMetric/Cubemap.csv,c38b73e4dbfbfc07a4a4c8d7d264fd7d0cada9763a3aaba91fafaf633e4f4ef4,61158
pointpcap_features/cubemap/crop_padding/ShiftmapPadding/APSIPA/SRSSIMMetric/Cubemap.csv,8d5c9243149f5e40b980ec606bf0be7796d06b6712888f68ece62c084577db71,61749
pointpcap_features/cubemap/crop_padding/ShiftmapPadding/APSIPA/SSIMCMetric/Cubemap.csv,8f2b511c27caa154f6f8931155765842334f903f4c95a81aed780ae5a693a09c,61913
pointpcap_features/cubemap/crop_padding/ShiftmapPadding/APSIPA/SSIMMetric/Cubemap.csv,1d56d4f94e4ddf01b7a3cb56c31fe2691ae47ea7d55dfc6a0401ee1c67c814fe,61980
pointpcap_features/cubemap/crop_padding/ShiftmapPadding/APSIPA/TOPIQ_FRMetric/Cubemap.csv,c165d9a04b092e87d44ef69da5b8ece15a81b2a685f8a229d934c6593da7da16,62287
pointpcap_features/cubemap/crop_padding/ShiftmapPadding/APSIPA/VIFMetric/Cubemap.csv,02f491235091cbb6d13f167a7b17bb18c89110d1f5242438f8febd80ef23380c,63508
pointpcap_features/cubemap/crop_padding/ShiftmapPadding/APSIPA/VSIMetric/Cubemap.csv,e7ea4f68fdfc3c850eddc6a7b6be35d66c5600766f0cb73964f15fafafc7671f,61759
pointpcap_features/cubemap/crop_padding/ShiftmapPadding/APSIPA/WADIQAM_FRMetric/Cubemap.csv,57809c0d5b563068f8451b548735f8b941460eb9a54436c717feae0a1b7c3e76,64557
pointpcap_features/cubemap/crop_padding/TeleaPadding/APSIPA/AHIQMetric/Cubemap.csv,d93ab67aa3a347e67fd6d3acf074946e8be1234a98739f77bc0be3cb29716a75,62366
pointpcap_features/cubemap/crop_padding/TeleaPadding/APSIPA/CKDNMetric/Cubemap.csv,3b4f42f435ee6bc41ae20c386e2da36d66610bcee61c7f146225b83e4da833e5,61981
pointpcap_features/cubemap/crop_padding/TeleaPadding/APSIPA/CW_SSIMMetric/Cubemap.csv,6e640c9bd99752bf360fca4ff9437501b6c7de60eeac63705221af02955aaf8e,61800
pointpcap_features/cubemap/crop_padding/TeleaPadding/APSIPA/DISTSMetric/Cubemap.csv,6f1b6fb9ad604eb2a5836ec511c4625c4bdb0e61a266633cf7ac192cddd3866f,63011
pointpcap_features/cubemap/crop_padding/TeleaPadding/APSIPA/DSSMetric/Cubemap.csv,da0d962df654615dd671ee75886470d8c252a074b5e413a422f659d2865a6370,61918
pointpcap_features/cubemap/crop_padding/TeleaPadding/APSIPA/FSIMMetric/Cubemap.csv,8c2bb5e2419ebb8999d2629210499aff13066d119549b6b0301603d697ef4790,61715
pointpcap_features/cubemap/crop_padding/TeleaPadding/APSIPA/GMSDMetric/Cubemap.csv,945c69439195e4f40b7bd6c0d95a024f3a2dfac5eb325e66d5a450028436b6f0,63297
pointpcap_features/cubemap/crop_padding/TeleaPadding/APSIPA/HaarPSIMetric/Cubemap.csv,ca41e6f55bc3326fdcd072d75ab5b257793ed4cc1e3dd9783ad10aad146dba85,61804
pointpcap_features/cubemap/crop_padding/TeleaPadding/APSIPA/MADMetric/Cubemap.csv,e4efeae5421f7f5c7dc5af51cc43bff2ed40c89bc4f9810179fecda3a4de856b,55362
pointpcap_features/cubemap/crop_padding/TeleaPadding/APSIPA/MDSIMetric/Cubemap.csv,c83cf6f64fb3ecab496f42ab24f0ce5ca43d2764386bf6cc5eed136f79143c7d,62452
pointpcap_features/cubemap/crop_padding/TeleaPadding/APSIPA/MSGMSDMetric/Cubemap.csv,1e1db3e6357fce77d4e6efdc3cc4e5d7478bc2946fe3fc7b4baaf0669ae36713,63202
pointpcap_features/cubemap/crop_padding/TeleaPadding/APSIPA/MSSSIMMetric/Cubemap.csv,55fd4793930b301f4ff1a20ab07ea8e80d1e45da6099d5c22abbc51850352225,61801
pointpcap_features/cubemap/crop_padding/TeleaPadding/APSIPA/NLPDMetric/Cubemap.csv,f4e92bb49136603aa9c8f4b5e6374a19271acdfbfb2bdc5f64471a671326a128,62529
pointpcap_features/cubemap/crop_padding/TeleaPadding/APSIPA/PIEAPPMetric/Cubemap.csv,4b27087242abc77d1389aba1e76ad6cf993765e80d16938939e1710c7973bb59,61826
pointpcap_features/cubemap/crop_padding/TeleaPadding/APSIPA/PSNRMetric/Cubemap.csv,cca87e0d7c9b0e5be0dfc73c39863937de37fb45d727e328405a2280697cde24,61224
pointpcap_features/cubemap/crop_padding/TeleaPadding/APSIPA/SRSSIMMetric/Cubemap.csv,847f9a86004a51296ab6924b34d664c5e5aa9ca1803baebd8799bff71a368fb8,61671
pointpcap_features/cubemap/crop_padding/TeleaPadding/APSIPA/SSIMCMetric/Cubemap.csv,1617ea8969593526acd2776f8009e149502d3ed8e91c514502dc697831fa7f14,61784
pointpcap_features/cubemap/crop_padding/TeleaPadding/APSIPA/SSIMMetric/Cubemap.csv,7fc8d283b8d7dc55d273d0b953f0f0e8dd9812d16b3df0d35f6ffd4c807916c1,61724
pointpcap_features/cubemap/crop_padding/TeleaPadding/APSIPA/TOPIQ_FRMetric/Cubemap.csv,e1e697eb5b097cf551021f8e406cc69c687b09b79b1edd1f75964a7c9d006d21,61952
pointpcap_features/cubemap/crop_padding/TeleaPadding/APSIPA/VIFMetric/Cubemap.csv,893b9c9c53360958d57ae561f098dc9a2db251d64ddf4370619b1c80843453f8,62603
pointpcap_features/cubemap/crop_padding/TeleaPadding/APSIPA/VSIMetric/Cubemap.csv,f97c19db02d01f9b7e54634ecb2ebdf4b0d74db940f7a3820d6fbc2b76f6789c,61720
pointpcap_features/cubemap/crop_padding/TeleaPadding/APSIPA/WADIQAM_FRMetric/Cubemap.csv,aeab5ccdca4348bc9a3be718b55382c6c3927758cc84bd9250b2c9b5a65e5c01,65198
pointpcap_features/cubemap/nocrop_nopadding/APSIPA/AHIQMetric/Cubemap.csv,3b198a3b2ac7f47d0290c0305a032f95284bf671f27fb354a644e6436766d16d,62077
pointpcap_features/cubemap/nocrop_nopadding/APSIPA/CKDNMetric/Cubemap.csv,d3dd1eb31a1680e8f5c71823886d49393d131e7993e13e7d4df650afd3f0d407,61836
pointpcap_features/cubemap/nocrop_nopadding/APSIPA/CW_SSIMMetric/Cubemap.csv,f8b4f2f15a16f693d3225962426388bf01b53690fc333333da01c778dccf5478,61970
pointpcap_features/cubemap/nocrop_nopadding/APSIPA/DISTSMetric/Cubemap.csv,447549c342374d32c22443e074cb77014ac05b09ac2241b069348ded5fd444b5,62972
pointpcap_features/cubemap/nocrop_nopadding/APSIPA/DSSMetric/Cubemap.csv,6d15c7e1b6b55c4fd1f7a0514e409628fd4a5843cb5049ef2a02752c926db1f7,62072
pointpcap_features/cubemap/nocrop_nopadding/APSIPA/FSIMMetric/Cubemap.csv,0daae13c8d23c203fd92bb5ebbb81d08a3dfc79f1c528142233ff516ff31a85b,61729
pointpcap_features/cubemap/nocrop_nopadding/APSIPA/GMSDMetric/Cubemap.csv,7bd4cc3b8b0c55585a48cca2e0f886889aac249cecb82fd457ffc9012e3b7b5f,63248
pointpcap_features/cubemap/nocrop_nopadding/APSIPA/HaarPSIMetric/Cubemap.csv,47382e813f5848060136b1cb0b480f205fca756f533b7c9cfc3bee3400e3c44a,62032
pointpcap_features/cubemap/nocrop_nopadding/APSIPA/MADMetric/Cubemap.csv,1ba63bb90a0831409fb545419103d239ef2fe25903476f6dc5eaf3fef936700a,59571
pointpcap_features/cubemap/nocrop_nopadding/APSIPA/MDSIMetric/Cubemap.csv,69a9f2593211d97b4d0a06df9ff052386c49586018b2b0a0d36afbfc07b15656,62637
pointpcap_features/cubemap/nocrop_nopadding/APSIPA/MSGMSDMetric/Cubemap.csv,b21c801d46340f07b041db82d23742176095d9d2888182c01b6d3d65f689ce99,63235
pointpcap_features/cubemap/nocrop_nopadding/APSIPA/MSSSIMMetric/Cubemap.csv,9ad34a04e1f480c4fc1acfadcb88406010baa3ef7186d7dde2539ffd192fa6ec,61731
pointpcap_features/cubemap/nocrop_nopadding/APSIPA/NLPDMetric/Cubemap.csv,4f85d1ab02acedab015fd9829491e4c33539aad7bbaee3aaac3a20db9b4fd23f,62534
pointpcap_features/cubemap/nocrop_nopadding/APSIPA/PIEAPPMetric/Cubemap.csv,ae63716cc875578e18ebc7d96f6a8224ba101c047113d8ce9a3ee24738f186e3,61713
pointpcap_features/cubemap/nocrop_nopadding/APSIPA/PSNRMetric/Cubemap.csv,cb06d59fa8f4928a699b130b7f4a3a8c4a26debf2aec4ed14d8fec286376ee69,61444
pointpcap_features/cubemap/nocrop_nopadding/APSIPA/SRSSIMMetric/Cubemap.csv,0f2390b56c4b69d920c8576abc4145228487b7e47096e390e171ea715887c27f,61783
pointpcap_features/cubemap/nocrop_nopadding/APSIPA/SSIMCMetric/Cubemap.csv,43cd70671097cfb3e43169e8dff65f11e49c4ab85ab251ada5e2a35105657807,61743
pointpcap_features/cubemap/nocrop_nopadding/APSIPA/SSIMMetric/Cubemap.csv,aab150d29a24558c54b9b69a33de2b8cf7cfc2967287eec4602f6c45d8a145d8,61786
pointpcap_features/cubemap/nocrop_nopadding/APSIPA/TOPIQ_FRMetric/Cubemap.csv,77a62ade6aac117b0fb6305c3c17737a57c860ea3fecd290ed799ac2abee81e4,62259
pointpcap_features/cubemap/nocrop_nopadding/APSIPA/VIFMetric/Cubemap.csv,e3043b824fb9baa60a695f6378434d75a304ddd3e86971e009b5c84de3f63988,63078
pointpcap_features/cubemap/nocrop_nopadding/APSIPA/VSIMetric/Cubemap.csv,ed529a5746d90ef01d69db50a3414978394d128549c90afb198f6ee875a983f0,61757
pointpcap_features/cubemap/nocrop_nopadding/APSIPA/WADIQAM_FRMetric/Cubemap.csv,161b1399ec8babbdb5edad58d8a4270f37c00fea55c392bb3808047abb70b2b2,65003
pointpcap_features/cubemap/only_crop/APSIPA/AHIQMetric/Cubemap.csv,79f6612ca82655b05f738aba6ce4f47135b47a284c9a9a631f32e166ffefce39,62870
pointpcap_features/cubemap/only_crop/APSIPA/CKDNMetric/Cubemap.csv,d40318d397c9d759ac7b1c0c6cabeb387fbcfd259efe05cc6e093ca59a19ad84,62033
pointpcap_features/cubemap/only_crop/APSIPA/CW_SSIMMetric/Cubemap.csv,bfdaf7cb0bf4c1c8a5e22d47dcb0f5ad48569099f3b836d9973c9bc72018d596,62022
pointpcap_features/cubemap/only_crop/APSIPA/DISTSMetric/Cubemap.csv,230395207d2a8ad1dcec95fbdbdab8d32fdcd2157fa6fe29a72ecf2c04cc400e,62701
pointpcap_features/cubemap/only_crop/APSIPA/DSSMetric/Cubemap.csv,67076b99f2466782c59e43c0620c44d6fd964cee54c095bcfbd7c1d21bbd4eaa,62259
pointpcap_features/cubemap/only_crop/APSIPA/FSIMMetric/Cubemap.csv,39a132f8c0acf874fd6128904990738d3770135cd407a5a70b00c398cd3b72e6,61797
pointpcap_features/cubemap/only_crop/APSIPA/GMSDMetric/Cubemap.csv,6ea4f0349c780afaa9403bb0a3d73a0d5be32abc7c1d6c43cd52ea253c066545,62986
pointpcap_features/cubemap/only_crop/APSIPA/HaarPSIMetric/Cubemap.csv,724e9ed6b5739fc40d19d5f70340a184edc5b9d2ad82a56c4d958dda41f768ad,62109
pointpcap_features/cubemap/only_crop/APSIPA/MADMetric/Cubemap.csv,f834aa4c58c40fd867d2fec430e7cccf2d4f1c963f195e0441a00ceacce9cac4,54895
pointpcap_features/cubemap/only_crop/APSIPA/MDSIMetric/Cubemap.csv,4d1e4fd777622fc6ab5098651a0dbffd607bf979c957bdb33ff41e72b95c5d8e,62392
pointpcap_features/cubemap/only_crop/APSIPA/MSGMSDMetric/Cubemap.csv,228c3894561c99d95475c6885f1cbc2f36e7c4ef0300ed802296d5b0ee84629b,62987
pointpcap_features/cubemap/only_crop/APSIPA/MSSSIMMetric/Cubemap.csv,77aa22f8bb4e06415c4c640718a0b5fe618b830acd2b90dd4217170c8f98d8e6,61844
pointpcap_features/cubemap/only_crop/APSIPA/NLPDMetric/Cubemap.csv,a7244109eeee27990cf4f4df96668932767e332d0946635f7899424feed0f9ba,62131
pointpcap_features/cubemap/only_crop/APSIPA/PIEAPPMetric/Cubemap.csv,c51516d16d6b76a9161969d986f9dc7e21bb31d43dfe13de5892ca30960bcba1,61538
pointpcap_features/cubemap/only_crop/APSIPA/PSNRMetric/Cubemap.csv,0551f04890a678faa6e21dbf5d7cba436cf9c8be94c0cf253b8b98b38fb1327a,61160
pointpcap_features/cubemap/only_crop/APSIPA/SRSSIMMetric/Cubemap.csv,a0b6dec0df387e7412d8fc8dad0d7751b914048a7888c6d3d9627708bdc0430c,61783
pointpcap_features/cubemap/only_crop/APSIPA/SSIMCMetric/Cubemap.csv,223c5562ced37af8a5d2d0a13ffa6d337e31b0742c65eda2d6e5297fdcdc6551,62018
pointpcap_features/cubemap/only_crop/APSIPA/SSIMMetric/Cubemap.csv,7beeb5e0acd8ac4ab1a1d14aa73fbba83d214879084fe8d18b8c346e68e9b51d,61897
pointpcap_features/cubemap/only_crop/APSIPA/TOPIQ_FRMetric/Cubemap.csv,d9558067d6a3eec19e4a4948a8f49a308047fa2305700bdf4317d0512e37bbe2,62335
pointpcap_features/cubemap/only_crop/APSIPA/VIFMetric/Cubemap.csv,741118a10373a844cb33844af1f85b80793b77be993ec6b2dfcb63d42200bda3,63120
pointpcap_features/cubemap/only_crop/APSIPA/VSIMetric/Cubemap.csv,f9506fbd592fc5463bf1b8aaf92cc49bd18c1d520f898d2986d65366d550ba5a,61769
pointpcap_features/cubemap/only_crop/APSIPA/WADIQAM_FRMetric/Cubemap.csv,d04b4d62ec098af915dcd157b3e8cb6531ba4d0b45c15b9d319ea3c0313a691d,64660
pointpcap_features/cubemap/only_padding/FSRFastPadding/APSIPA/AHIQMetric/Cubemap.csv,aaef75c4105e1750a703f24e104288c635c50d5bcd3adee5db4a91f30b9e57d2,61891
pointpcap_features/cubemap/only_padding/FSRFastPadding/APSIPA/CKDNMetric/Cubemap.csv,fb34c61b95c129584f33cbdc7755f11bf7153508448e2ca10176e2da02e452a9,61845
pointpcap_features/cubemap/only_padding/FSRFastPadding/APSIPA/CW_SSIMMetric/Cubemap.csv,304763bcc04690e04ca50886f7ee31babb3f44c5a74ebe527c11c327749910d1,61897
pointpcap_features/cubemap/only_padding/FSRFastPadding/APSIPA/DISTSMetric/Cubemap.csv,061b474559d4880cdc045f92e245d765825f88850bcf3282ac6ee00b2a82f051,63541
pointpcap_features/cubemap/only_padding/FSRFastPadding/APSIPA/DSSMetric/Cubemap.csv,7723b790f72bdeac4d91f5d859a1d9be00bba46dd8fc1b464a368e3511260170,61911
pointpcap_features/cubemap/only_padding/FSRFastPadding/APSIPA/FSIMMetric/Cubemap.csv,1b4073a5b7f50249bb729225ce2f31d6f5579db944836f055e77f703644508df,61869
pointpcap_features/cubemap/only_padding/FSRFastPadding/APSIPA/GMSDMetric/Cubemap.csv,e07516a7ec6a91eadc9cec4895043913bc30f8166dd59fa82e273289f9413a2e,63643
pointpcap_features/cubemap/only_padding/FSRFastPadding/APSIPA/HaarPSIMetric/Cubemap.csv,6aad3015660510e4b019a1605d18a05f7eee7f07c560c5a4bdf7257dafe28aea,61897
pointpcap_features/cubemap/only_padding/FSRFastPadding/APSIPA/MADMetric/Cubemap.csv,9bad9ed3e5c1fdf7202f65dc1ce9990cb4354ef115d0ded06bfc677be6d48b54,59175
pointpcap_features/cubemap/only_padding/FSRFastPadding/APSIPA/MDSIMetric/Cubemap.csv,77184ee21b91c79664194114c630c564ec46b4aa7e6566f2c0dc31ee4c5e438f,62834
pointpcap_features/cubemap/only_padding/FSRFastPadding/APSIPA/MSGMSDMetric/Cubemap.csv,1f1e3e4c2f05a3c4e08ac8e273068ab70b9a92fdf0462a6d4511e994ec23c1a6,63632
pointpcap_features/cubemap/only_padding/FSRFastPadding/APSIPA/MSSSIMMetric/Cubemap.csv,bc65ce2eac5ffb26907288914cd8c76c5e381046889ad3588ceb834c32c5cdac,61865
pointpcap_features/cubemap/only_padding/FSRFastPadding/APSIPA/NLPDMetric/Cubemap.csv,e670296b3ee6e1f4c3ad522e51766329ee4ab087b22bf5882bdc00c2c2ab77ab,63029
pointpcap_features/cubemap/only_padding/FSRFastPadding/APSIPA/PIEAPPMetric/Cubemap.csv,992e8b394124581f4d2d18fef0b46ca7b3e4fa0104392331110e46533b51b467,62258
pointpcap_features/cubemap/only_padding/FSRFastPadding/APSIPA/PSNRMetric/Cubemap.csv,b69bb45850675f33bc16af426ee17b8c8089ccf34d3000c5fff18da3f429d123,61170
pointpcap_features/cubemap/only_padding/FSRFastPadding/APSIPA/SRSSIMMetric/Cubemap.csv,83172da0b68b9272a4afe2a8b2ada87870cc2bdca077e20da29ef5f05044f5c3,61835
pointpcap_features/cubemap/only_padding/FSRFastPadding/APSIPA/SSIMCMetric/Cubemap.csv,29d9b9b1dfff4f01fdd9d64534c6736f1a5cd8de01209063c80e254c1658a05f,61848
pointpcap_features/cubemap/only_padding/FSRFastPadding/APSIPA/SSIMMetric/Cubemap.csv,65d33665f763d3fd4e621466514ea20f2ceb2ea453450cce3542c1967138aaae,61856
pointpcap_features/cubemap/only_padding/FSRFastPadding/APSIPA/TOPIQ_FRMetric/Cubemap.csv,a18f96cb401272dc0408134232bfc59d5b140db4de1a5c4d18767f99855c209e,62003
pointpcap_features/cubemap/only_padding/FSRFastPadding/APSIPA/VIFMetric/Cubemap.csv,750a3697bc82192332776bcf0441d4e0e71263a337297cc5d01705f53e12e579,62598
pointpcap_features/cubemap/only_padding/FSRFastPadding/APSIPA/VSIMetric/Cubemap.csv,add71f47e139919ebec928fe91ec75e9b53f05210f265ac4bfb065075f8d8cbf,61821
pointpcap_features/cubemap/only_padding/FSRFastPadding/APSIPA/WADIQAM_FRMetric/Cubemap.csv,66b4f394147d35b0241ecb506d2fff8304a82f1d4c51c840d2700508a1b5c2b2,65399
pointpcap_features/cubemap/only_padding/NavierStokesPadding/APSIPA/AHIQMetric/Cubemap.csv,89bb9becbcf96eede20241dc72a4f3ec556a97bc0470f29752175b8876f251fc,61940
pointpcap_features/cubemap/only_padding/NavierStokesPadding/APSIPA/CKDNMetric/Cubemap.csv,a40425231dfcd31bf2038f6056e924b4b10065b7a1f5718b3d71789133744460,61738
pointpcap_features/cubemap/only_padding/NavierStokesPadding/APSIPA/CW_SSIMMetric/Cubemap.csv,7ec2416e5ce0c68172bb9faea7962987393f0b957539ab8abbd658a31fa1ebe5,61804
pointpcap_features/cubemap/only_padding/NavierStokesPadding/APSIPA/DISTSMetric/Cubemap.csv,6fc9403a0f1598b77703e5cdbc2efd80fc1a7cb784f3c4bcf431a14b0ee8c202,63402
pointpcap_features/cubemap/only_padding/NavierStokesPadding/APSIPA/DSSMetric/Cubemap.csv,43a23aea78f5d9bcec2046e8525c3e82216888570ce06a985bad179c794954d1,61806
pointpcap_features/cubemap/only_padding/NavierStokesPadding/APSIPA/FSIMMetric/Cubemap.csv,42efe5b2069d2b86c87d206ab1ad3e5ba7e745afff3d0bea7e850817c5ce3266,61704
pointpcap_features/cubemap/only_padding/NavierStokesPadding/APSIPA/GMSDMetric/Cubemap.csv,a1029e0aea855bf80b59fdbfdd4426af8f345c3083a17f91d002ae58c1bda12f,63539
pointpcap_features/cubemap/only_padding/NavierStokesPadding/APSIPA/HaarPSIMetric/Cubemap.csv,5889b0f5bd464d6112da4687c01c24a64456e95baea6b2af28f3a71664d63e86,61822
pointpcap_features/cubemap/only_padding/NavierStokesPadding/APSIPA/MADMetric/Cubemap.csv,59fc28d2543007a39d8fd880caccf0580541ba5f4ce4a6241d0a6d38493bc5fd,59215
pointpcap_features/cubemap/only_padding/NavierStokesPadding/APSIPA/MDSIMetric/Cubemap.csv,afe586ccc91e2c101fb9763d6a56c778c2621a082a452023208cb6f31a2bc5f1,62777
pointpcap_features/cubemap/only_padding/NavierStokesPadding/APSIPA/MSGMSDMetric/Cubemap.csv,bb73830656d0dd790772b4268ee3aecbbf59b784eefe4f8472683c51167c0cb8,63515
pointpcap_features/cubemap/only_padding/NavierStokesPadding/APSIPA/MSSSIMMetric/Cubemap.csv,2a031d879bd20bc161289b80b3c6e2ff50407f2ca9ea93fbcd8d1598f8a2cdaa,61724
pointpcap_features/cubemap/only_padding/NavierStokesPadding/APSIPA/NLPDMetric/Cubemap.csv,450a8844070d407b5841e14dc3add853453a690c04e9ee1cf2c3d21c86443dfd,62871
pointpcap_features/cubemap/only_padding/NavierStokesPadding/APSIPA/PIEAPPMetric/Cubemap.csv,17ab11e2338d2d7800de51ae216cd9dd3a92c7fd79300ea2b375a5cb60a9546a,62126
pointpcap_features/cubemap/only_padding/NavierStokesPadding/APSIPA/PSNRMetric/Cubemap.csv,ba12ff30aa66783376665cba454bceeb113a3e547f49ca2f996f6d15fad03ca2,61060
pointpcap_features/cubemap/only_padding/NavierStokesPadding/APSIPA/SRSSIMMetric/Cubemap.csv,69e236414752fc35d1f21f0413c7f7c7a8052ae795c15e44aebfc9c1c52eccb3,61744
pointpcap_features/cubemap/only_padding/NavierStokesPadding/APSIPA/SSIMCMetric/Cubemap.csv,c662914c073035e510644b5a8fdedc886a57acd9e0a7c97f36da089392977fb8,61747
pointpcap_features/cubemap/only_padding/NavierStokesPadding/APSIPA/SSIMMetric/Cubemap.csv,185de1ea53d762bef5d87a1a2cd0d4639696ff7b7aa7e2e26a42a3dae8c4f329,61754
pointpcap_features/cubemap/only_padding/NavierStokesPadding/APSIPA/TOPIQ_FRMetric/Cubemap.csv,89b8deff73c2d202799655361eec4a88930078e567de73c1def0fa82125641d8,61944
pointpcap_features/cubemap/only_padding/NavierStokesPadding/APSIPA/VIFMetric/Cubemap.csv,cc0c77d76a9926f33070e9e9ac9c5097d713a84265df0e5883763229e5a7e65b,62571
pointpcap_features/cubemap/only_padding/NavierStokesPadding/APSIPA/VSIMetric/Cubemap.csv,e7c92f1a30440e83743b2edcdd22d8468be47de743736baea6fd5a9a9cbeede2,61721
pointpcap_features/cubemap/only_padding/NavierStokesPadding/APSIPA/WADIQAM_FRMetric/Cubemap.csv,85f02680b07b0399a1c5067b34f829c0242bed089e629befca0905ad60617474,65268
pointpcap_features/cubemap/only_padding/ShiftmapPadding/APSIPA/AHIQMetric/Cubemap.csv,50fa8690a171c44caa7b2de8d91fcb61d9bb5322cc00d54e9d488183a822da2d,62129
pointpcap_features/cubemap/only_padding/ShiftmapPadding/APSIPA/CKDNMetric/Cubemap.csv,531543ddba61aa2d0ef1e5e4d891548579bfed0ddf7aae0304124de640867922,61727
pointpcap_features/cubemap/only_padding/ShiftmapPadding/APSIPA/CW_SSIMMetric/Cubemap.csv,2cf1bd3d74aa6de79af7e5c2d3d7fa6d5ed406d2ea21ed7ea1ac92db01f7edaf,62706
pointpcap_features/cubemap/only_padding/ShiftmapPadding/APSIPA/DISTSMetric/Cubemap.csv,e2ed746129a1dc8daebdc5a1601c8e177f200c5a0d778214a8654f1ec2eb59f3,62557
pointpcap_features/cubemap/only_padding/ShiftmapPadding/APSIPA/DSSMetric/Cubemap.csv,559172dfed044be823fde151b6f0ae16b91336ce956e195e59b6422e953f743e,62411
pointpcap_features/cubemap/only_padding/ShiftmapPadding/APSIPA/FSIMMetric/Cubemap.csv,ed81c06319e6667a8cd5597a188a779b97cb45322748ff64866651d73ad5eab8,61750
pointpcap_features/cubemap/only_padding/ShiftmapPadding/APSIPA/GMSDMetric/Cubemap.csv,464ba4b82e089d4c6f1fe16903783cbb117243f6a29db9145a1d87f6fb382ebf,62831
pointpcap_features/cubemap/only_padding/ShiftmapPadding/APSIPA/HaarPSIMetric/Cubemap.csv,f2e5bd380e2a01979fb18af004fb51846fc17cdc0d78ccfe3db44c27eeaefa34,62320
pointpcap_features/cubemap/only_padding/ShiftmapPadding/APSIPA/MADMetric/Cubemap.csv,0b30631af380ec0388127d691a257d884fd462cfa237cc7c6bf47b85f4d713cf,59639
pointpcap_features/cubemap/only_padding/ShiftmapPadding/APSIPA/MDSIMetric/Cubemap.csv,1685ef1c7fa329fab30bfbbf6d48ea9852d1785d52ec1a4ddc28d8626d6b32a6,62334
pointpcap_features/cubemap/only_padding/ShiftmapPadding/APSIPA/MSGMSDMetric/Cubemap.csv,7566156788cd4e6d8b84705b6b598214206de3e1b07579f34a902b4e69976f68,62841
pointpcap_features/cubemap/only_padding/ShiftmapPadding/APSIPA/MSSSIMMetric/Cubemap.csv,0fff0b41df63fac47c77343fb4a84c42984ee9bd3cc88b89a234c8bc51d5284a,61739
pointpcap_features/cubemap/only_padding/ShiftmapPadding/APSIPA/NLPDMetric/Cubemap.csv,40900594759f76f308e2a3be594c5cc336c60319573cbf74187b9f58d4890cfd,62328
pointpcap_features/cubemap/only_padding/ShiftmapPadding/APSIPA/PIEAPPMetric/Cubemap.csv,869f2645c566b443a33992f0193be2728deee6d887d01402231d7b2837c1c789,61429
pointpcap_features/cubemap/only_padding/ShiftmapPadding/APSIPA/PSNRMetric/Cubemap.csv,dd39278d8b065cbd312fc92582cecbbb54c9f9eaaa8663c964f4132d1c9f75bd,61424
pointpcap_features/cubemap/only_padding/ShiftmapPadding/APSIPA/SRSSIMMetric/Cubemap.csv,b5431bfeef220969435ae971360f1ef892412fd19e7cee661c9bcbf381b2a72a,61754
pointpcap_features/cubemap/only_padding/ShiftmapPadding/APSIPA/SSIMCMetric/Cubemap.csv,24647155f7f05bee84572048e1bec6cd45bf412cf6ff63de18caeddad8d49043,61714
pointpcap_features/cubemap/only_padding/ShiftmapPadding/APSIPA/SSIMMetric/Cubemap.csv,912af740a6eb921db7aa79e7f13138e72883031d9a9dc6512e93781d4d5e322d,61708
pointpcap_features/cubemap/only_padding/ShiftmapPadding/APSIPA/TOPIQ_FRMetric/Cubemap.csv,06d55cb7af7be3a228430ecfef4435de3c061ff4b92d8e1f5678b8dd0685f860,62336
pointpcap_features/cubemap/only_padding/ShiftmapPadding/APSIPA/VIFMetric/Cubemap.csv,7dbff7f44541f458aefdcde40a7706613181dde2914b2f9d60c9dfa686ac8033,63020
pointpcap_features/cubemap/only_padding/ShiftmapPadding/APSIPA/VSIMetric/Cubemap.csv,9bf1cddd36300df885e97d8ce1ca6f5b71d6cb88c7965f79f8478d7c86b6a170,61732
pointpcap_features/cubemap/only_padding/ShiftmapPadding/APSIPA/WADIQAM_FRMetric/Cubemap.csv,40cb9b9f680d25d028a6c28891bfec7f82659fdbc9236a4f7d4a813cca6303fb,64808
pointpcap_features/cubemap/only_padding/TeleaPadding/APSIPA/AHIQMetric/Cubemap.csv,29f13f9cb7508b7819206ff4f61e3739bf71c128f5db55061e9a38b8f40c3081,61953
pointpcap_features/cubemap/only_padding/TeleaPadding/APSIPA/CKDNMetric/Cubemap.csv,5e4b415daed583689177b200d3424047c6ced776b945a1878c1cd5996c355234,61751
pointpcap_features/cubemap/only_padding/TeleaPadding/APSIPA/CW_SSIMMetric/Cubemap.csv,495850eaed3d20b340c541690a6e7444f9cdfc85047cce368332b3d4145afb9b,61819
pointpcap_features/cubemap/only_padding/TeleaPadding/APSIPA/DISTSMetric/Cubemap.csv,e7df33e97be81b07390d43fba75e359053fdad55961a9ac639362ecb45084e5f,63398
pointpcap_features/cubemap/only_padding/TeleaPadding/APSIPA/DSSMetric/Cubemap.csv,1b54ffbf9266f5d91c3748138f21211bdbd57337c667433cc5277410a288302a,61838
pointpcap_features/cubemap/only_padding/TeleaPadding/APSIPA/FSIMMetric/Cubemap.csv,6ec9948fafb0e00ed8e54b750b78d8efbe529bd99bf6649c6ebf86e5b6b4a514,61751
pointpcap_features/cubemap/only_padding/TeleaPadding/APSIPA/GMSDMetric/Cubemap.csv,a985f0622aa12086c9b7a8991e7a43900d0c4bf94bab85af6af3ca2788b32a44,63571
pointpcap_features/cubemap/only_padding/TeleaPadding/APSIPA/HaarPSIMetric/Cubemap.csv,425ed6a0dce483dd3ddb0503129b0c523b7c1c8de97b673a2a1c156e1c13fecd,61812
pointpcap_features/cubemap/only_padding/TeleaPadding/APSIPA/MADMetric/Cubemap.csv,3d767ef6b5a6c14a89f741a3e37892a63eecb3d4d1f081b2d1f88e56e9a5e5e1,59192
pointpcap_features/cubemap/only_padding/TeleaPadding/APSIPA/MDSIMetric/Cubemap.csv,d4926100133c1c50e96471513cf5f2e6e40ddd072e60571b92a3842f8289e96a,62795
pointpcap_features/cubemap/only_padding/TeleaPadding/APSIPA/MSGMSDMetric/Cubemap.csv,15db8114ba2cc02934a999ace40d8092be540fc9f9cb391c763ee16b9df25095,63548
pointpcap_features/cubemap/only_padding/TeleaPadding/APSIPA/MSSSIMMetric/Cubemap.csv,bc779a411f18f158b174218ac6bdf0c3e0aa40ea3a452391b7e11785242f236c,61743
pointpcap_features/cubemap/only_padding/TeleaPadding/APSIPA/NLPDMetric/Cubemap.csv,d6a59f4b4b5fdc3e63af81a7a879b169094c12b1cfb18388d42bba7b49f6aeea,62907
pointpcap_features/cubemap/only_padding/TeleaPadding/APSIPA/PIEAPPMetric/Cubemap.csv,89c33ae4073c6a0c54308cc5cc1ac878dc2f24763c587ffda2a8604b94d08a4e,62139
pointpcap_features/cubemap/only_padding/TeleaPadding/APSIPA/PSNRMetric/Cubemap.csv,e151f765a4bdc9340d27eb716200b726d8bef0a2a399838d6c9ca49f7777a548,61113
pointpcap_features/cubemap/only_padding/TeleaPadding/APSIPA/SRSSIMMetric/Cubemap.csv,492e966262d861cbaaae01c1028b1e5c141b992e06c4c2c3d96c44e2f1f6fea9,61748
pointpcap_features/cubemap/only_padding/TeleaPadding/APSIPA/SSIMCMetric/Cubemap.csv,507c0339e7f75243036f1a9b5500a0409677c1cdfa2c7a2dcc253113f6424330,61718
pointpcap_features/cubemap/only_padding/TeleaPadding/APSIPA/SSIMMetric/Cubemap.csv,766fa884db2099e45a14a163465cc3633383a5ee1d18c9484565e2360d84bdf8,61726
pointpcap_features/cubemap/only_padding/TeleaPadding/APSIPA/TOPIQ_FRMetric/Cubemap.csv,8bdee03aa0294a53eb2d9752a39385ed9c8e5b09f52f9b04ceffa48c83bd7dea,61874
pointpcap_features/cubemap/only_padding/TeleaPadding/APSIPA/VIFMetric/Cubemap.csv,bb67dab9b9fbe29ddddff38f339acb37d9d7b840bb3c8b5f9170cc7821228590,62589
pointpcap_features/cubemap/only_padding/TeleaPadding/APSIPA/VSIMetric/Cubemap.csv,0c2e733f492c0f5cda394fdb29d8b999bf8c18eab89d0c7d8e7fdc5148ab6a0b,61692
pointpcap_features/cubemap/only_padding/TeleaPadding/APSIPA/WADIQAM_FRMetric/Cubemap.csv,de3832a339db54f6559a4a15b49e4a1c39c606c4e1ce56a764e036ec73e677d3,65314
