SIGNAL,REF,ATTACK,CLASS,SCORE,REF_NUM_POINTS,TEST_NUM_POINTS,TIME_TAKEN_SECONDS,PEAK_RAM_USAGE_GiB,FV_PointPCA3-Rust_0,FV_PointPCA3-Rust_1,FV_PointPCA3-Rust_2,FV_PointPCA3-Rust_3,FV_PointPCA3-Rust_4,FV_PointPCA3-Rust_5,FV_PointPCA3-Rust_6,FV_PointPCA3-Rust_7,FV_PointPCA3-Rust_8,FV_PointPCA3-Rust_9,FV_PointPCA3-Rust_10,FV_PointPCA3-Rust_11,FV_PointPCA3-Rust_12,FV_PointPCA3-Rust_13,FV_PointPCA3-Rust_14,FV_PointPCA3-Rust_15,FV_PointPCA3-Rust_16,FV_PointPCA3-Rust_17,FV_PointPCA3-Rust_18,FV_PointPCA3-Rust_19,FV_PointPCA3-Rust_20,FV_PointPCA3-Rust_21,FV_PointPCA3-Rust_22,FV_PointPCA3-Rust_23,FV_PointPCA3-Rust_24,FV_PointPCA3-Rust_25,FV_PointPCA3-Rust_26,FV_PointPCA3-Rust_27,FV_PointPCA3-Rust_28,FV_PointPCA3-Rust_29,FV_PointPCA3-Rust_30,FV_PointPCA3-Rust_31,FV_PointPCA3-Rust_32,FV_PointPCA3-Rust_33,FV_PointPCA3-Rust_34,FV_PointPCA3-Rust_35,FV_PointPCA3-Rust_36,FV_PointPCA3-Rust_37,FV_PointPCA3-Rust_38,FV_PointPCA3-Rust_39
bumbameuboi_pcl_high.ply,bumbameuboi_original.ply,pcl,2,4.52,150379,69197,0.39629316329956055,0.010494232177734375,0.9745192736933683,0.9929072814492298,0.9936041289832559,0.7973754664108721,0.7731014527128538,0.7846755616500217,0.947495298148726,0.9502665004176185,0.9508226019618274,0.805086660255772,0.8084489733575194,0.7695878858493153,0.0018781082758725222,0.0009469744520036381,0.0009401092389887465,0.0009390426487046613,0.001412304208801417,0.0006738703355378456,0.003223019682126005,0.001793120237437972,0.001235983054059269,0.0017555808708101842,0.0009546012520457741,0.0005250138554757763,0.6507792122482962,0.5610050047385058,0.20418516346907503,0.9978681578658493,0.9957539060830387,0.830992557817332,0.3927603336056824,0.6372804688525562,0.9888356501314666,0.8866883648677072,0.36869948845249007,0.33384569256775826,0.3101425316838979,0.5956305616408867,0.3916812291138239,0.0018707006703506358
bumbameuboi_pcl_medium.ply,bumbameuboi_original.ply,pcl,2,3.34,150379,27891,0.3611114025115967,0.010494232177734375,0.9486829812807442,0.9852566931036134,0.986658118928819,0.6654800658455078,0.6286755674762857,0.635043392249432,0.9762895277596071,0.977866183497327,0.980440772094256,0.666703535836204,0.6644603602003764,0.6200294238745685,0.003774012296071232,0.0018805714125651098,0.0019217851410953427,0.0018682328582952917,0.001412304208801417,0.0006738703355378456,0.004709440954693578,0.0025335321109732456,0.002056754874691795,0.002903771261266194,0.0012324629199897924,0.0016917838674729826,0.3382635738928488,0.2768294361936525,0.058549671195701494,1.0000931424181272,0.9976551068662403,0.8531545643132857,0.160697476573887,0.34659007441124706,0.9700713279282778,0.8823697388540869,0.2618472030901935,0.20061769731665446,0.17998326382471574,0.522002220443597,0.5058521430572056,0.00820508575166973
bumbameuboi_pcl_low.ply,bumbameuboi_original.ply,pcl,2,1.72,150379,8229,0.3795313835144043,0.0,0.9163543847586895,0.9756354194821522,0.9767481627720889,0.5291336280707433,0.5078889277376583,0.4958757754853259,0.9911233573041197,0.9897475980063059,0.9898396612030723,0.526996626799112,0.5271379547785966,0.4763195621476896,0.007541914350539337,0.003766212015464957,0.0037893271170865734,0.003745775495369876,0.001412304208801417,0.0006738703355378456,0.00814014884932591,0.004219116043032268,0.0038717003728757043,0.006524000326482207,0.0019709143621971024,0.005139424442721385,0.12591077976750453,0.10193654803341116,0.013308558554098767,1.0005995020262102,0.9952394512675603,0.8773489506384469,0.04785627731893221,0.1418820111804487,0.9256179150466365,0.8736416624327862,0.2737329368858482,0.12369783810354557,0.10730350966019653,0.5081267164307542,0.5192452512038851,0.029258667216798765
citiusp_pcl_high.ply,citiusp_original.ply,pcl,2,4.62,5929878,2655558,44.31301712989807,1.1095733642578125,0.9839516485971246,0.9978317414680777,0.9984274348653203,0.8281102862765364,0.8296431184883146,0.8300143109790173,0.9538542121190321,0.9431697371949067,0.9380987424917488,0.831897062072844,0.8721026166461028,0.7973635978394438,0.00023496308522136472,0.00011873582963267257,0.00011824228204223192,0.00012080592175225646,0.00017782502252169417,0.00021078556449501771,0.00046625373491600806,0.00023906510443306414,0.0002612454336799213,0.00015366410046332098,8.443843770682487e-05,5.7012759613756704e-05,0.6085416794182809,0.5541340589299779,0.4235877563317401,0.9872468234915251,0.9758498000705169,0.935790519906611,0.5144665880906536,0.5992718340066341,0.9732003569138479,0.8979885226130118,0.45031771370668183,0.6905299968486868,0.6650376579744172,0.6109746678526558,0.3801979576166701,0.01445522573785295
citiusp_pcl_medium.ply,citiusp_original.ply,pcl,2,4.28,5929878,989112,43.1390016078949,0.9283676147460938,0.9703367399517991,0.9955316417732036,0.996857887194584,0.6898127509939245,0.6830506705508324,0.6874502687314615,0.9836742721077034,0.9764651492934454,0.9758462251661435,0.6962782928011222,0.7465044162143926,0.6421939321485364,0.0004693026060060378,0.0002371522543824351,0.00023709139242645045,0.00023992351105116058,0.00017782502252169417,0.00021078556449501771,0.0006497439357346696,0.00033516107793292926,0.00034860033268188905,0.0003687458082535897,0.000194394802893408,0.00016675345268550503,0.2866546424431781,0.24341615956749804,0.18673322496668776,0.9959947205363726,0.9883804549342765,0.9686567127586303,0.22194716771054865,0.28330447894841904,0.937176577164067,0.853763455826697,0.35499095542114795,0.5997765726563586,0.5685458594400585,0.5287376367869674,0.47472743900642705,0.045167752704147766
citiusp_pcl_low.ply,citiusp_original.ply,pcl,2,3.18,5929878,289951,38.696606397628784,0.7954254150390625,0.9547388011996703,0.9924313423202192,0.9950722059744265,0.571659886470468,0.5208312441223446,0.5486389242094997,0.9951733308863744,0.9924693918827765,0.9923086019662289,0.5781222147200195,0.601378562265132,0.5172067733563682,0.000928914193985898,0.0004740659202399716,0.0004745142260039015,0.0004624840376948234,0.00017782502252169417,0.00021078556449501771,0.0010510455198693746,0.0005480749960741468,0.00052833174779501,0.0007998609739068105,0.0003987333232293893,0.00041340307684501983,0.10735845046119727,0.08352803869321652,0.0803105305873842,0.9986977306780213,0.9941677899428997,0.9859141665338952,0.07637445230651,0.10645317439207085,0.8908667258552376,0.8178673771079278,0.30926515009793293,0.5227021288754233,0.4892008507071427,0.486480719715874,0.5270703075673165,0.08588120873819033
longdress_pcl_high.ply,longdress_original.ply,pcl,2,4.84,857966,857966,2.8417766094207764,0.16798782348632812,0.9973634955428053,0.9992045451634066,0.9991032330909105,0.9708286446790978,0.9680713982341134,0.9664055760389428,0.8967220953154239,0.8972383409187588,0.899219874584718,0.9727202469190176,0.9733449929651534,0.9631458398466566,0.00046741038473604497,0.00023609612306850622,0.0002330125088663535,0.00023458936730369543,9.706585153880363e-05,0.00042315882797071134,0.0006723238448450056,0.0002547669074941032,0.00047797463472603116,0.00030678053352550973,0.00012492484052843835,0.00020117809767414735,0.9580517810918809,0.9617074359796741,0.9204419726107307,0.9870969474495301,0.9868218709036267,0.8820461887760785,0.9532647156138693,0.9668756743800535,0.9960559013108223,0.9543648766768877,0.5146144310477356,0.9320388090158912,0.9232684317393112,0.6608931414707615,0.31878556254725227,0.0016773940799198988
longdress_pcl_medium.ply,longdress_original.ply,pcl,2,4.64,857966,254322,2.4109766483306885,0.08998489379882812,0.9763537332703,0.9925031441999604,0.9914412557834005,0.7199411906036499,0.684351088692857,0.6661007465829556,0.9602395850281742,0.9556692127270962,0.9555956531370949,0.7145119609735986,0.69789960940373,0.6587449403496926,0.0009371679555635635,0.00047012005894894054,0.0004732883186531794,0.0004692768913368792,9.706585153880363e-05,0.00042315882797071134,0.001057200712191865,0.0004849314017595762,0.0006219096120138715,0.0005361729097150373,0.00019677283809810996,0.00038992027781329687,0.4867852039659284,0.4571132036602982,0.29187574801149113,1.0009143168291745,0.9992753476637659,0.9261551439474441,0.3995366009071355,0.4999847630316386,0.972892566906852,0.9373473584993307,0.3547467342304075,0.711802077183208,0.686477998555262,0.539529489890802,0.48651738066275013,0.008431067934496378
longdress_pcl_low.ply,longdress_original.ply,pcl,2,3.62,857966,66520,2.355422019958496,0.035877227783203125,0.9549174366903342,0.9845002855165402,0.9823810996819556,0.5655588312376624,0.5185163729293477,0.49566914130155154,0.9875038861194133,0.9849384129370441,0.9838106891118056,0.5585285945144437,0.5321769792043902,0.5027543227559491,0.0018887565946993895,0.0009457538190118743,0.0009558682142698339,0.0009444026851525284,9.706585153880363e-05,0.00042315882797071134,0.0019437006568559193,0.0009616684221709855,0.0010154091893967222,0.0015697814666136118,0.0004946757021037139,0.0012594023358598867,0.17147074162198755,0.15907687706106016,0.055877563975578894,0.9993389156275522,0.9999192692010045,0.9472199499734509,0.11025982863927586,0.1876192389527881,0.9085090458768464,0.8890490129124068,0.33590474270368426,0.4957625999009158,0.46681364984741003,0.5068993156937788,0.5172302641374975,0.03982892640337218
romanoillamp_pcl_high.ply,romanoillamp_original.ply,pcl,2,4.76,1286052,636008,4.127692222595215,0.23027801513671875,0.9917503727370389,0.9972944480540796,0.9987234924164234,0.8960760543431607,0.8723747976976473,0.8770537097001708,0.9496299489768205,0.9547205716559287,0.9532559282408639,0.9013798379827919,0.9108703716567953,0.8793128546130885,0.0004692750619674115,0.00023441793618170532,0.0002353771858893928,0.00023572797661828776,0.00017236038201762785,9.293452623626703e-05,0.0005640901429298286,0.0002915856924290646,0.0002614497728085309,0.000366461445046018,0.00021622881203731714,8.451732816527564e-05,0.7155021908001477,0.6226246286520355,0.12394501342980407,0.999299224006741,0.9982255965459277,0.893874636419817,0.35104480666684457,0.6916093374633039,0.9930875962739012,0.8938907919989175,0.2724963174758379,0.2080046648100916,0.19242136898683931,0.504792861492834,0.5398827411451207,0.0007521590163128168
romanoillamp_pcl_medium.ply,romanoillamp_original.ply,pcl,2,4.7,1286052,270088,3.858347177505493,0.14242172241210938,0.9840215765477426,0.9950991066870235,0.9977468818877516,0.8282692815724018,0.7886938424053841,0.800205471180228,0.9758468613583648,0.9812573868551995,0.9818227605839015,0.8342772400799121,0.8426914381326399,0.8002104901812538,0.0009383726213583538,0.0004694712939390682,0.00046906168370247566,0.0004717773933619997,0.00017236038201762785,9.293452623626703e-05,0.0009919131549477257,0.0005016158658224045,0.00048575623609352337,0.0004957257112985727,0.00023994243168791723,0.00024366937327624278,0.3872398884422478,0.3265264983414219,0.0329718505459103,0.999612097624359,0.9996889022695271,0.9129522393770317,0.1367311644231247,0.39043657360393025,0.9822451719267798,0.9038539750117335,0.24929783938570593,0.12147257239663821,0.11091594325790198,0.5059594918576497,0.5355972113672989,0.0035165860052628465
romanoillamp_pcl_low.ply,romanoillamp_original.ply,pcl,2,4.06,1286052,77104,3.7412495613098145,0.13277435302734375,0.9743793813712426,0.9926678676049578,0.9968102057459483,0.766118696675437,0.7002267774330961,0.7116096548298917,0.9934563489018091,0.9944989687141369,0.9960277393436539,0.7710045085701764,0.7667105871916847,0.729118598023761,0.0018713050384664821,0.0009373585738008661,0.0009339434264813668,0.0009430467574012023,0.00017236038201762785,9.293452623626703e-05,0.0019015212592724765,0.0009514640338990191,0.0009506233743360145,0.0011209731587092295,0.00039389469009690377,0.0008171934894448056,0.13364210563147502,0.11000687515886369,0.006652940977302646,0.9992603319939635,0.9995476302489054,0.9160192885734054,0.03559833105432137,0.14666710604568933,0.953944903704017,0.9011149576421593,0.25530715033790535,0.08128324274027261,0.07297772055909539,0.497433439218796,0.5445004471341433,0.012655358254460911
