SIGNAL,REF,ATTACK,CLASS,SCORE,REF_NUM_POINTS,TEST_NUM_POINTS,TIME_TAKEN_SECONDS,PEAK_RAM_USAGE_GiB,FV_PointPCA2_0
redandblack_0.ply,redandblack.ply,Octree-based compression,0,8.167091836735,729133,614242,106.46307110786438,1.8148422241210938,0.9936416460489642
redandblack_1.ply,redandblack.ply,Octree-based compression,0,6.45,729133,501236,119.9444477558136,1.8170356750488281,0.9917804264137552
redandblack_2.ply,redandblack.ply,Octree-based compression,0,6.734375,729133,405449,108.43194222450256,1.81329345703125,0.9892236637398615
redandblack_3.ply,redandblack.ply,Octree-based compression,0,4.9,729133,290291,109.40176892280579,1.7804412841796875,0.9847971277856759
redandblack_4.ply,redandblack.ply,Octree-based compression,0,6.286989795918,729133,176976,108.40094494819641,1.8039283752441406,0.9781339190037639
redandblack_5.ply,redandblack.ply,Octree-based compression,0,3.7578125,729133,76382,107.2153570652008,1.7489852905273438,0.9665593024839307
redandblack_6.ply,redandblack.ply,Color Noise,1,9.392857142857,729133,729133,121.44109988212585,1.8352622985839844,0.9988546919885011
redandblack_7.ply,redandblack.ply,Color Noise,1,7.608333333333,729133,729133,105.70663547515869,1.8209037780761719,0.9938519050155926
redandblack_8.ply,redandblack.ply,Color Noise,1,7.247448979592,729133,729133,106.88383674621582,1.8047523498535156,0.9899028429758163
redandblack_9.ply,redandblack.ply,Color Noise,1,6.53125,729133,729133,110.71037077903748,1.7625885009765625,0.9845379466422669
redandblack_10.ply,redandblack.ply,Color Noise,1,5.515625,729133,729133,107.46878004074097,1.8442840576171875,0.9774801904426536
redandblack_11.ply,redandblack.ply,Color Noise,1,4.780769230769,729133,729133,108.13240838050842,1.7823562622070312,0.9683307585496979
redandblack_12.ply,redandblack.ply,Downscaling,2,7.767307692308,729133,619763,108.82314777374268,1.7890281677246094,0.9965989265294574
redandblack_13.ply,redandblack.ply,Downscaling,2,6.803846153846,729133,510393,105.67931795120239,1.7693557739257812,0.9938809001062526
redandblack_14.ply,redandblack.ply,Downscaling,2,6.65,729133,401023,105.7310118675232,1.8007888793945312,0.9903838824115391
redandblack_15.ply,redandblack.ply,Downscaling,2,5.1640625,729133,291653,106.31298899650574,1.7728309631347656,0.9857726958001819
redandblack_16.ply,redandblack.ply,Downscaling,2,3.709615384615,729133,182283,105.27104020118713,1.7598915100097656,0.9790376587323937
redandblack_17.ply,redandblack.ply,Downscaling,2,2.141666666667,729133,72913,104.82425379753113,1.7634468078613281,0.965973634431339
redandblack_18.ply,redandblack.ply,Downscaling and Color noise,3,8.191666666667,729133,619763,105.87772965431213,1.8200187683105469,0.9963082053813532
redandblack_19.ply,redandblack.ply,Downscaling and Color noise,3,6.85,729133,510393,107.13926291465759,1.8219680786132812,0.990650853073773
redandblack_20.ply,redandblack.ply,Downscaling and Color noise,3,6.144132653061,729133,401023,105.5684072971344,1.7340164184570312,0.9848577938151377
redandblack_21.ply,redandblack.ply,Downscaling and Color noise,3,4.6484375,729133,291653,105.52169585227966,1.7833709716796875,0.9774342171355469
redandblack_22.ply,redandblack.ply,Downscaling and Color noise,3,3.465384615385,729133,182285,105.5453429222107,1.7632484436035156,0.9559794728399076
redandblack_23.ply,redandblack.ply,Downscaling and Color noise,3,1.433333333333,729133,72913,106.49510502815247,1.7830734252929688,0.9496801020227983
redandblack_24.ply,redandblack.ply,Downscaling and Geometry Gaussian noise,4,8.2578125,729133,619763,107.26041555404663,1.8345985412597656,0.9963527027168074
redandblack_25.ply,redandblack.ply,Downscaling and Geometry Gaussian noise,4,7.3515625,729133,510393,107.52874517440796,1.7802925109863281,0.993297812118071
redandblack_26.ply,redandblack.ply,Downscaling and Geometry Gaussian noise,4,5.579081632653,729133,401023,107.65461325645447,1.7516021728515625,0.9888942928262394
redandblack_27.ply,redandblack.ply,Downscaling and Geometry Gaussian noise,4,2.4375,729133,291653,105.93419790267944,1.77838134765625,0.9801791902206866
redandblack_28.ply,redandblack.ply,Downscaling and Geometry Gaussian noise,4,2.275,729133,182283,105.68980717658997,1.7955093383789062,0.9727228135949118
redandblack_29.ply,redandblack.ply,Downscaling and Geometry Gaussian noise,4,1.0,729133,72913,104.89534163475037,1.769012451171875,0.9578716256301402
redandblack_30.ply,redandblack.ply,Geometry Gaussian noise,5,8.125,729133,729133,106.6612777709961,1.8287239074707031,0.9981871246187838
redandblack_31.ply,redandblack.ply,Geometry Gaussian noise,5,6.441666666667,729133,729133,106.58797430992126,1.7949371337890625,0.9973592269501119
redandblack_32.ply,redandblack.ply,Geometry Gaussian noise,5,5.9609375,729133,729133,106.57966256141663,1.7558097839355469,0.9951827677632539
redandblack_33.ply,redandblack.ply,Geometry Gaussian noise,5,3.394132653061,729133,729133,106.65728545188904,1.7710647583007812,0.9865221767738284
redandblack_34.ply,redandblack.ply,Geometry Gaussian noise,5,1.866666666667,729133,729133,106.75948762893677,1.774139404296875,0.9811837469837368
redandblack_35.ply,redandblack.ply,Geometry Gaussian noise,5,1.848076923077,729133,729133,106.90224170684814,1.8145713806152344,0.9697371664710994
redandblack_36.ply,redandblack.ply,Color noise and Geometry Gaussian noise,6,8.525,729133,729133,106.19408082962036,1.831451416015625,0.9977373326578093
redandblack_37.ply,redandblack.ply,Color noise and Geometry Gaussian noise,6,6.063461538462,729133,729133,106.51772928237915,1.8407363891601562,0.9930445420868357
redandblack_38.ply,redandblack.ply,Color noise and Geometry Gaussian noise,6,5.96875,729133,729133,106.77194666862488,1.7623214721679688,0.9882261252458938
redandblack_39.ply,redandblack.ply,Color noise and Geometry Gaussian noise,6,3.125,729133,729133,107.13443517684937,1.7541999816894531,0.9777973379719405
redandblack_40.ply,redandblack.ply,Color noise and Geometry Gaussian noise,6,1.876923076923,729133,729133,106.86421537399292,1.7985305786132812,0.9681535179724812
redandblack_41.ply,redandblack.ply,Color noise and Geometry Gaussian noise,6,1.691666666667,729133,729133,106.94274950027466,1.8491096496582031,0.952322094658797
ULB Unicorn_0.ply,ULB Unicorn.ply,Octree-based compression,0,8.220663265306,2000297,1722086,302.47527718544006,5.168643951416016,0.9886258991882177
ULB Unicorn_1.ply,ULB Unicorn.ply,Octree-based compression,0,7.405769230769,2000297,1453297,300.8268892765045,4.996131896972656,0.985587939060829
ULB Unicorn_2.ply,ULB Unicorn.ply,Octree-based compression,0,6.975,2000297,1074690,298.7034680843353,5.002681732177734,0.9784691365342922
ULB Unicorn_3.ply,ULB Unicorn.ply,Octree-based compression,0,6.1015625,2000297,785821,297.2933466434479,4.9363250732421875,0.9701401226649928
ULB Unicorn_4.ply,ULB Unicorn.ply,Octree-based compression,0,4.963461538462,2000297,498110,297.5766022205353,4.847003936767578,0.9565810509152807
ULB Unicorn_5.ply,ULB Unicorn.ply,Octree-based compression,0,2.380102040816,2000297,204421,297.8802833557129,4.8681182861328125,0.9308116558948003
ULB Unicorn_6.ply,ULB Unicorn.ply,Color Noise,1,7.688461538462,2000297,2000297,304.17479038238525,5.081302642822266,0.9990819590278699
ULB Unicorn_7.ply,ULB Unicorn.ply,Color Noise,1,8.3671875,2000297,2000297,305.3656368255615,4.995853424072266,0.9952392249915809
ULB Unicorn_8.ply,ULB Unicorn.ply,Color Noise,1,6.553571428571,2000297,2000297,305.70931363105774,5.036548614501953,0.9919912989268461
ULB Unicorn_9.ply,ULB Unicorn.ply,Color Noise,1,6.880769230769,2000297,2000297,304.0475649833679,4.994945526123047,0.9875024244249063
ULB Unicorn_10.ply,ULB Unicorn.ply,Color Noise,1,6.348076923077,2000297,2000297,305.8797130584717,4.9815216064453125,0.9817600561592238
ULB Unicorn_11.ply,ULB Unicorn.ply,Color Noise,1,5.9453125,2000297,2000297,303.88341331481934,5.056427001953125,0.9748043073169531
ULB Unicorn_12.ply,ULB Unicorn.ply,Downscaling,2,7.352040816327,2000297,1700252,304.65252709388733,4.9588623046875,0.9939058255924174
ULB Unicorn_13.ply,ULB Unicorn.ply,Downscaling,2,5.857692307692,2000297,1400208,301.33477663993835,4.856090545654297,0.9886028914293171
ULB Unicorn_14.ply,ULB Unicorn.ply,Downscaling,2,6.226923076923,2000297,1100163,301.2903833389282,4.872013092041016,0.9817613837025707
ULB Unicorn_15.ply,ULB Unicorn.ply,Downscaling,2,5.525510204082,2000297,800119,298.69565320014954,4.814380645751953,0.9723724868526129
ULB Unicorn_16.ply,ULB Unicorn.ply,Downscaling,2,3.5859375,2000297,500074,299.17409896850586,4.8770904541015625,0.957312065849108
ULB Unicorn_17.ply,ULB Unicorn.ply,Downscaling,2,1.848076923077,2000297,200030,296.8933434486389,4.779476165771484,0.930457397413048
ULB Unicorn_18.ply,ULB Unicorn.ply,Downscaling and Color noise,3,6.841666666667,2000297,1700252,305.34649562835693,5.099952697753906,0.9934940704008995
ULB Unicorn_19.ply,ULB Unicorn.ply,Downscaling and Color noise,3,6.5703125,2000297,1400208,304.0690338611603,4.954563140869141,0.9860381582591371
ULB Unicorn_20.ply,ULB Unicorn.ply,Downscaling and Color noise,3,5.141666666667,2000297,1100163,303.8530123233795,4.760929107666016,0.9771828104527757
ULB Unicorn_21.ply,ULB Unicorn.ply,Downscaling and Color noise,3,4.234375,2000297,800119,301.5248680114746,4.814174652099609,0.965364061499237
ULB Unicorn_22.ply,ULB Unicorn.ply,Downscaling and Color noise,3,3.455769230769,2000297,500074,299.0234463214874,4.824764251708984,0.9481929691783197
ULB Unicorn_23.ply,ULB Unicorn.ply,Downscaling and Color noise,3,1.377551020408,2000297,200030,297.66401076316833,4.8050079345703125,0.9201612323418618
ULB Unicorn_24.ply,ULB Unicorn.ply,Downscaling and Geometry Gaussian noise,4,7.2,2000297,1700252,303.87504267692566,4.985355377197266,0.9938139069019073
ULB Unicorn_25.ply,ULB Unicorn.ply,Downscaling and Geometry Gaussian noise,4,5.9296875,2000297,1400208,302.49772548675537,4.994697570800781,0.98805942508427
ULB Unicorn_26.ply,ULB Unicorn.ply,Downscaling and Geometry Gaussian noise,4,4.6328125,2000297,1100163,312.35963439941406,4.7688751220703125,0.9794343053534718
ULB Unicorn_27.ply,ULB Unicorn.ply,Downscaling and Geometry Gaussian noise,4,2.067602040816,2000297,800119,301.7783679962158,4.789974212646484,0.9610809217510045
ULB Unicorn_28.ply,ULB Unicorn.ply,Downscaling and Geometry Gaussian noise,4,1.5,2000297,500074,301.37276244163513,4.823307037353516,0.9449900664397255
ULB Unicorn_29.ply,ULB Unicorn.ply,Downscaling and Geometry Gaussian noise,4,1.223076923077,2000297,200030,300.36355924606323,4.8278350830078125,0.914031922349062
ULB Unicorn_30.ply,ULB Unicorn.ply,Geometry Gaussian noise,5,7.767857142857,2000297,2000297,308.19562697410583,5.132171630859375,0.9969685462748643
ULB Unicorn_31.ply,ULB Unicorn.ply,Geometry Gaussian noise,5,7.155612244898,2000297,2000297,307.8456997871399,5.077186584472656,0.9956678659508729
ULB Unicorn_32.ply,ULB Unicorn.ply,Geometry Gaussian noise,5,4.59056122449,2000297,2000297,307.5714201927185,5.050731658935547,0.992398398302923
ULB Unicorn_33.ply,ULB Unicorn.ply,Geometry Gaussian noise,5,2.609375,2000297,2000297,307.65484619140625,4.969085693359375,0.975567312421207
ULB Unicorn_34.ply,ULB Unicorn.ply,Geometry Gaussian noise,5,1.857692307692,2000297,2000297,307.0781464576721,4.9672088623046875,0.9629519607737448
ULB Unicorn_35.ply,ULB Unicorn.ply,Geometry Gaussian noise,5,1.3,2000297,2000297,308.7300844192505,4.935508728027344,0.9374642940678584
ULB Unicorn_36.ply,ULB Unicorn.ply,Color noise and Geometry Gaussian noise,6,8.375,2000297,2000297,306.7107243537903,4.9371337890625,0.9965043170259763
ULB Unicorn_37.ply,ULB Unicorn.ply,Color noise and Geometry Gaussian noise,6,7.066326530612,2000297,2000297,304.1730864048004,4.991779327392578,0.9924962946156758
ULB Unicorn_38.ply,ULB Unicorn.ply,Color noise and Geometry Gaussian noise,6,5.15,2000297,2000297,305.6642367839813,4.995140075683594,0.9869271094433474
ULB Unicorn_39.ply,ULB Unicorn.ply,Color noise and Geometry Gaussian noise,6,3.103316326531,2000297,2000297,306.6855134963989,5.042629241943359,0.9683252515634265
ULB Unicorn_40.ply,ULB Unicorn.ply,Color noise and Geometry Gaussian noise,6,2.2,2000297,2000297,308.38467669487,5.066947937011719,0.953113877189816
ULB Unicorn_41.ply,ULB Unicorn.ply,Color noise and Geometry Gaussian noise,6,1.30612244898,2000297,2000297,312.0653841495514,4.991336822509766,0.9263668321138587
loot_0.ply,loot.ply,Octree-based compression,0,6.996153846154,784142,660527,113.69045209884644,1.8835906982421875,0.9952090233545332
loot_1.ply,loot.ply,Octree-based compression,0,7.0859375,784142,538659,113.46813726425171,1.9861297607421875,0.9941218976501595
loot_2.ply,loot.ply,Octree-based compression,0,5.383333333333,784142,435409,114.25837922096252,1.8879547119140625,0.9926496021433724
loot_3.ply,loot.ply,Octree-based compression,0,5.208333333333,784142,311706,113.02094721794128,1.86865234375,0.9900653247077595
loot_4.ply,loot.ply,Octree-based compression,0,6.679846938776,784142,190078,112.63657760620117,1.9478187561035156,0.9861504761401436
loot_5.ply,loot.ply,Octree-based compression,0,2.708333333333,784142,82139,113.1267409324646,1.8665733337402344,0.9790505244527696
loot_6.ply,loot.ply,Color Noise,1,9.65,784142,784142,113.00996375083923,1.9663276672363281,0.999103716553423
loot_7.ply,loot.ply,Color Noise,1,7.316666666667,784142,784142,113.11184430122375,1.9303550720214844,0.9954734994957651
loot_8.ply,loot.ply,Color Noise,1,5.396683673469,784142,784142,116.20860481262207,1.915496826171875,0.9930493890818062
loot_9.ply,loot.ply,Color Noise,1,4.584615384615,784142,784142,114.64930820465088,1.9483680725097656,0.9903657749798697
loot_10.ply,loot.ply,Color Noise,1,4.230867346939,784142,784142,114.520516872406,1.9403877258300781,0.9873869691916441
loot_11.ply,loot.ply,Color Noise,1,4.0625,784142,784142,113.41913557052612,2.008373260498047,0.9837470529681008
loot_12.ply,loot.ply,Downscaling,2,8.267307692308,784142,666521,114.55002784729004,1.924224853515625,0.9979339135371401
loot_13.ply,loot.ply,Downscaling,2,8.613520408163,784142,548899,115.90553641319275,1.8857841491699219,0.9962212801009102
loot_14.ply,loot.ply,Downscaling,2,7.676020408163,784142,431278,113.99000573158264,1.9250984191894531,0.9940383069389638
loot_15.ply,loot.ply,Downscaling,2,5.78125,784142,313657,117.28924202919006,1.8722991943359375,0.991227369827872
loot_16.ply,loot.ply,Downscaling,2,2.975,784142,196036,112.4583432674408,1.8678970336914062,0.987215820022924
loot_17.ply,loot.ply,Downscaling,2,1.85,784142,78414,113.70352101325989,1.9242820739746094,0.97904844621258
loot_18.ply,loot.ply,Downscaling and Color noise,3,8.180769230769,784142,666521,120.73985505104065,1.9891891479492188,0.997631836620988
loot_19.ply,loot.ply,Downscaling and Color noise,3,6.925,784142,548899,114.1884274482727,1.9225196838378906,0.9937337024367547
loot_20.ply,loot.ply,Downscaling and Color noise,3,4.8,784142,431278,114.41256308555603,1.9202957153320312,0.9901975237739704
loot_21.ply,loot.ply,Downscaling and Color noise,3,4.299744897959,784142,313657,113.76390552520752,1.8592185974121094,0.9860881227539784
loot_22.ply,loot.ply,Downscaling and Color noise,3,2.283333333333,784142,196036,112.93723678588867,1.8740081787109375,0.9808531104212092
loot_23.ply,loot.ply,Downscaling and Color noise,3,1.223076923077,784142,78414,113.3370189666748,1.8758392333984375,0.9711847358199368
loot_24.ply,loot.ply,Downscaling and Geometry Gaussian noise,4,7.190384615385,784142,666521,117.48954677581787,1.9573326110839844,0.9977538280834582
loot_25.ply,loot.ply,Downscaling and Geometry Gaussian noise,4,7.28125,784142,548899,114.1580798625946,1.9301490783691406,0.9957965190807596
loot_26.ply,loot.ply,Downscaling and Geometry Gaussian noise,4,4.166666666667,784142,431278,136.4046332836151,1.9430122375488281,0.9929866760482575
loot_27.ply,loot.ply,Downscaling and Geometry Gaussian noise,4,2.376923076923,784142,313657,113.32235813140869,1.9183235168457031,0.9869854672416213
loot_28.ply,loot.ply,Downscaling and Geometry Gaussian noise,4,1.703846153846,784142,196036,113.31143403053284,1.8941154479980469,0.9819917936270149
loot_29.ply,loot.ply,Downscaling and Geometry Gaussian noise,4,1.0,784142,78414,112.74572777748108,1.8731307983398438,0.9720162885617848
loot_30.ply,loot.ply,Geometry Gaussian noise,5,7.341666666667,784142,784142,114.4375307559967,1.965667724609375,0.9989132190548566
loot_31.ply,loot.ply,Geometry Gaussian noise,5,7.765306122449,784142,784142,114.29274916648865,1.9061470031738281,0.9983801210541254
loot_32.ply,loot.ply,Geometry Gaussian noise,5,4.775,784142,784142,114.24003434181213,1.9058074951171875,0.9968299012861029
loot_33.ply,loot.ply,Geometry Gaussian noise,5,2.825,784142,784142,114.57757043838501,1.9016265869140625,0.990479118783818
loot_34.ply,loot.ply,Geometry Gaussian noise,5,2.492346938776,784142,784142,113.96726679801941,1.9086532592773438,0.9865217766329137
loot_35.ply,loot.ply,Geometry Gaussian noise,5,1.223076923077,784142,784142,115.24612855911255,1.9855308532714844,0.9782232990250588
loot_36.ply,loot.ply,Color noise and Geometry Gaussian noise,6,8.344230769231,784142,784142,114.7789077758789,1.9649276733398438,0.9984767836255335
loot_37.ply,loot.ply,Color noise and Geometry Gaussian noise,6,6.7,784142,784142,114.9676616191864,1.9818038940429688,0.9950016234418102
loot_38.ply,loot.ply,Color noise and Geometry Gaussian noise,6,4.25,784142,784142,116.45243072509766,1.9758796691894531,0.9920334229566871
loot_39.ply,loot.ply,Color noise and Geometry Gaussian noise,6,2.758333333333,784142,784142,115.28513956069946,1.8976173400878906,0.9854187800800561
loot_40.ply,loot.ply,Color noise and Geometry Gaussian noise,6,1.934615384615,784142,784142,115.62431311607361,1.916015625,0.9798582416547962
loot_41.ply,loot.ply,Color noise and Geometry Gaussian noise,6,1.2,784142,784142,115.89980554580688,1.9180335998535156,0.9704244552178078
soldier_0.ply,soldier.ply,Octree-based compression,0,8.3203125,1059810,893535,153.60093474388123,2.615825653076172,0.9946900590248072
soldier_1.ply,soldier.ply,Octree-based compression,0,5.783333333333,1059810,729863,154.64981126785278,2.6232757568359375,0.9925283929420525
soldier_2.ply,soldier.ply,Octree-based compression,0,5.832692307692,1059810,590820,153.60104155540466,2.673290252685547,0.9894846950885196
soldier_3.ply,soldier.ply,Octree-based compression,0,6.175,1059810,424062,153.93268013000488,2.6307945251464844,0.9842429561867819
soldier_4.ply,soldier.ply,Octree-based compression,0,5.083333333333,1059810,258985,152.75953221321106,2.5307235717773438,0.976295558196896
soldier_5.ply,soldier.ply,Octree-based compression,0,3.835459183673,1059810,112353,153.35328698158264,2.5986671447753906,0.9633982959086982
soldier_6.ply,soldier.ply,Color Noise,1,9.583333333333,1059810,1059810,153.04229831695557,2.659076690673828,0.9993143866302986
soldier_7.ply,soldier.ply,Color Noise,1,6.950255102041,1059810,1059810,153.33545994758606,2.6894493103027344,0.9965051729681411
soldier_8.ply,soldier.ply,Color Noise,1,5.813461538462,1059810,1059810,152.83217787742615,2.762805938720703,0.9946330379128331
soldier_9.ply,soldier.ply,Color Noise,1,6.069230769231,1059810,1059810,152.50934267044067,2.6753578186035156,0.992531396994414
soldier_10.ply,soldier.ply,Color Noise,1,4.516666666667,1059810,1059810,152.97102785110474,2.7637290954589844,0.9901940724741268
soldier_11.ply,soldier.ply,Color Noise,1,3.90943877551,1059810,1059810,152.9498472213745,2.6945724487304688,0.9876289460252249
soldier_12.ply,soldier.ply,Downscaling,2,7.615384615385,1059810,900839,153.8188226222992,2.7017898559570312,0.9965319884298384
soldier_13.ply,soldier.ply,Downscaling,2,8.5234375,1059810,741867,153.196040391922,2.6964149475097656,0.9935145596640221
soldier_14.ply,soldier.ply,Downscaling,2,7.688775510204,1059810,582896,152.2945680618286,2.606426239013672,0.9895653114172269
soldier_15.ply,soldier.ply,Downscaling,2,5.623076923077,1059810,423924,161.55443716049194,2.6455345153808594,0.9842261485065333
soldier_16.ply,soldier.ply,Downscaling,2,4.1171875,1059810,264953,151.74801754951477,2.563507080078125,0.9766045198707412
soldier_17.ply,soldier.ply,Downscaling,2,1.934615384615,1059810,105981,150.07045078277588,2.5814857482910156,0.96242130416277
soldier_18.ply,soldier.ply,Downscaling and Color noise,3,9.178571428571,1059810,900839,154.22633814811707,2.6776962280273438,0.9964370571791586
soldier_19.ply,soldier.ply,Downscaling and Color noise,3,8.1328125,1059810,741867,153.92360424995422,2.7148208618164062,0.9924275677469447
soldier_20.ply,soldier.ply,Downscaling and Color noise,3,5.765625,1059810,582896,153.54434514045715,2.6496658325195312,0.9880259928632753
soldier_21.ply,soldier.ply,Downscaling and Color noise,3,4.463461538462,1059810,423924,157.26286220550537,2.6299591064453125,0.9822643642188945
soldier_22.ply,soldier.ply,Downscaling and Color noise,3,3.1640625,1059810,264953,161.71898126602173,2.5579681396484375,0.9741027669083404
soldier_23.ply,soldier.ply,Downscaling and Color noise,3,1.491666666667,1059810,105981,164.79675793647766,2.553966522216797,0.960128667169523
soldier_24.ply,soldier.ply,Downscaling and Geometry Gaussian noise,4,7.816666666667,1059810,900839,154.300626039505,2.6396217346191406,0.99621654632431
soldier_25.ply,soldier.ply,Downscaling and Geometry Gaussian noise,4,5.833333333333,1059810,741867,154.02026796340942,2.6716651916503906,0.9927697399389074
soldier_26.ply,soldier.ply,Downscaling and Geometry Gaussian noise,4,4.5546875,1059810,582896,153.53077483177185,2.6717147827148438,0.9875151989013979
soldier_27.ply,soldier.ply,Downscaling and Geometry Gaussian noise,4,1.7265625,1059810,423924,166.21502828598022,2.6554336547851562,0.9766133066694506
soldier_28.ply,soldier.ply,Downscaling and Geometry Gaussian noise,4,1.781887755102,1059810,264953,153.5636591911316,2.532989501953125,0.9680819844071793
soldier_29.ply,soldier.ply,Downscaling and Geometry Gaussian noise,4,1.0,1059810,105981,152.74783372879028,2.5494461059570312,0.9530179786948785
soldier_30.ply,soldier.ply,Geometry Gaussian noise,5,7.825,1059810,1059810,155.45097136497498,2.660228729248047,0.9981952661299036
soldier_31.ply,soldier.ply,Geometry Gaussian noise,5,7.6640625,1059810,1059810,155.31123042106628,2.678791046142578,0.9972909132314782
soldier_32.ply,soldier.ply,Geometry Gaussian noise,5,4.334615384615,1059810,1059810,156.16338920593262,2.6901702880859375,0.9945691712572936
soldier_33.ply,soldier.ply,Geometry Gaussian noise,5,2.280769230769,1059810,1059810,155.45445036888123,2.6755828857421875,0.9831769619237751
soldier_34.ply,soldier.ply,Geometry Gaussian noise,5,1.8671875,1059810,1059810,154.9016649723053,2.750598907470703,0.9763391618290393
soldier_35.ply,soldier.ply,Geometry Gaussian noise,5,1.234693877551,1059810,1059810,156.74584650993347,2.736255645751953,0.9629970926272666
soldier_36.ply,soldier.ply,Color noise and Geometry Gaussian noise,6,8.65,1059810,1059810,181.2011501789093,2.7305679321289062,0.9980195211509626
soldier_37.ply,soldier.ply,Color noise and Geometry Gaussian noise,6,7.084183673469,1059810,1059810,155.68451571464539,2.7335853576660156,0.9954458708733708
soldier_38.ply,soldier.ply,Color noise and Geometry Gaussian noise,6,4.358333333333,1059810,1059810,155.93810105323792,2.667552947998047,0.9921527985983042
soldier_39.ply,soldier.ply,Color noise and Geometry Gaussian noise,6,2.75,1059810,1059810,155.94266629219055,2.659931182861328,0.9814141421214484
soldier_40.ply,soldier.ply,Color noise and Geometry Gaussian noise,6,2.320153061224,1059810,1059810,155.78550696372986,2.7598533630371094,0.9740056928783408
soldier_41.ply,soldier.ply,Color noise and Geometry Gaussian noise,6,1.4140625,1059810,1059810,155.8679599761963,2.7467880249023438,0.9606040986149331
Romanoillamp_0.ply,Romanoillamp.ply,Octree-based compression,0,9.116666666667,1286052,1114121,189.72028064727783,3.3599014282226562,0.996995243996473
Romanoillamp_1.ply,Romanoillamp.ply,Octree-based compression,0,9.321428571429,1286052,937005,188.6922242641449,3.1713027954101562,0.9951020948067327
Romanoillamp_2.ply,Romanoillamp.ply,Octree-based compression,0,9.682692307692,1286052,735036,189.8651282787323,3.327564239501953,0.9926921549627561
Romanoillamp_3.ply,Romanoillamp.ply,Octree-based compression,0,8.622448979592,1286052,540534,189.73289012908936,3.2023048400878906,0.9896483990431818
Romanoillamp_4.ply,Romanoillamp.ply,Octree-based compression,0,7.691326530612,1286052,369622,210.3005392551422,3.105632781982422,0.9863323960332758
Romanoillamp_5.ply,Romanoillamp.ply,Octree-based compression,0,3.6171875,1286052,201024,187.03423643112183,3.1344642639160156,0.9812210820843311
Romanoillamp_6.ply,Romanoillamp.ply,Color Noise,1,8.771683673469,1286052,1286052,190.568368434906,3.2259559631347656,0.999590948735937
Romanoillamp_7.ply,Romanoillamp.ply,Color Noise,1,7.56887755102,1286052,1286052,192.07347583770752,3.2806472778320312,0.9979328120089298
Romanoillamp_8.ply,Romanoillamp.ply,Color Noise,1,6.619897959184,1286052,1286052,191.6973237991333,3.281982421875,0.9968097432537961
Romanoillamp_9.ply,Romanoillamp.ply,Color Noise,1,7.808333333333,1286052,1286052,195.68633389472961,3.2912063598632812,0.9955249953639074
Romanoillamp_10.ply,Romanoillamp.ply,Color Noise,1,6.953125,1286052,1286052,190.21368765830994,3.2160186767578125,0.9941104968329058
Romanoillamp_11.ply,Romanoillamp.ply,Color Noise,1,6.2265625,1286052,1286052,190.4126217365265,3.228260040283203,0.9925376679473777
Romanoillamp_12.ply,Romanoillamp.ply,Downscaling,2,7.941666666667,1286052,1093144,191.37679505348206,3.2925872802734375,0.9969888139946866
Romanoillamp_13.ply,Romanoillamp.ply,Downscaling,2,8.163461538462,1286052,900236,190.38836073875427,3.2331008911132812,0.9949056691868454
Romanoillamp_14.ply,Romanoillamp.ply,Downscaling,2,8.25,1286052,707329,190.73567128181458,3.2680816650390625,0.9924214357854817
Romanoillamp_15.ply,Romanoillamp.ply,Downscaling,2,7.544230769231,1286052,514421,189.16857600212097,3.2054824829101562,0.9892329449537429
Romanoillamp_16.ply,Romanoillamp.ply,Downscaling,2,5.125,1286052,321513,188.14197444915771,3.1116256713867188,0.9848314911321348
Romanoillamp_17.ply,Romanoillamp.ply,Downscaling,2,2.723076923077,1286052,128605,186.56025576591492,3.115386962890625,0.9773822416817797
Romanoillamp_18.ply,Romanoillamp.ply,Downscaling and Color noise,3,9.553571428571,1286052,1093144,191.14438724517822,3.1604690551757812,0.9969532387335792
Romanoillamp_19.ply,Romanoillamp.ply,Downscaling and Color noise,3,8.71875,1286052,900236,190.87410044670105,3.2705764770507812,0.9944610627438496
Romanoillamp_20.ply,Romanoillamp.ply,Downscaling and Color noise,3,7.296153846154,1286052,707329,189.19709539413452,3.235462188720703,0.9917179296721834
Romanoillamp_21.ply,Romanoillamp.ply,Downscaling and Color noise,3,6.198076923077,1286052,514421,188.93106317520142,3.2175254821777344,0.9882778597297678
Romanoillamp_22.ply,Romanoillamp.ply,Downscaling and Color noise,3,6.667091836735,1286052,321513,187.44342827796936,3.1394500732421875,0.9835853679227146
Romanoillamp_23.ply,Romanoillamp.ply,Downscaling and Color noise,3,2.6,1286052,128605,186.98057389259338,3.072437286376953,0.9759696558350681
Romanoillamp_24.ply,Romanoillamp.ply,Downscaling and Geometry Gaussian noise,4,8.008333333333,1286052,1093144,189.69479775428772,3.2081832885742188,0.9968835864873941
Romanoillamp_25.ply,Romanoillamp.ply,Downscaling and Geometry Gaussian noise,4,8.7734375,1286052,900236,199.818133354187,3.29901123046875,0.994564900842173
Romanoillamp_26.ply,Romanoillamp.ply,Downscaling and Geometry Gaussian noise,4,6.533333333333,1286052,707329,188.32470536231995,3.2411727905273438,0.9912998328067272
Romanoillamp_27.ply,Romanoillamp.ply,Downscaling and Geometry Gaussian noise,4,3.125,1286052,514421,187.8353750705719,3.2040061950683594,0.9847474412218635
Romanoillamp_28.ply,Romanoillamp.ply,Downscaling and Geometry Gaussian noise,4,2.411989795918,1286052,321513,186.2843360900879,3.122821807861328,0.980126538482495
Romanoillamp_29.ply,Romanoillamp.ply,Downscaling and Geometry Gaussian noise,4,1.433333333333,1286052,128605,189.1904935836792,3.1142425537109375,0.9725774557810876
Romanoillamp_30.ply,Romanoillamp.ply,Geometry Gaussian noise,5,9.40625,1286052,1286052,192.46782755851746,3.2465286254882812,0.9982540060325897
Romanoillamp_31.ply,Romanoillamp.ply,Geometry Gaussian noise,5,7.008333333333,1286052,1286052,190.033855676651,3.299053192138672,0.9974733064894745
Romanoillamp_32.ply,Romanoillamp.ply,Geometry Gaussian noise,5,6.166666666667,1286052,1286052,189.94843292236328,3.299732208251953,0.9955436676901739
Romanoillamp_33.ply,Romanoillamp.ply,Geometry Gaussian noise,5,3.936224489796,1286052,1286052,189.91885662078857,3.3335418701171875,0.988158269475192
Romanoillamp_34.ply,Romanoillamp.ply,Geometry Gaussian noise,5,3.7734375,1286052,1286052,190.41421270370483,3.2633590698242188,0.9841175660976035
Romanoillamp_35.ply,Romanoillamp.ply,Geometry Gaussian noise,5,1.5703125,1286052,1286052,190.59371876716614,3.2904510498046875,0.9769345297599735
Romanoillamp_36.ply,Romanoillamp.ply,Color noise and Geometry Gaussian noise,6,8.433333333333,1286052,1286052,189.59866189956665,3.2064247131347656,0.998201336381276
Romanoillamp_37.ply,Romanoillamp.ply,Color noise and Geometry Gaussian noise,6,8.5625,1286052,1286052,189.60856175422668,3.241527557373047,0.996673904051662
Romanoillamp_38.ply,Romanoillamp.ply,Color noise and Geometry Gaussian noise,6,7.1953125,1286052,1286052,189.58751678466797,3.197162628173828,0.9944225724122603
Romanoillamp_39.ply,Romanoillamp.ply,Color noise and Geometry Gaussian noise,6,3.545918367347,1286052,1286052,190.29003167152405,3.208576202392578,0.9872971478713499
Romanoillamp_40.ply,Romanoillamp.ply,Color noise and Geometry Gaussian noise,6,2.811538461538,1286052,1286052,189.7963650226593,3.1983795166015625,0.9829560468487456
Romanoillamp_41.ply,Romanoillamp.ply,Color noise and Geometry Gaussian noise,6,1.223076923077,1286052,1286052,191.50727224349976,3.296672821044922,0.9756189071129889
longdress_0.ply,longdress.ply,Octree-based compression,0,8.501275510204,806806,679634,117.24712800979614,2.0772438049316406,0.9937807514394769
longdress_1.ply,longdress.ply,Octree-based compression,0,6.159615384615,806806,554531,116.93933081626892,1.9971084594726562,0.9909673155775323
longdress_2.ply,longdress.ply,Octree-based compression,0,6.3046875,806806,448527,116.9381320476532,1.945709228515625,0.9874339337720873
longdress_3.ply,longdress.ply,Octree-based compression,0,5.5078125,806806,320978,116.50905752182007,1.931488037109375,0.981616005386332
longdress_4.ply,longdress.ply,Octree-based compression,0,7.117346938776,806806,196265,116.34715509414673,1.9599571228027344,0.9731787423873114
longdress_5.ply,longdress.ply,Octree-based compression,0,3.40625,806806,84742,115.63645315170288,1.9400253295898438,0.9605038123345842
longdress_6.ply,longdress.ply,Color Noise,1,9.682692307692,806806,806806,116.73621034622192,2.0455780029296875,0.9993673995720079
longdress_7.ply,longdress.ply,Color Noise,1,7.526923076923,806806,806806,116.77477622032166,2.086162567138672,0.996806469426813
longdress_8.ply,longdress.ply,Color Noise,1,6.709615384615,806806,806806,116.42013359069824,2.0602684020996094,0.9951015407756348
longdress_9.ply,longdress.ply,Color Noise,1,4.927295918367,806806,806806,116.48905611038208,2.074512481689453,0.9931693252073847
longdress_10.ply,longdress.ply,Color Noise,1,4.90625,806806,806806,116.18797492980957,2.078838348388672,0.9910423756384127
longdress_11.ply,longdress.ply,Color Noise,1,4.091666666667,806806,806806,116.09190344810486,2.0890235900878906,0.9886178260013017
longdress_12.ply,longdress.ply,Downscaling,2,8.161538461538,806806,685785,116.96126246452332,2.059032440185547,0.9955779323543997
longdress_13.ply,longdress.ply,Downscaling,2,8.38137755102,806806,564764,116.70426869392395,1.996307373046875,0.9919403223965921
longdress_14.ply,longdress.ply,Downscaling,2,7.744897959184,806806,443743,116.62059879302979,1.9408760070800781,0.987396698184068
longdress_15.ply,longdress.ply,Downscaling,2,5.7578125,806806,322722,116.09853863716125,1.9315872192382812,0.9815222935978449
longdress_16.ply,longdress.ply,Downscaling,2,4.421875,806806,201702,115.05858397483826,1.9108314514160156,0.9733821136712645
longdress_17.ply,longdress.ply,Downscaling,2,2.126923076923,806806,80681,115.57983613014221,1.9264678955078125,0.9594127107239007
longdress_18.ply,longdress.ply,Downscaling and Color noise,3,9.171875,806806,685785,124.48583221435547,2.0303878784179688,0.9954814209175172
longdress_19.ply,longdress.ply,Downscaling and Color noise,3,6.783333333333,806806,564764,116.55405139923096,1.982147216796875,0.991085082768196
longdress_20.ply,longdress.ply,Downscaling and Color noise,3,5.849489795918,806806,443743,116.29818940162659,1.9538154602050781,0.9861158646784721
longdress_21.ply,longdress.ply,Downscaling and Color noise,3,4.136538461538,806806,322722,115.51628828048706,1.9584922790527344,0.9797914801753955
longdress_22.ply,longdress.ply,Downscaling and Color noise,3,3.623724489796,806806,201702,124.26228928565979,1.9402236938476562,0.9714230255546702
longdress_23.ply,longdress.ply,Downscaling and Color noise,3,1.790384615385,806806,80681,116.47459697723389,1.9504661560058594,0.9571665382545467
longdress_24.ply,longdress.ply,Downscaling and Geometry Gaussian noise,4,7.833333333333,806806,685785,120.4914915561676,2.0027236938476562,0.9952085371657269
longdress_25.ply,longdress.ply,Downscaling and Geometry Gaussian noise,4,6.640384615385,806806,564764,126.5797746181488,2.0045127868652344,0.9911524098108664
longdress_26.ply,longdress.ply,Downscaling and Geometry Gaussian noise,4,5.166666666667,806806,443743,117.25305891036987,1.978271484375,0.9853643468587886
longdress_27.ply,longdress.ply,Downscaling and Geometry Gaussian noise,4,3.191666666667,806806,322722,117.24416828155518,1.9401588439941406,0.9737863410632105
longdress_28.ply,longdress.ply,Downscaling and Geometry Gaussian noise,4,1.4453125,806806,201702,116.1691541671753,1.9442100524902344,0.9653399911612496
longdress_29.ply,longdress.ply,Downscaling and Geometry Gaussian noise,4,1.075,806806,80681,115.36208891868591,1.9244194030761719,0.9508383962742318
longdress_30.ply,longdress.ply,Geometry Gaussian noise,5,7.358333333333,806806,806806,117.42316961288452,2.03021240234375,0.9976569043355983
longdress_31.ply,longdress.ply,Geometry Gaussian noise,5,6.985969387755,806806,806806,137.93438410758972,2.110668182373047,0.9964839828058627
longdress_32.ply,longdress.ply,Geometry Gaussian noise,5,4.55,806806,806806,117.80196166038513,2.0683059692382812,0.9932979540393765
longdress_33.ply,longdress.ply,Geometry Gaussian noise,5,2.515625,806806,806806,118.18690824508667,2.0070114135742188,0.9808250854890598
longdress_34.ply,longdress.ply,Geometry Gaussian noise,5,1.987244897959,806806,806806,118.29387307167053,2.0230484008789062,0.9736203117318923
longdress_35.ply,longdress.ply,Geometry Gaussian noise,5,1.448979591837,806806,806806,118.50288462638855,2.100292205810547,0.9606578508551344
longdress_36.ply,longdress.ply,Color noise and Geometry Gaussian noise,6,8.325,806806,806806,151.82698249816895,2.0469512939453125,0.9975207807995273
longdress_37.ply,longdress.ply,Color noise and Geometry Gaussian noise,6,6.008333333333,806806,806806,117.7441475391388,2.011211395263672,0.9950154672708589
longdress_38.ply,longdress.ply,Color noise and Geometry Gaussian noise,6,4.825,806806,806806,117.6360011100769,2.091144561767578,0.9913362402568516
longdress_39.ply,longdress.ply,Color noise and Geometry Gaussian noise,6,2.330769230769,806806,806806,118.41585159301758,2.081745147705078,0.9792234342507996
longdress_40.ply,longdress.ply,Color noise and Geometry Gaussian noise,6,1.783333333333,806806,806806,118.49263119697571,2.09576416015625,0.9715125427322615
longdress_41.ply,longdress.ply,Color noise and Geometry Gaussian noise,6,1.433333333333,806806,806806,117.67655324935913,2.0711288452148438,0.9583093341337262
statue_0.ply,statue.ply,Octree-based compression,0,6.908333333333,499886,429261,76.01058959960938,1.2966232299804688,0.9924023684372674
statue_1.ply,statue.ply,Octree-based compression,0,7.6328125,499886,342017,80.74492025375366,1.2187118530273438,0.9887221199025746
statue_2.ply,statue.ply,Octree-based compression,0,6.168367346939,499886,273224,75.71451425552368,1.2118568420410156,0.9843798185203434
statue_3.ply,statue.ply,Octree-based compression,0,4.938775510204,499886,200229,73.42030763626099,1.23431396484375,0.9784166531482809
statue_4.ply,statue.ply,Octree-based compression,0,3.015625,499886,124970,72.9372022151947,1.2103233337402344,0.970160871636334
statue_5.ply,statue.ply,Octree-based compression,0,1.453125,499886,49749,72.98824548721313,1.2142562866210938,0.9565354881392115
statue_6.ply,statue.ply,Color Noise,1,7.40625,499886,499886,74.32274198532104,1.2606735229492188,0.9995071743715965
statue_7.ply,statue.ply,Color Noise,1,5.459183673469,499886,499886,74.41723465919495,1.2408103942871094,0.9974750405485459
statue_8.ply,statue.ply,Color Noise,1,6.4,499886,499886,74.60348916053772,1.2122650146484375,0.9961153764456979
statue_9.ply,statue.ply,Color Noise,1,5.899234693878,499886,499886,74.50237441062927,1.2398185729980469,0.9946032508075692
statue_10.ply,statue.ply,Color Noise,1,6.588461538462,499886,499886,74.44091153144836,1.2268753051757812,0.9928485189194634
statue_11.ply,statue.ply,Color Noise,1,5.107692307692,499886,499886,74.51208829879761,1.2581672668457031,0.9909394588141138
statue_12.ply,statue.ply,Downscaling,2,7.825,499886,424903,75.31009936332703,1.1986122131347656,0.9950148504492217
statue_13.ply,statue.ply,Downscaling,2,6.133333333333,499886,349920,74.5097587108612,1.2178001403808594,0.990986765764647
statue_14.ply,statue.ply,Downscaling,2,6.054846938776,499886,274937,74.25876975059509,1.2113227844238281,0.9860594018131836
statue_15.ply,statue.ply,Downscaling,2,3.965384615385,499886,199954,73.84421873092651,1.2159957885742188,0.9797194523485258
statue_16.ply,statue.ply,Downscaling,2,3.4921875,499886,124972,73.5549910068512,1.2402191162109375,0.9712762747604959
statue_17.ply,statue.ply,Downscaling,2,1.1875,499886,49989,76.59840774536133,1.2248916625976562,0.9570725610532073
statue_18.ply,statue.ply,Downscaling and Color noise,3,7.141666666667,499886,424903,74.81303715705872,1.2528305053710938,0.994961343533006
statue_19.ply,statue.ply,Downscaling and Color noise,3,6.762755102041,499886,349920,74.73754715919495,1.2078819274902344,0.9904895123544567
statue_20.ply,statue.ply,Downscaling and Color noise,3,6.1328125,499886,274937,74.4202024936676,1.1927871704101562,0.9852632134316912
statue_21.ply,statue.ply,Downscaling and Color noise,3,3.441326530612,499886,199954,73.67854857444763,1.1996307373046875,0.9785447625245032
statue_22.ply,statue.ply,Downscaling and Color noise,3,2.5546875,499886,124972,73.4740936756134,1.2244949340820312,0.9698478770824204
statue_23.ply,statue.ply,Downscaling and Color noise,3,1.0,499886,49989,73.23843789100647,1.2088813781738281,0.9559561828241678
statue_24.ply,statue.ply,Downscaling and Geometry Gaussian noise,4,5.813775510204,499886,424903,74.94848918914795,1.2736473083496094,0.994772342360998
statue_25.ply,statue.ply,Downscaling and Geometry Gaussian noise,4,5.808673469388,499886,349920,74.58540058135986,1.2126045227050781,0.9904323685102684
statue_26.ply,statue.ply,Downscaling and Geometry Gaussian noise,4,4.765625,499886,274937,74.21561598777771,1.2166061401367188,0.9845436899438224
statue_27.ply,statue.ply,Downscaling and Geometry Gaussian noise,4,1.916666666667,499886,199954,73.94593596458435,1.1990623474121094,0.9743985283374289
statue_28.ply,statue.ply,Downscaling and Geometry Gaussian noise,4,2.073979591837,499886,124972,73.74034333229065,1.211639404296875,0.9654570548604525
statue_29.ply,statue.ply,Downscaling and Geometry Gaussian noise,4,1.0,499886,49989,73.03969955444336,1.2126846313476562,0.9515596793835228
statue_30.ply,statue.ply,Geometry Gaussian noise,5,6.795918367347,499886,499886,77.94425868988037,1.24932861328125,0.9976623520241789
statue_31.ply,statue.ply,Geometry Gaussian noise,5,6.525,499886,499886,74.99056386947632,1.2122611999511719,0.9966164797600842
statue_32.ply,statue.ply,Geometry Gaussian noise,5,6.536989795918,499886,499886,74.73625874519348,1.2197723388671875,0.9940638893285678
statue_33.ply,statue.ply,Geometry Gaussian noise,5,2.85,499886,499886,81.09139800071716,1.2325248718261719,0.9835076366506963
statue_34.ply,statue.ply,Geometry Gaussian noise,5,1.625,499886,499886,76.5733106136322,1.232940673828125,0.9769690269140471
statue_35.ply,statue.ply,Geometry Gaussian noise,5,1.690051020408,499886,499886,74.73960614204407,1.2200279235839844,0.9646252819230877
statue_36.ply,statue.ply,Color noise and Geometry Gaussian noise,6,8.121153846154,499886,499886,74.44169282913208,1.2426490783691406,0.9975801828839009
statue_37.ply,statue.ply,Color noise and Geometry Gaussian noise,6,6.784615384615,499886,499886,74.64692282676697,1.2121086120605469,0.9955889180691121
statue_38.ply,statue.ply,Color noise and Geometry Gaussian noise,6,5.184615384615,499886,499886,77.48822498321533,1.2264595031738281,0.9926622149913686
statue_39.ply,statue.ply,Color noise and Geometry Gaussian noise,6,3.1796875,499886,499886,75.22927618026733,1.24420166015625,0.982166163544713
statue_40.ply,statue.ply,Color noise and Geometry Gaussian noise,6,2.463010204082,499886,499886,74.57293319702148,1.2147445678710938,0.9755589583856622
statue_41.ply,statue.ply,Color noise and Geometry Gaussian noise,6,1.617307692308,499886,499886,75.02426147460938,1.2252540588378906,0.9631218855427077
shiva_0.ply,shiva.ply,Octree-based compression,0,6.558333333333,1010591,863259,136.8659200668335,2.3353424072265625,0.991497513774435
shiva_1.ply,shiva.ply,Octree-based compression,0,7.834615384615,1010591,724426,136.71550965309143,2.3493614196777344,0.9881918663680133
shiva_2.ply,shiva.ply,Octree-based compression,0,7.767307692308,1010591,553120,136.13746213912964,2.2978973388671875,0.9816766606339108
shiva_3.ply,shiva.ply,Octree-based compression,0,5.991666666667,1010591,389367,136.17078137397766,2.214893341064453,0.9730072584570826
shiva_4.ply,shiva.ply,Octree-based compression,0,6.6171875,1010591,245870,135.50463342666626,2.2045249938964844,0.9627052462902612
shiva_5.ply,shiva.ply,Octree-based compression,0,3.262755102041,1010591,109898,135.4541027545929,2.219837188720703,0.944611659427619
shiva_6.ply,shiva.ply,Color Noise,1,8.5,1010591,1010591,137.7344889640808,2.3423614501953125,0.9994252878539485
shiva_7.ply,shiva.ply,Color Noise,1,6.917091836735,1010591,1010591,137.57908582687378,2.3787803649902344,0.9970759717758819
shiva_8.ply,shiva.ply,Color Noise,1,7.844230769231,1010591,1010591,137.09181141853333,2.303730010986328,0.9955007019596915
shiva_9.ply,shiva.ply,Color Noise,1,7.622448979592,1010591,1010591,137.50844287872314,2.3533973693847656,0.9936988218045849
shiva_10.ply,shiva.ply,Color Noise,1,6.784615384615,1010591,1010591,137.39912462234497,2.3273658752441406,0.9916292521106216
shiva_11.ply,shiva.ply,Color Noise,1,6.244897959184,1010591,1010591,137.44128441810608,2.3749351501464844,0.9892624367357179
shiva_12.ply,shiva.ply,Downscaling,2,6.975,1010591,859002,138.60375237464905,2.2899932861328125,0.9934114841083811
shiva_13.ply,shiva.ply,Downscaling,2,6.816666666667,1010591,707414,138.12958097457886,2.3556442260742188,0.9884286323186001
shiva_14.ply,shiva.ply,Downscaling,2,6.591666666667,1010591,555825,138.26758456230164,2.2667770385742188,0.9823242372936658
shiva_15.ply,shiva.ply,Downscaling,2,6.331632653061,1010591,404236,136.8607213497162,2.190093994140625,0.9744660593198922
shiva_16.ply,shiva.ply,Downscaling,2,5.94387755102,1010591,252648,147.49839878082275,2.2591781616210938,0.9635432771079323
shiva_17.ply,shiva.ply,Downscaling,2,3.4609375,1010591,101059,136.04893231391907,2.2769432067871094,0.9428345558123398
shiva_18.ply,shiva.ply,Downscaling and Color noise,3,7.401785714286,1010591,859002,138.58503341674805,2.3357009887695312,0.993379319131628
shiva_19.ply,shiva.ply,Downscaling and Color noise,3,6.833333333333,1010591,707414,137.06983518600464,2.3745956420898438,0.9879199485154133
shiva_20.ply,shiva.ply,Downscaling and Color noise,3,7.9921875,1010591,555825,136.90257930755615,2.319690704345703,0.9815196487821234
shiva_21.ply,shiva.ply,Downscaling and Color noise,3,6.001923076923,1010591,404236,136.74498200416565,2.2039146423339844,0.9733983293271279
shiva_22.ply,shiva.ply,Downscaling and Color noise,3,5.0078125,1010591,252648,143.35201859474182,2.2121963500976562,0.9624436030487781
shiva_23.ply,shiva.ply,Downscaling and Color noise,3,2.955357142857,1010591,101059,163.37982439994812,2.2222862243652344,0.9414185557276631
shiva_24.ply,shiva.ply,Downscaling and Geometry Gaussian noise,4,6.525,1010591,859002,137.5042691230774,2.332366943359375,0.9926117804641725
shiva_25.ply,shiva.ply,Downscaling and Geometry Gaussian noise,4,7.78125,1010591,707414,136.80268144607544,2.279682159423828,0.9876518252966092
shiva_26.ply,shiva.ply,Downscaling and Geometry Gaussian noise,4,5.724489795918,1010591,555825,136.19023180007935,2.3217506408691406,0.9794999246267828
shiva_27.ply,shiva.ply,Downscaling and Geometry Gaussian noise,4,3.3984375,1010591,404236,136.24402785301208,2.257049560546875,0.962882609696839
shiva_28.ply,shiva.ply,Downscaling and Geometry Gaussian noise,4,2.021153846154,1010591,252648,135.82596492767334,2.2454833984375,0.9505226924088702
shiva_29.ply,shiva.ply,Downscaling and Geometry Gaussian noise,4,1.216666666667,1010591,101059,135.4597201347351,2.2334213256835938,0.927319283494456
shiva_30.ply,shiva.ply,Geometry Gaussian noise,5,8.8359375,1010591,1010591,138.1105237007141,2.3030929565429688,0.9942745304116153
shiva_31.ply,shiva.ply,Geometry Gaussian noise,5,6.825,1010591,1010591,148.25731778144836,2.391918182373047,0.99313487023143
shiva_32.ply,shiva.ply,Geometry Gaussian noise,5,5.75,1010591,1010591,140.68750929832458,2.3328704833984375,0.9891794196979262
shiva_33.ply,shiva.ply,Geometry Gaussian noise,5,2.830769230769,1010591,1010591,145.6629455089569,2.3367347717285156,0.9710181458771424
shiva_34.ply,shiva.ply,Geometry Gaussian noise,5,2.320153061224,1010591,1010591,139.35825872421265,2.3933181762695312,0.9609001710548735
shiva_35.ply,shiva.ply,Geometry Gaussian noise,5,1.600765306122,1010591,1010591,139.51536870002747,2.3100814819335938,0.9408990664853766
shiva_36.ply,shiva.ply,Color noise and Geometry Gaussian noise,6,7.084183673469,1010591,1010591,139.10274028778076,2.3116989135742188,0.994222068443026
shiva_37.ply,shiva.ply,Color noise and Geometry Gaussian noise,6,6.673469387755,1010591,1010591,138.15754199028015,2.303497314453125,0.9922979978212306
shiva_38.ply,shiva.ply,Color noise and Geometry Gaussian noise,6,5.828125,1010591,1010591,146.88681411743164,2.3848876953125,0.987852072753676
shiva_39.ply,shiva.ply,Color noise and Geometry Gaussian noise,6,3.733333333333,1010591,1010591,143.5750207901001,2.4130172729492188,0.9702430624660686
shiva_40.ply,shiva.ply,Color noise and Geometry Gaussian noise,6,3.041666666667,1010591,1010591,138.4781186580658,2.388843536376953,0.9596596070417591
shiva_41.ply,shiva.ply,Color noise and Geometry Gaussian noise,6,2.108333333333,1010591,1010591,138.06728720664978,2.3707733154296875,0.9394047588187425
hhi_0.ply,hhi.ply,Octree-based compression,0,9.516666666667,900153,765085,133.19723272323608,2.2161865234375,0.9857953018386312
hhi_1.ply,hhi.ply,Octree-based compression,0,7.7109375,900153,652130,133.29834747314453,2.1722793579101562,0.9848166322273493
hhi_2.ply,hhi.ply,Octree-based compression,0,8.9453125,900153,524283,132.5656614303589,2.209362030029297,0.9827879251831031
hhi_3.ply,hhi.ply,Octree-based compression,0,7.371153846154,900153,360866,131.47052645683289,2.166240692138672,0.979217362124585
hhi_4.ply,hhi.ply,Octree-based compression,0,4.183333333333,900153,222262,130.9812364578247,2.2097854614257812,0.9741112468300582
hhi_5.ply,hhi.ply,Octree-based compression,0,1.953125,900153,92570,130.49245381355286,2.2037124633789062,0.962594084856057
hhi_6.ply,hhi.ply,Color Noise,1,9.796875,900153,900153,133.7657072544098,2.221416473388672,0.9988567326005219
hhi_7.ply,hhi.ply,Color Noise,1,6.776923076923,900153,900153,134.47744178771973,2.2658119201660156,0.9942505616018081
hhi_8.ply,hhi.ply,Color Noise,1,6.107692307692,900153,900153,134.2906048297882,2.2938232421875,0.9910810696897733
hhi_9.ply,hhi.ply,Color Noise,1,6.140625,900153,900153,145.6823320388794,2.3550796508789062,0.9869025363724664
hhi_10.ply,hhi.ply,Color Noise,1,4.808333333333,900153,900153,134.16637015342712,2.310199737548828,0.9809647987422947
hhi_11.ply,hhi.ply,Color Noise,1,5.021153846154,900153,900153,134.15756750106812,2.3228530883789062,0.9726123391465371
hhi_12.ply,hhi.ply,Downscaling,2,8.741666666667,900153,765129,138.67764902114868,2.3386611938476562,0.996400493332405
hhi_13.ply,hhi.ply,Downscaling,2,6.534615384615,900153,630106,134.6247980594635,2.3096237182617188,0.9936506429527392
hhi_14.ply,hhi.ply,Downscaling,2,7.015625,900153,495084,133.18774104118347,2.1899375915527344,0.9901394298643248
hhi_15.ply,hhi.ply,Downscaling,2,4.9296875,900153,360061,140.02384066581726,2.133922576904297,0.9855348019668362
hhi_16.ply,hhi.ply,Downscaling,2,4.05612244898,900153,225038,143.44747304916382,2.2012367248535156,0.9792851621095171
hhi_17.ply,hhi.ply,Downscaling,2,1.785714285714,900153,90015,140.08429312705994,2.180767059326172,0.9654510930762439
hhi_18.ply,hhi.ply,Downscaling and Color noise,3,8.238461538462,900153,765129,135.15323734283447,2.2799949645996094,0.9960759998198658
hhi_19.ply,hhi.ply,Downscaling and Color noise,3,7.399234693878,900153,630106,134.45981335639954,2.347869873046875,0.9907500271081404
hhi_20.ply,hhi.ply,Downscaling and Color noise,3,5.016666666667,900153,495084,133.3246784210205,2.1668739318847656,0.9856845880324467
hhi_21.ply,hhi.ply,Downscaling and Color noise,3,4.308333333333,900153,360061,133.17134475708008,2.182811737060547,0.9787358701884292
hhi_22.ply,hhi.ply,Downscaling and Color noise,3,2.4453125,900153,225038,132.010409116745,2.150714874267578,0.969200571039909
hhi_23.ply,hhi.ply,Downscaling and Color noise,3,1.905769230769,900153,90015,131.8412823677063,2.1772117614746094,0.9520129053422917
hhi_24.ply,hhi.ply,Downscaling and Geometry Gaussian noise,4,7.680769230769,900153,765130,134.06200742721558,2.2322158813476562,0.9961925050164948
hhi_25.ply,hhi.ply,Downscaling and Geometry Gaussian noise,4,6.366666666667,900153,630107,137.6983962059021,2.2800559997558594,0.9930284682608337
hhi_26.ply,hhi.ply,Downscaling and Geometry Gaussian noise,4,4.5625,900153,495084,135.08763480186462,2.1586456298828125,0.988478324613713
hhi_27.ply,hhi.ply,Downscaling and Geometry Gaussian noise,4,2.208333333333,900153,360061,154.66678380966187,2.1940460205078125,0.979260351411228
hhi_28.ply,hhi.ply,Downscaling and Geometry Gaussian noise,4,1.540384615385,900153,225038,132.5233542919159,2.164348602294922,0.9712790954655662
hhi_29.ply,hhi.ply,Downscaling and Geometry Gaussian noise,4,1.0,900153,90015,132.26661276817322,2.168109893798828,0.9567806739307543
hhi_30.ply,hhi.ply,Geometry Gaussian noise,5,9.464285714286,900153,900153,135.7165904045105,2.259357452392578,0.9980683781893829
hhi_31.ply,hhi.ply,Geometry Gaussian noise,5,8.3125,900153,900153,134.61621713638306,2.2891159057617188,0.9970817554883903
hhi_32.ply,hhi.ply,Geometry Gaussian noise,5,6.836734693878,900153,900153,135.17998361587524,2.313312530517578,0.9945154902322948
hhi_33.ply,hhi.ply,Geometry Gaussian noise,5,3.475,900153,900153,136.9468023777008,2.272430419921875,0.985018835102378
hhi_34.ply,hhi.ply,Geometry Gaussian noise,5,1.867307692308,900153,900153,134.9468765258789,2.2583389282226562,0.9792656367205363
hhi_35.ply,hhi.ply,Geometry Gaussian noise,5,1.1953125,900153,900153,135.03895831108093,2.3705596923828125,0.967310753205663
hhi_36.ply,hhi.ply,Color noise and Geometry Gaussian noise,6,8.219230769231,900153,900152,135.6729474067688,2.3310699462890625,0.9975940740018775
hhi_37.ply,hhi.ply,Color noise and Geometry Gaussian noise,6,5.842307692308,900153,900152,134.35303616523743,2.2981948852539062,0.9931308313698465
hhi_38.ply,hhi.ply,Color noise and Geometry Gaussian noise,6,4.920918367347,900153,900152,135.31560158729553,2.3094482421875,0.9887235584428069
hhi_39.ply,hhi.ply,Color noise and Geometry Gaussian noise,6,2.4921875,900153,900152,136.24225783348083,2.3278045654296875,0.9782795053577912
hhi_40.ply,hhi.ply,Color noise and Geometry Gaussian noise,6,2.083333333333,900153,900152,134.9999463558197,2.3016586303710938,0.9693992623972167
hhi_41.ply,hhi.ply,Color noise and Geometry Gaussian noise,6,1.5,900153,900152,135.17468523979187,2.2364883422851562,0.9539939211916172
